date,campaign_id,channel,audience,spend,impressions,clicks,acquisitions,revenue,contribution_profit,month
2025-01-01,Search_Prospecting,Search,Prospecting,4605.2,5249,179,11,25085.48,13797.01,2025-01
2025-01-01,Search_Retention,Search,Retention,14350.98,14835,507,28,43429.51,23886.23,2025-01
2025-01-01,Social_Prospecting,Social,Prospecting,7834.04,16016,358,8,17715.98,9743.79,2025-01
2025-01-01,Social_Retention,Social,Retention,6088.7,15586,335,10,16234.32,8928.88,2025-01
2025-01-01,Email_Prospecting,Email,Prospecting,3752.09,14407,1013,87,163609.06,89984.98,2025-01
2025-01-01,Email_Retention,Email,Retention,3856.52,13562,927,83,145241.14,79882.63,2025-01
2025-01-01,Display_Prospecting,Display,Prospecting,2466.87,14749,140,1,1611.8,886.49,2025-01
2025-01-01,Display_Retention,Display,Retention,2581.39,15651,147,4,8256.53,4541.09,2025-01
2025-01-01,Affiliate_Prospecting,Affiliate,Prospecting,2990.22,7879,216,6,12208.33,6714.58,2025-01
2025-01-01,Affiliate_Retention,Affiliate,Retention,6284.9,14930,408,25,48571.59,26714.37,2025-01
2025-01-02,Search_Prospecting,Search,Prospecting,5148.33,5267,195,10,18268.23,10047.53,2025-01
2025-01-02,Search_Retention,Search,Retention,11433.25,11828,427,20,34697.5,19083.62,2025-01
2025-01-02,Social_Prospecting,Social,Prospecting,4376.5,10080,223,7,15058.51,8282.18,2025-01
2025-01-02,Social_Retention,Social,Retention,6225.05,13266,298,6,11217.01,6169.36,2025-01
2025-01-02,Email_Prospecting,Email,Prospecting,4169.89,14038,1016,82,146734.91,80704.2,2025-01
2025-01-02,Email_Retention,Email,Retention,1821.98,6257,438,48,82209.41,45215.18,2025-01
2025-01-02,Display_Prospecting,Display,Prospecting,2608.38,14699,142,1,1864.62,1025.54,2025-01
2025-01-02,Display_Retention,Display,Retention,2528.26,17568,159,3,6555.87,3605.73,2025-01
2025-01-02,Affiliate_Prospecting,Affiliate,Prospecting,1430.35,4273,104,5,9163.23,5039.78,2025-01
2025-01-02,Affiliate_Retention,Affiliate,Retention,5252.96,14619,377,18,28489.0,15668.95,2025-01
2025-01-03,Search_Prospecting,Search,Prospecting,5618.49,6452,207,12,23672.79,13020.03,2025-01
2025-01-03,Search_Retention,Search,Retention,11537.49,12227,390,25,39154.6,21535.03,2025-01
2025-01-03,Social_Prospecting,Social,Prospecting,3362.08,7861,169,5,8567.9,4712.35,2025-01
2025-01-03,Social_Retention,Social,Retention,4286.49,10813,237,7,15127.23,8319.98,2025-01
2025-01-03,Email_Prospecting,Email,Prospecting,1150.31,4138,278,16,27599.79,15179.88,2025-01
2025-01-03,Email_Retention,Email,Retention,5069.39,16546,1170,110,185258.83,101892.36,2025-01
2025-01-03,Display_Prospecting,Display,Prospecting,1040.12,7310,61,0,0.0,0.0,2025-01
2025-01-03,Display_Retention,Display,Retention,678.27,4523,37,3,6296.66,3463.16,2025-01
2025-01-03,Affiliate_Prospecting,Affiliate,Prospecting,7164.66,15838,453,18,36527.92,20090.36,2025-01
2025-01-03,Affiliate_Retention,Affiliate,Retention,6615.06,16471,463,28,62984.61,34641.54,2025-01
2025-01-04,Search_Prospecting,Social,Prospecting,16334.34,17268,572,33,72588.44,39923.64,2025-01
2025-01-04,Search_Retention,Social,Retention,7905.69,7373,258,20,38011.86,20906.52,2025-01
2025-01-04,Social_Prospecting,Social,Prospecting,4452.79,10071,215,3,4792.4,2635.82,2025-01
2025-01-04,Social_Retention,Social,Retention,2556.68,6014,136,5,10716.5,5894.08,2025-01
2025-01-04,Email_Prospecting,Social,Prospecting,1259.19,4351,290,17,30907.06,16998.88,2025-01
2025-01-04,Email_Retention,Social,Retention,3533.01,14015,976,81,157476.83,86612.26,2025-01
2025-01-04,Display_Prospecting,Social,Prospecting,1022.19,6074,55,1,1976.83,1087.26,2025-01
2025-01-04,Display_Retention,Social,Retention,1817.85,12875,116,0,0.0,0.0,2025-01
2025-01-04,Affiliate_Prospecting,Social,Prospecting,3188.44,7507,198,10,19824.86,10903.67,2025-01
2025-01-04,Affiliate_Retention,Social,Retention,6460.52,15155,418,22,48267.84,26547.31,2025-01
2025-01-06,Email_Retention,Email,Retention,4530.38,16050,1072,104,222153.55,122184.45,2025-01
2025-01-06,Display_Prospecting,Display,Prospecting,2591.85,17039,149,1,1637.03,900.37,2025-01
2025-01-06,Display_Retention,Display,Retention,2783.54,17244,163,3,6333.42,3483.38,2025-01
2025-01-06,Affiliate_Prospecting,Affiliate,Prospecting,6375.23,16881,460,27,43029.44,23666.19,2025-01
2025-01-06,Affiliate_Retention,Affiliate,Retention,6155.13,15189,389,20,40739.7,22406.83,2025-01
2025-01-07,Search_Prospecting,Search,Prospecting,12989.15,14227,498,25,40455.67,22250.62,2025-01
2025-01-07,Search_Retention,Search,Retention,7702.28,8670,263,16,31078.31,17093.07,2025-01
2025-01-07,Social_Prospecting,Social,Prospecting,8164.11,17286,372,9,18667.87,10267.33,2025-01
2025-01-07,Social_Retention,Social,Retention,7917.33,17105,389,9,18439.89,10141.94,2025-01
2025-01-07,Email_Prospecting,Email,Prospecting,3170.99,11623,802,62,107975.6,59386.58,2025-01
2025-01-07,Email_Retention,Email,Retention,1018.02,4172,266,29,62916.0,34603.8,2025-01
2025-01-07,Display_Prospecting,Display,Prospecting,662.14,4605,43,2,3385.32,1861.93,2025-01
2025-01-07,Display_Retention,Display,Retention,809.43,5489,44,0,0.0,0.0,2025-01
2025-01-07,Affiliate_Prospecting,Affiliate,Prospecting,7141.1,16732,449,21,35507.69,19529.23,2025-01
2025-01-07,Affiliate_Retention,Affiliate,Retention,2198.26,4506,135,9,19059.18,10482.55,2025-01
2025-01-08,Search_Prospecting,Search,Prospecting,15694.21,15845,560,33,69172.97,38045.13,2025-01
2025-01-08,Search_Retention,Search,Retention,12720.02,13773,484,30,51498.21,28324.02,2025-01
2025-01-08,Social_Prospecting,Social,Prospecting,2885.6,5399,141,1,1533.88,843.63,2025-01
2025-01-08,Social_Retention,Social,Retention,6839.07,13938,312,7,13067.94,7187.37,2025-01
2025-01-08,Email_Prospecting,Email,Prospecting,3188.09,11602,830,54,105970.34,58283.69,2025-01
2025-01-08,Email_Retention,Email,Retention,4249.93,14977,1068,105,167514.27,92132.85,2025-01
2025-01-08,Display_Prospecting,Display,Prospecting,2815.13,17627,162,2,4015.41,2208.48,2025-01
2025-01-08,Display_Retention,Display,Retention,1003.41,5877,58,0,0.0,0.0,2025-01
2025-01-08,Affiliate_Prospecting,Affiliate,Prospecting,6999.99,16886,460,17,33194.5,18256.98,2025-01
2025-01-08,Affiliate_Retention,Affiliate,Retention,1681.37,4504,111,8,14761.08,8118.59,2025-01
2025-01-09,Search_Prospecting,Search,Prospecting,12065.54,11415,400,25,55921.14,30756.63,2025-01
2025-01-09,Search_Retention,Search,Retention,13599.65,12764,455,18,34115.64,18763.6,2025-01
2025-01-09,Social_Prospecting,Social,Prospecting,1682.78,4583,88,0,0.0,0.0,2025-01
2025-01-09,Social_Retention,Social,Retention,2221.22,5621,123,5,10808.69,5944.78,2025-01
2025-01-09,Email_Prospecting,Email,Prospecting,3868.58,13886,994,68,154138.55,84776.2,2025-01
2025-01-09,Email_Retention,Email,Retention,4151.51,15991,1102,92,176646.5,97155.58,2025-01
2025-01-09,Display_Prospecting,Display,Prospecting,1461.18,10534,85,5,10856.28,5970.95,2025-01
2025-01-09,Display_Retention,Display,Retention,1125.69,6292,63,0,0.0,0.0,2025-01
2025-01-09,Affiliate_Prospecting,Affiliate,Prospecting,3967.48,10716,291,18,30353.07,16694.19,2025-01
2025-01-09,Affiliate_Retention,Affiliate,Retention,4239.3,10570,283,16,25076.68,13792.17,2025-01
2025-01-10,Search_Prospecting,Search,Prospecting,8193.74,7764,283,17,35875.48,19731.51,2025-01
2025-01-10,Search_Retention,Search,Retention,6800.93,7411,251,17,36984.91,20341.7,2025-01
2025-01-10,Social_Prospecting,Social,Prospecting,3980.6,8635,186,5,8862.36,4874.3,2025-01
2025-01-10,Social_Retention,Social,Retention,4761.39,10756,243,5,11169.35,6143.14,2025-01
2025-01-10,Email_Prospecting,Email,Prospecting,3864.35,12805,890,71,131958.18,72577.0,2025-01
2025-01-10,Email_Retention,Email,Retention,3696.23,12831,888,76,152533.2,83893.26,2025-01
2025-01-10,Display_Prospecting,Display,Prospecting,1975.76,13988,115,2,4046.56,2225.61,2025-01
2025-01-10,Display_Retention,Display,Retention,3256.44,17745,183,3,6299.96,3464.98,2025-01
2025-01-10,Affiliate_Prospecting,Affiliate,Prospecting,5284.09,12918,353,19,43480.21,23914.12,2025-01
2025-01-10,Affiliate_Retention,Affiliate,Retention,3668.52,8850,231,12,18814.27,10347.85,2025-01
2025-01-11,Search_Prospecting,Search,Prospecting,6521.01,7106,256,13,20636.54,11350.1,2025-01
2025-01-11,Search_Retention,Search,Retention,12709.69,11776,423,32,66929.45,36811.2,2025-01
2025-01-11,Social_Prospecting,Social,Prospecting,4393.66,9508,205,6,9021.6,4961.88,2025-01
2025-01-11,Social_Retention,Social,Retention,6607.03,15212,337,5,11082.54,6095.4,2025-01
2025-01-11,Email_Prospecting,Email,Prospecting,3251.76,12548,847,61,120307.63,66169.2,2025-01
2025-01-11,Email_Retention,Email,Retention,3502.8,13402,955,62,109959.58,60477.77,2025-01
2025-01-11,Display_Prospecting,Display,Prospecting,1621.93,10297,94,0,0.0,0.0,2025-01
2025-01-11,Display_Retention,Display,Retention,1906.58,14046,121,2,3584.61,1971.54,2025-01
2025-01-11,Affiliate_Prospecting,Affiliate,Prospecting,2248.93,5153,146,6,10647.8,5856.29,2025-01
2025-01-11,Affiliate_Retention,Affiliate,Retention,1935.69,4940,128,9,15548.69,8551.78,2025-01
2025-01-12,Search_Prospecting,Search,Prospecting,8731.29,8853,310,23,48158.65,26487.26,2025-01
2025-01-12,Search_Retention,Search,Retention,15879.5,16557,588,42,68222.84,37522.56,2025-01
2025-01-12,Social_Prospecting,Social,Prospecting,4036.84,8858,191,7,12954.96,7125.23,2025-01
2025-01-12,Social_Retention,Social,Retention,7355.46,16240,346,13,28886.56,15887.61,2025-01
2025-01-12,Email_Prospecting,Email,Prospecting,2304.34,7738,528,35,66856.5,36771.08,2025-01
2025-01-12,Email_Retention,Email,Retention,3970.19,15026,1087,94,175224.86,96373.67,2025-01
2025-01-12,Display_Prospecting,Display,Prospecting,1278.76,7693,77,0,0.0,0.0,2025-01
2025-01-12,Display_Retention,Display,Retention,1647.36,11225,99,1,1833.29,1008.31,2025-01
2025-01-12,Affiliate_Prospecting,Affiliate,Prospecting,2238.65,6120,149,1,1891.6,1040.38,2025-01
2025-01-12,Affiliate_Retention,Affiliate,Retention,1778.62,4023,111,8,13666.23,7516.43,2025-01
2025-01-13,Search_Prospecting,Search,Prospecting,6593.08,7206,249,15,26468.83,14557.86,2025-01
2025-01-13,Search_Retention,Search,Retention,7004.33,8514,240,15,24305.45,13368.0,2025-01
2025-01-13,Social_Prospecting,Social,Prospecting,4707.08,12450,251,2,3050.05,1677.53,2025-01
2025-01-13,Social_Retention,Social,Retention,1926.3,4663,95,2,3944.31,2169.37,2025-01
2025-01-13,Email_Prospecting,Email,Prospecting,3800.73,13624,901,63,137616.77,75689.22,2025-01
2025-01-13,Email_Retention,Email,Retention,4712.41,15892,1074,100,178922.89,98407.59,2025-01
2025-01-13,Display_Prospecting,Display,Prospecting,1972.38,14277,123,2,3662.44,2014.34,2025-01
2025-01-13,Display_Retention,Display,Retention,2438.75,15384,148,0,0.0,0.0,2025-01
2025-01-13,Affiliate_Prospecting,Affiliate,Prospecting,5394.37,13829,353,21,33617.24,18489.48,2025-01
2025-01-13,Affiliate_Retention,Affiliate,Retention,2388.48,6316,159,6,13760.52,7568.29,2025-01
2025-01-14,Search_Prospecting,Search,Prospecting,6192.66,7709,239,14,31049.78,17077.38,2025-01
2025-01-14,Search_Retention,Search,Retention,4250.05,4056,159,11,16944.57,9319.51,2025-01
2025-01-14,Social_Prospecting,Social,Prospecting,3957.91,10260,219,8,15812.57,8696.91,2025-01
2025-01-14,Social_Retention,Social,Retention,5212.99,12323,255,6,11657.0,6411.35,2025-01
2025-01-14,Email_Prospecting,Email,Prospecting,3414.88,11353,806,50,95809.2,52695.06,2025-01
2025-01-14,Email_Retention,Email,Retention,2869.08,9546,692,46,74496.97,40973.33,2025-01
2025-01-14,Display_Prospecting,Display,Prospecting,1527.43,9035,83,3,5009.15,2755.03,2025-01
2025-01-14,Display_Retention,Display,Retention,2621.03,17461,158,5,9568.08,5262.44,2025-01
2025-01-14,Affiliate_Prospecting,Affiliate,Prospecting,2559.38,5242,159,11,23523.26,12937.79,2025-01
2025-01-14,Affiliate_Retention,Affiliate,Retention,5237.8,14384,386,24,54801.11,30140.61,2025-01
2025-01-15,Search_Prospecting,Search,Prospecting,16727.92,17832,636,47,84682.94,46575.62,2025-01
2025-01-15,Search_Retention,Search,Retention,9871.41,9280,340,18,31888.48,17538.66,2025-01
2025-01-15,Social_Prospecting,Social,Prospecting,2173.94,4331,101,4,6889.96,3789.48,2025-01
2025-01-15,Social_Retention,Social,Retention,7671.24,17368,386,13,22198.17,12208.99,2025-01
2025-01-15,Email_Prospecting,Email,Prospecting,1578.58,5791,395,32,50833.72,27958.55,2025-01
2025-01-15,Email_Retention,Email,Retention,1406.55,4632,327,33,73303.34,40316.84,2025-01
2025-01-15,Display_Prospecting,Display,Prospecting,841.81,5473,49,0,0.0,0.0,2025-01
2025-01-15,Display_Retention,Display,Retention,2804.58,17783,177,2,4363.09,2399.7,2025-01
2025-01-15,Affiliate_Prospecting,Affiliate,Prospecting,3502.07,9249,238,10,21080.12,11594.07,2025-01
2025-01-15,Affiliate_Retention,Affiliate,Retention,4449.69,12179,321,24,53205.54,29263.05,2025-01
2025-01-16,Search_Prospecting,Search,Prospecting,13097.61,14174,476,22,40917.52,22504.64,2025-01
2025-01-16,Search_Retention,Search,Retention,5447.67,5405,181,15,26571.87,14614.53,2025-01
2025-01-16,Social_Prospecting,Social,Prospecting,5570.58,11488,256,4,8841.56,4862.86,2025-01
2025-01-16,Social_Retention,Social,Retention,5092.47,11431,258,8,12843.23,7063.78,2025-01
2025-01-16,Email_Prospecting,Email,Prospecting,2186.46,9036,575,40,60961.75,33528.96,2025-01
2025-01-16,Email_Retention,Email,Retention,1485.53,5759,374,35,63712.63,35041.95,2025-01
2025-01-16,Display_Prospecting,Display,Prospecting,1621.76,11400,91,3,5625.02,3093.76,2025-01
2025-01-16,Display_Retention,Display,Retention,1423.27,11446,92,1,1773.92,975.66,2025-01
2025-01-16,Affiliate_Prospecting,Affiliate,Prospecting,2014.7,4799,136,10,20112.11,11061.66,2025-01
2025-01-16,Affiliate_Retention,Affiliate,Retention,5050.2,15122,369,17,31732.36,17452.8,2025-01
2025-01-17,Search_Prospecting,Search,Prospecting,15515.17,15170,511,27,47393.78,26066.58,2025-01
2025-01-17,Search_Retention,Search,Retention,5540.31,5806,194,14,26295.18,14462.35,2025-01
2025-01-17,Social_Prospecting,Social,Prospecting,6158.6,12594,288,9,13789.83,7584.41,2025-01
2025-01-17,Social_Retention,Social,Retention,8149.84,17300,371,14,26951.83,14823.51,2025-01
2025-01-17,Email_Prospecting,Email,Prospecting,3847.98,14513,981,73,142310.23,78270.63,2025-01
2025-01-17,Email_Retention,Email,Retention,3936.48,13239,956,66,117076.74,64392.21,2025-01
2025-01-17,Display_Prospecting,Display,Prospecting,2389.45,13751,136,0,0.0,0.0,2025-01
2025-01-17,Display_Retention,Display,Retention,1341.69,9714,84,1,2122.52,1167.39,2025-01
2025-01-17,Affiliate_Prospecting,Affiliate,Prospecting,6446.46,17156,450,15,24163.85,13290.12,2025-01
2025-01-17,Affiliate_Retention,Affiliate,Retention,5953.39,16048,422,29,56076.23,30841.93,2025-01
2025-01-18,Search_Prospecting,Search,Prospecting,10419.07,11643,363,17,29858.68,16422.27,2025-01
2025-01-18,Search_Retention,Search,Retention,14708.02,13819,536,39,85803.36,47191.85,2025-01
2025-01-18,Social_Prospecting,Social,Prospecting,7194.75,17474,373,13,25163.3,13839.82,2025-01
2025-01-18,Social_Retention,Social,Retention,5294.53,12543,279,8,17841.1,9812.6,2025-01
2025-01-18,Email_Prospecting,Email,Prospecting,4727.36,17362,1242,86,169314.14,93122.78,2025-01
2025-01-18,Email_Retention,Email,Retention,4677.5,16934,1209,113,241594.98,132877.24,2025-01
2025-01-18,Display_Prospecting,Display,Prospecting,781.43,5880,47,0,0.0,0.0,2025-01
2025-01-18,Display_Retention,Display,Retention,2524.0,15748,145,2,4492.64,2470.95,2025-01
2025-01-18,Affiliate_Prospecting,Affiliate,Prospecting,3091.37,8054,216,12,26494.55,14572.0,2025-01
2025-01-18,Affiliate_Retention,Affiliate,Retention,7210.94,17731,514,33,60680.28,33374.15,2025-01
2025-01-19,Search_Prospecting,Search,Prospecting,11994.62,11089,390,23,52889.36,29089.15,2025-01
2025-01-19,Search_Retention,Search,Retention,13371.82,11730,436,32,56149.16,30882.04,2025-01
2025-01-19,Social_Prospecting,Social,Prospecting,3785.6,8157,195,6,12779.83,7028.91,2025-01
2025-01-19,Social_Retention,Social,Retention,5068.13,10456,239,9,17037.05,9370.38,2025-01
2025-01-19,Email_Prospecting,Email,Prospecting,1884.67,7107,468,36,55944.53,30769.49,2025-01
2025-01-19,Email_Retention,Email,Retention,4208.33,16502,1160,104,210267.83,115647.31,2025-01
2025-01-19,Display_Prospecting,Display,Prospecting,2407.12,14454,133,4,7724.61,4248.54,2025-01
2025-01-19,Display_Retention,Display,Retention,2653.47,15523,149,2,3411.92,1876.56,2025-01
2025-01-19,Affiliate_Prospecting,Affiliate,Prospecting,3388.06,8582,232,10,16753.51,9214.43,2025-01
2025-01-19,Affiliate_Retention,Affiliate,Retention,5159.23,14532,375,15,24615.5,13538.53,2025-01
2025-01-20,Search_Prospecting,Search,Prospecting,5920.79,6271,228,21,42479.47,23363.71,2025-01
2025-01-20,Search_Retention,Search,Retention,7175.22,6454,234,20,43965.74,24181.16,2025-01
2025-01-20,Social_Prospecting,Social,Prospecting,4564.68,10362,218,4,7812.55,4296.9,2025-01
2025-01-20,Social_Retention,Social,Retention,2697.84,6692,149,6,9237.4,5080.57,2025-01
2025-01-20,Email_Prospecting,Email,Prospecting,5198.77,17033,1220,91,177357.04,97546.37,2025-01
2025-01-20,Email_Retention,Email,Retention,3581.33,12421,884,65,132685.92,72977.26,2025-01
2025-01-20,Display_Prospecting,Display,Prospecting,2397.14,15820,137,4,6550.27,3602.65,2025-01
2025-01-20,Display_Retention,Display,Retention,686.48,4925,43,1,2043.62,1123.99,2025-01
2025-01-20,Affiliate_Prospecting,Affiliate,Prospecting,1641.32,4377,117,5,8038.77,4421.32,2025-01
2025-01-20,Affiliate_Retention,Affiliate,Retention,2787.83,6997,204,10,17858.96,9822.43,2025-01
2025-01-21,Search_Prospecting,Search,Prospecting,10064.43,8791,331,23,36336.89,19985.29,2025-01
2025-01-21,Search_Retention,Search,Retention,6988.42,7707,270,19,41456.21,22800.92,2025-01
2025-01-21,Social_Prospecting,Social,Prospecting,8001.13,17476,394,16,34319.24,18875.58,2025-01
2025-01-21,Social_Retention,Social,Retention,5892.53,14559,295,9,20490.37,11269.7,2025-01
2025-01-21,Email_Prospecting,Email,Prospecting,4558.04,17390,1214,90,142436.41,78340.03,2025-01
2025-01-21,Email_Retention,Email,Retention,2643.29,9330,670,64,128417.24,70629.48,2025-01
2025-01-21,Display_Prospecting,Display,Prospecting,1750.69,9306,104,1,1954.35,1074.89,2025-01
2025-01-21,Display_Retention,Display,Retention,2540.52,16974,155,3,5329.75,2931.36,2025-01
2025-01-21,Affiliate_Prospecting,Affiliate,Prospecting,1965.42,4987,134,7,11701.42,6435.78,2025-01
2025-01-21,Affiliate_Retention,Affiliate,Retention,4059.01,9300,254,11,24662.04,13564.12,2025-01
2025-01-22,Search_Prospecting,Search,Prospecting,5616.57,6540,205,17,38065.05,20935.78,2025-01
2025-01-22,Search_Retention,Search,Retention,13211.54,12363,466,26,39551.87,21753.53,2025-01
2025-01-22,Social_Prospecting,Social,Prospecting,3694.49,8698,205,5,10646.6,5855.63,2025-01
2025-01-22,Social_Retention,Social,Retention,6138.87,14408,303,9,15446.46,8495.55,2025-01
2025-01-22,Email_Prospecting,Email,Prospecting,3397.58,13408,906,82,161984.29,89091.36,2025-01
2025-01-22,Email_Retention,Email,Retention,1825.32,6248,458,36,70254.51,38639.98,2025-01
2025-01-22,Display_Prospecting,Display,Prospecting,1688.71,12933,101,1,1594.72,877.1,2025-01
2025-01-22,Display_Retention,Display,Retention,2507.18,17750,163,5,9581.83,5270.01,2025-01
2025-01-22,Affiliate_Prospecting,Affiliate,Prospecting,3994.05,11090,273,14,27929.61,15361.29,2025-01
2025-01-22,Affiliate_Retention,Affiliate,Retention,3818.6,10491,270,15,24175.48,13296.51,2025-01
2025-01-23,Search_Prospecting,Search,Prospecting,12003.5,12039,437,32,68709.62,37790.29,2025-01
2025-01-23,Search_Retention,Search,Retention,6299.46,6638,248,16,30842.89,16963.59,2025-01
2025-01-23,Social_Prospecting,Social,Prospecting,4859.39,9170,253,8,17779.13,9778.52,2025-01
2025-01-23,Social_Retention,Social,Retention,6667.68,17909,361,15,23217.89,12769.84,2025-01
2025-01-23,Email_Prospecting,Email,Prospecting,1114.84,4066,275,27,49080.24,26994.13,2025-01
2025-01-23,Email_Retention,Email,Retention,4254.19,15685,1134,125,216104.73,118857.6,2025-01
2025-01-23,Display_Prospecting,Display,Prospecting,942.35,6771,52,1,2280.72,1254.4,2025-01
2025-01-23,Display_Retention,Display,Retention,2469.3,17501,144,3,6657.41,3661.58,2025-01
2025-01-23,Affiliate_Prospecting,Affiliate,Prospecting,2609.31,7017,178,8,14314.23,7872.83,2025-01
2025-01-23,Affiliate_Retention,Affiliate,Retention,7840.61,17605,495,20,37137.17,20425.44,2025-01
2025-01-24,Search_Prospecting,Search,Prospecting,6851.67,6710,260,11,25086.48,13797.56,2025-01
2025-01-24,Search_Retention,Search,Retention,15542.84,17029,586,47,72346.82,39790.75,2025-01
2025-01-24,Social_Prospecting,Social,Prospecting,4200.06,8974,194,5,9648.88,5306.88,2025-01
2025-01-24,Social_Retention,Social,Retention,2456.54,6150,120,5,10956.55,6026.1,2025-01
2025-01-24,Email_Prospecting,Email,Prospecting,3986.25,12748,915,68,122580.05,67419.03,2025-01
2025-01-24,Email_Retention,Email,Retention,4753.16,17283,1204,101,169974.56,93486.01,2025-01
2025-01-24,Display_Prospecting,Display,Prospecting,1864.12,14746,119,1,1898.12,1043.97,2025-01
2025-01-24,Display_Retention,Display,Retention,2503.44,14106,134,2,3778.05,2077.93,2025-01
2025-01-24,Affiliate_Prospecting,Affiliate,Prospecting,4538.85,11176,320,15,30151.31,16583.22,2025-01
2025-01-24,Affiliate_Retention,Affiliate,Retention,4193.28,10691,259,14,26326.29,14479.46,2025-01
2025-01-25,Search_Prospecting,Search,Prospecting,14337.55,14040,478,28,56135.87,30874.73,2025-01
2025-01-25,Search_Retention,Search,Retention,5106.74,4844,167,12,21560.76,11858.42,2025-01
2025-01-25,Social_Prospecting,Social,Prospecting,5434.03,12386,259,5,8024.62,4413.54,2025-01
2025-01-25,Social_Retention,Social,Retention,4509.96,9951,209,8,13744.55,7559.5,2025-01
2025-01-25,Email_Prospecting,Email,Prospecting,3017.63,11885,750,58,127963.11,70379.71,2025-01
2025-01-25,Email_Retention,Email,Retention,1489.54,5550,374,34,55009.99,30255.49,2025-01
2025-01-25,Display_Prospecting,Display,Prospecting,1628.13,9447,92,2,3111.89,1711.54,2025-01
2025-01-25,Display_Retention,Display,Retention,1319.2,7828,73,2,3717.19,2044.45,2025-01
2025-01-25,Affiliate_Prospecting,Affiliate,Prospecting,4083.27,10151,274,9,16322.83,8977.56,2025-01
2025-01-25,Affiliate_Retention,Affiliate,Retention,5756.0,15487,402,19,30489.53,16769.24,2025-01
2025-01-26,Search_Prospecting,Search,Prospecting,4421.05,4202,150,6,13464.02,7405.21,2025-01
2025-01-26,Search_Retention,Search,Retention,11024.05,10143,358,29,57733.58,31753.47,2025-01
2025-01-26,Social_Prospecting,Social,Prospecting,4798.02,10174,241,2,3790.9,2085.0,2025-01
2025-01-26,Social_Retention,Social,Retention,7748.76,16456,363,12,19043.11,10473.71,2025-01
2025-01-26,Email_Prospecting,Email,Prospecting,4086.03,13980,1042,58,99439.15,54691.53,2025-01
2025-01-26,Email_Retention,Email,Retention,1907.01,7152,497,47,76884.48,42286.46,2025-01
2025-01-26,Display_Prospecting,Display,Prospecting,979.34,7129,54,1,2045.06,1124.78,2025-01
2025-01-26,Display_Retention,Display,Retention,1020.6,6732,63,2,4461.26,2453.69,2025-01
2025-01-26,Affiliate_Prospecting,Affiliate,Prospecting,5803.09,14771,405,15,34074.23,18740.83,2025-01
2025-01-26,Affiliate_Retention,Affiliate,Retention,2281.46,5960,160,8,16965.06,9330.78,2025-01
2025-01-27,Search_Prospecting,Search,Prospecting,10745.47,12516,426,20,39138.68,21526.27,2025-01
2025-01-27,Search_Retention,Search,Retention,13357.75,14805,508,26,47529.01,26140.96,2025-01
2025-01-27,Social_Prospecting,Social,Prospecting,4347.22,10094,229,10,20838.52,11461.19,2025-01
2025-01-27,Social_Retention,Social,Retention,4305.72,10711,229,7,11538.1,6345.96,2025-01
2025-01-27,Email_Prospecting,Email,Prospecting,2491.48,9649,655,53,85225.62,46874.09,2025-01
2025-01-27,Email_Retention,Email,Retention,3084.53,10493,787,65,99326.07,54629.34,2025-01
2025-01-27,Display_Prospecting,Display,Prospecting,763.75,5190,42,2,3364.26,1850.34,2025-01
2025-01-27,Display_Retention,Display,Retention,818.0,6267,47,0,0.0,0.0,2025-01
2025-01-27,Affiliate_Prospecting,Affiliate,Prospecting,4750.95,12435,315,18,37724.7,20748.58,2025-01
2025-01-27,Affiliate_Retention,Affiliate,Retention,2461.41,5796,164,7,13329.55,7331.25,2025-01
2025-01-28,Search_Prospecting,Search,Prospecting,10074.45,11071,379,27,56408.9,31024.9,2025-01
2025-01-28,Search_Retention,Search,Retention,13166.07,12157,444,25,56712.53,31191.89,2025-01
2025-01-28,Social_Prospecting,Social,Prospecting,1975.19,4111,90,2,3150.09,1732.55,2025-01
2025-01-28,Social_Retention,Social,Retention,6366.5,14105,301,8,14449.81,7947.4,2025-01
2025-01-28,Email_Prospecting,Email,Prospecting,3688.84,12540,903,73,147955.28,81375.4,2025-01
2025-01-28,Email_Retention,Email,Retention,4998.71,17719,1234,105,199130.83,109521.96,2025-01
2025-01-28,Display_Prospecting,Display,Prospecting,1514.96,10640,91,0,0.0,0.0,2025-01
2025-01-28,Display_Retention,Display,Retention,656.87,4772,36,0,0.0,0.0,2025-01
2025-01-28,Affiliate_Prospecting,Affiliate,Prospecting,5367.39,14286,377,20,33691.94,18530.57,2025-01
2025-01-28,Affiliate_Retention,Affiliate,Retention,6224.3,16399,404,24,50284.7,27656.58,2025-01
2025-01-29,Search_Prospecting,Search,Prospecting,18254.74,16992,605,36,77378.47,42558.16,2025-01
2025-01-29,Search_Retention,Search,Retention,12166.12,11442,397,21,46668.6,25667.73,2025-01
2025-01-29,Social_Prospecting,Social,Prospecting,5636.52,13492,307,6,9576.53,5267.09,2025-01
2025-01-29,Social_Retention,Social,Retention,6263.2,16906,338,6,12970.82,7133.95,2025-01
2025-01-29,Email_Prospecting,Email,Prospecting,4077.45,14288,1026,85,139040.56,76472.31,2025-01
2025-01-29,Email_Retention,Email,Retention,3547.13,12123,830,75,132312.08,72771.64,2025-01
2025-01-29,Display_Prospecting,Display,Prospecting,2795.18,17340,171,4,6693.19,3681.25,2025-01
2025-01-29,Display_Retention,Display,Retention,2079.33,13604,121,1,1997.49,1098.62,2025-01
2025-01-29,Affiliate_Prospecting,Affiliate,Prospecting,4688.32,10233,302,15,30691.06,16880.08,2025-01
2025-01-29,Affiliate_Retention,Affiliate,Retention,4485.8,12544,326,17,28524.2,15688.31,2025-01
2025-01-30,Search_Prospecting,Search,Prospecting,8137.86,8629,288,20,42166.75,23191.71,2025-01
2025-01-30,Search_Retention,Search,Retention,11033.98,10173,363,25,47336.25,26034.94,2025-01
2025-01-30,Social_Prospecting,Social,Prospecting,7804.41,17425,389,6,11311.64,6221.4,2025-01
2025-01-30,Social_Retention,Social,Retention,6095.82,11401,279,9,16744.15,9209.28,2025-01
2025-01-30,Email_Prospecting,Email,Prospecting,3663.18,12245,869,60,125206.39,68863.51,2025-01
2025-01-30,Email_Retention,Email,Retention,1627.98,6532,436,34,68044.59,37424.52,2025-01
2025-01-30,Display_Prospecting,Display,Prospecting,1122.05,6733,66,3,6314.62,3473.04,2025-01
2025-01-30,Display_Retention,Display,Retention,1279.31,8567,79,1,1965.96,1081.28,2025-01
2025-01-30,Affiliate_Prospecting,Affiliate,Prospecting,7010.84,14511,436,21,47173.28,25945.3,2025-01
2025-01-30,Affiliate_Retention,Affiliate,Retention,6815.74,17909,473,30,55555.42,30555.48,2025-01
2025-01-31,Search_Prospecting,Search,Prospecting,7718.36,7381,289,19,33376.92,18357.31,2025-01
2025-01-31,Search_Retention,Search,Retention,17133.97,17798,633,43,75875.29,41731.41,2025-01
2025-01-31,Social_Prospecting,Social,Prospecting,4406.37,11385,233,6,12644.84,6954.66,2025-01
2025-01-31,Social_Retention,Social,Retention,2712.66,5781,145,4,8098.79,4454.33,2025-01
2025-01-31,Email_Prospecting,Email,Prospecting,4942.28,16484,1155,75,121823.83,67003.11,2025-01
2025-01-31,Email_Retention,Email,Retention,2409.57,7850,568,41,90792.12,49935.67,2025-01
2025-01-31,Display_Prospecting,Display,Prospecting,711.46,5766,45,1,1662.23,914.23,2025-01
2025-01-31,Display_Retention,Display,Retention,545.25,4154,33,0,0.0,0.0,2025-01
2025-01-31,Affiliate_Prospecting,Affiliate,Prospecting,5586.21,14273,377,9,18136.87,9975.28,2025-01
2025-01-31,Affiliate_Retention,Affiliate,Retention,1694.17,4643,119,7,10738.29,5906.06,2025-01
2025-02-01,Search_Prospecting,Search,Prospecting,17440.33,16106,574,28,46510.2,25580.61,2025-02
2025-02-01,Search_Retention,Search,Retention,6454.57,7130,219,7,15933.13,8763.22,2025-02
2025-02-01,Social_Prospecting,Social,Prospecting,3723.45,6746,174,2,3982.13,2190.17,2025-02
2025-02-01,Social_Retention,Social,Retention,7166.51,16682,385,13,27193.61,14956.49,2025-02
2025-02-01,Email_Prospecting,Email,Prospecting,4115.33,13923,983,68,122072.98,67140.14,2025-02
2025-02-01,Email_Retention,Email,Retention,1517.83,5050,354,37,66694.74,36682.11,2025-02
2025-02-01,Display_Prospecting,Display,Prospecting,970.61,6797,60,3,6163.02,3389.66,2025-02
2025-02-01,Display_Retention,Display,Retention,2051.57,15924,132,2,3760.49,2068.27,2025-02
2025-02-01,Affiliate_Prospecting,Affiliate,Prospecting,5963.85,14562,396,22,47832.08,26307.64,2025-02
2025-02-01,Affiliate_Retention,Affiliate,Retention,5262.12,14552,380,22,48577.64,26717.7,2025-02
2025-02-02,Search_Prospecting,Search,Prospecting,12197.87,13652,479,29,50148.98,27581.94,2025-02
2025-02-02,Search_Retention,Search,Retention,10405.33,10849,370,23,39645.31,21804.92,2025-02
2025-02-02,Social_Prospecting,Social,Prospecting,4332.15,9960,235,7,10577.15,5817.43,2025-02
2025-02-02,Social_Retention,Social,Retention,2060.4,4448,97,3,5406.81,2973.75,2025-02
2025-02-02,Email_Prospecting,Email,Prospecting,4574.82,15856,1162,97,153282.3,84305.26,2025-02
2025-02-02,Email_Retention,Email,Retention,3244.44,11426,767,75,150441.3,82742.71,2025-02
2025-02-02,Display_Prospecting,Display,Prospecting,1216.81,7773,74,0,0.0,0.0,2025-02
2025-02-02,Display_Retention,Display,Retention,2345.38,17008,143,5,9419.19,5180.55,2025-02
2025-02-02,Affiliate_Prospecting,Affiliate,Prospecting,2940.52,6118,180,4,6850.59,3767.82,2025-02
2025-02-02,Affiliate_Retention,Affiliate,Retention,8210.32,17692,504,26,49450.19,27197.6,2025-02
2025-02-03,Search_Prospecting,Search,Prospecting,16868.16,17817,616,32,61586.52,33872.59,2025-02
2025-02-03,Search_Retention,Search,Retention,18792.48,17595,686,52,86327.63,47480.2,2025-02
2025-02-03,Social_Prospecting,Social,Prospecting,5729.16,14001,295,6,10674.53,5870.99,2025-02
2025-02-03,Social_Retention,Social,Retention,5952.12,13520,278,8,15660.48,8613.26,2025-02
2025-02-03,Email_Prospecting,Email,Prospecting,2108.52,7721,570,38,64249.38,35337.16,2025-02
2025-02-03,Email_Retention,Email,Retention,1867.13,6993,465,47,90550.19,49802.6,2025-02
2025-02-03,Display_Prospecting,Display,Prospecting,1895.35,14946,117,4,6126.59,3369.62,2025-02
2025-02-03,Display_Retention,Display,Retention,893.87,6490,58,0,0.0,0.0,2025-02
2025-02-03,Affiliate_Prospecting,Affiliate,Prospecting,3142.98,7821,217,8,12574.28,6915.85,2025-02
2025-02-03,Affiliate_Retention,Affiliate,Retention,2899.15,6701,176,12,26913.85,14802.62,2025-02
2025-02-04,Search_Prospecting,Search,Prospecting,5159.46,4628,175,12,26105.01,14357.76,2025-02
2025-02-04,Search_Retention,Search,Retention,12272.64,11059,413,31,54149.8,29782.39,2025-02
2025-02-04,Social_Prospecting,Social,Prospecting,1708.7,4952,93,4,8099.93,4454.96,2025-02
2025-02-04,Social_Retention,Social,Retention,7082.15,17009,347,14,30596.84,16828.26,2025-02
2025-02-04,Email_Prospecting,Email,Prospecting,2363.55,8872,620,42,76195.9,41907.75,2025-02
2025-02-04,Email_Retention,Email,Retention,1442.32,5370,366,32,56391.88,31015.53,2025-02
2025-02-04,Display_Prospecting,Display,Prospecting,2182.63,14365,138,2,3563.09,1959.7,2025-02
2025-02-04,Display_Retention,Display,Retention,1342.35,11035,83,3,6827.45,3755.1,2025-02
2025-02-04,Affiliate_Prospecting,Affiliate,Prospecting,1960.32,4106,130,3,4907.95,2699.37,2025-02
2025-02-04,Affiliate_Retention,Affiliate,Retention,5803.19,14986,382,15,31152.49,17133.87,2025-02
2025-02-05,Search_Prospecting,Search,Prospecting,7578.51,7643,270,9,15361.61,8448.89,2025-02
2025-02-05,Search_Retention,Search,Retention,4622.2,4823,153,15,24731.69,13602.43,2025-02
2025-02-05,Social_Prospecting,Social,Prospecting,3240.78,7648,174,4,6333.28,3483.3,2025-02
2025-02-05,Social_Retention,Social,Retention,3761.96,8525,205,10,15912.15,8751.68,2025-02
2025-02-05,Email_Prospecting,Email,Prospecting,3063.75,12182,779,62,102426.24,56334.43,2025-02
2025-02-05,Email_Retention,Email,Retention,4462.5,17014,1229,108,218482.31,120165.27,2025-02
2025-02-05,Display_Prospecting,Display,Prospecting,874.4,5435,49,3,6603.04,3631.67,2025-02
2025-02-05,Display_Retention,Display,Retention,1318.73,8746,77,1,1737.49,955.62,2025-02
2025-02-05,Affiliate_Prospecting,Affiliate,Prospecting,6115.44,15699,434,18,30771.31,16924.22,2025-02
2025-02-05,Affiliate_Retention,Affiliate,Retention,1917.4,4848,131,9,17730.14,9751.58,2025-02
2025-02-06,Search_Prospecting,Search,Prospecting,6790.67,7719,266,18,33179.02,18248.46,2025-02
2025-02-06,Search_Retention,Search,Retention,17376.87,17526,613,33,52841.28,29062.7,2025-02
2025-02-06,Social_Prospecting,Social,Prospecting,6257.32,13860,305,11,21889.47,12039.21,2025-02
2025-02-06,Social_Retention,Social,Retention,6357.53,14521,337,11,24071.04,13239.07,2025-02
2025-02-06,Email_Prospecting,Email,Prospecting,3914.03,14507,1040,77,121264.71,66695.59,2025-02
2025-02-06,Email_Retention,Email,Retention,3736.81,13077,914,98,171118.07,94114.94,2025-02
2025-02-06,Display_Prospecting,Display,Prospecting,1531.65,12490,100,0,0.0,0.0,2025-02
2025-02-06,Display_Retention,Display,Retention,1508.78,8187,89,2,3697.82,2033.8,2025-02
2025-02-06,Affiliate_Prospecting,Affiliate,Prospecting,2461.54,5293,152,7,16072.05,8839.63,2025-02
2025-02-06,Affiliate_Retention,Affiliate,Retention,3246.07,8545,223,9,15569.81,8563.4,2025-02
2025-02-07,Search_Prospecting,Search,Prospecting,6777.13,7845,267,20,31071.65,17089.41,2025-02
2025-02-07,Search_Retention,Search,Retention,7373.22,6443,240,13,21673.18,11920.25,2025-02
2025-02-07,Social_Prospecting,Social,Prospecting,2633.44,5712,135,4,8645.64,4755.1,2025-02
2025-02-07,Social_Retention,Social,Retention,3113.58,6773,145,6,10773.94,5925.67,2025-02
2025-02-07,Email_Prospecting,Email,Prospecting,3140.97,11778,820,54,112265.8,61746.19,2025-02
2025-02-07,Email_Retention,Email,Retention,2866.25,11948,792,82,126692.55,69680.9,2025-02
2025-02-07,Display_Prospecting,Display,Prospecting,1836.49,11616,102,1,1891.12,1040.12,2025-02
2025-02-07,Display_Retention,Display,Retention,2537.42,15950,140,1,1541.4,847.77,2025-02
2025-02-07,Affiliate_Prospecting,Affiliate,Prospecting,2905.35,8067,199,8,15337.24,8435.48,2025-02
2025-02-07,Affiliate_Retention,Affiliate,Retention,4275.77,10687,300,14,25088.53,13798.69,2025-02
2025-02-08,Search_Prospecting,Search,Prospecting,5119.07,4569,176,6,13068.8,7187.84,2025-02
2025-02-08,Search_Retention,Search,Retention,5576.75,6099,219,6,12658.81,6962.35,2025-02
2025-02-08,Social_Prospecting,Social,Prospecting,2607.17,6481,128,1,2104.86,1157.67,2025-02
2025-02-08,Social_Retention,Social,Retention,9049.57,17820,412,14,23885.32,13136.93,2025-02
2025-02-08,Email_Prospecting,Email,Prospecting,2625.01,9549,649,57,99061.99,54484.09,2025-02
2025-02-08,Email_Retention,Email,Retention,1779.4,6652,446,31,49160.72,27038.4,2025-02
2025-02-08,Display_Prospecting,Display,Prospecting,1100.47,9456,70,3,4975.15,2736.33,2025-02
2025-02-08,Display_Retention,Display,Retention,1261.48,7313,71,3,4664.69,2565.58,2025-02
2025-02-08,Affiliate_Prospecting,Affiliate,Prospecting,1784.43,4778,109,6,11820.1,6501.06,2025-02
2025-02-08,Affiliate_Retention,Affiliate,Retention,6415.78,13685,389,24,39079.48,21493.71,2025-02
2025-02-09,Search_Prospecting,Search,Prospecting,3872.17,4089,152,9,16410.79,9025.93,2025-02
2025-02-09,Search_Retention,Search,Retention,7249.84,6833,248,18,36238.28,19931.05,2025-02
2025-02-09,Social_Prospecting,Social,Prospecting,2797.53,7996,152,4,6874.1,3780.76,2025-02
2025-02-09,Social_Retention,Social,Retention,6022.62,15063,328,12,23685.84,13027.21,2025-02
2025-02-09,Email_Prospecting,Email,Prospecting,2012.61,6550,469,39,81067.59,44587.17,2025-02
2025-02-09,Email_Retention,Email,Retention,1926.02,7104,513,46,82740.51,45507.28,2025-02
2025-02-09,Display_Prospecting,Display,Prospecting,2714.29,16862,165,1,2152.58,1183.92,2025-02
2025-02-09,Display_Retention,Display,Retention,2367.2,17218,151,4,7947.71,4371.24,2025-02
2025-02-09,Affiliate_Prospecting,Affiliate,Prospecting,7590.97,16617,470,28,53695.97,29532.78,2025-02
2025-02-09,Affiliate_Retention,Affiliate,Retention,7422.92,17427,495,31,47340.17,26037.09,2025-02
2025-02-10,Search_Prospecting,Search,Prospecting,10301.44,12782,404,19,42793.34,23536.34,2025-02
2025-02-10,Search_Retention,Search,Retention,13282.78,13562,516,27,45527.01,25039.86,2025-02
2025-02-10,Social_Prospecting,Social,Prospecting,3489.2,8439,185,5,8152.83,4484.06,2025-02
2025-02-10,Social_Retention,Social,Retention,7836.87,15712,362,13,21070.33,11588.68,2025-02
2025-02-10,Email_Prospecting,Email,Prospecting,5044.92,17477,1240,78,165763.47,91169.91,2025-02
2025-02-10,Email_Retention,Email,Retention,4779.01,16788,1210,115,203753.97,112064.68,2025-02
2025-02-10,Display_Prospecting,Display,Prospecting,2399.08,15625,151,6,10534.39,5793.91,2025-02
2025-02-10,Display_Retention,Display,Retention,1189.23,7497,68,1,2260.0,1243.0,2025-02
2025-02-10,Affiliate_Prospecting,Affiliate,Prospecting,3171.82,8560,213,8,12198.37,6709.1,2025-02
2025-02-10,Affiliate_Retention,Affiliate,Retention,3356.09,7993,223,14,27764.18,15270.3,2025-02
2025-02-11,Search_Prospecting,Search,Prospecting,9140.21,8523,297,18,27227.57,14975.16,2025-02
2025-02-11,Search_Retention,Search,Retention,9521.31,9544,337,27,53890.19,29639.6,2025-02
2025-02-11,Social_Prospecting,Social,Prospecting,3313.04,7662,183,8,17351.68,9543.42,2025-02
2025-02-11,Social_Retention,Social,Retention,5914.53,13754,299,3,5302.46,2916.35,2025-02
2025-02-11,Email_Prospecting,Email,Prospecting,1879.79,6864,490,38,84764.88,46620.68,2025-02
2025-02-11,Email_Retention,Email,Retention,1693.38,6323,431,47,95594.12,52576.77,2025-02
2025-02-11,Display_Prospecting,Display,Prospecting,1825.77,11313,105,0,0.0,0.0,2025-02
2025-02-11,Display_Retention,Display,Retention,1609.61,10394,89,3,5682.81,3125.55,2025-02
2025-02-11,Affiliate_Prospecting,Affiliate,Prospecting,3586.43,8360,223,7,15109.18,8310.05,2025-02
2025-02-11,Affiliate_Retention,Affiliate,Retention,6649.33,14820,438,23,40803.88,22442.13,2025-02
2025-02-12,Search_Prospecting,Search,Prospecting,5310.18,4836,176,10,20041.22,11022.67,2025-02
2025-02-12,Search_Retention,Search,Retention,7700.61,8039,292,19,41008.63,22554.75,2025-02
2025-02-12,Social_Prospecting,Social,Prospecting,4412.93,9288,205,4,8334.11,4583.76,2025-02
2025-02-12,Social_Retention,Social,Retention,2892.48,6777,146,6,13449.36,7397.15,2025-02
2025-02-12,Email_Prospecting,Email,Prospecting,2013.46,6921,514,36,65349.62,35942.29,2025-02
2025-02-12,Email_Retention,Email,Retention,2618.75,9521,659,54,107536.98,59145.34,2025-02
2025-02-12,Display_Prospecting,Display,Prospecting,1887.37,11937,111,2,3755.43,2065.49,2025-02
2025-02-12,Display_Retention,Display,Retention,1408.15,10261,89,3,5898.44,3244.14,2025-02
2025-02-12,Affiliate_Prospecting,Affiliate,Prospecting,4850.23,13312,340,17,32451.56,17848.36,2025-02
2025-02-12,Affiliate_Retention,Affiliate,Retention,3181.57,7994,234,16,29034.26,15968.84,2025-02
2025-02-13,Search_Prospecting,Search,Prospecting,18998.76,17103,620,32,54329.77,29881.37,2025-02
2025-02-13,Search_Retention,Search,Retention,16167.64,16190,576,34,72962.57,40129.41,2025-02
2025-02-13,Social_Prospecting,Social,Prospecting,3741.57,7523,177,6,9655.98,5310.79,2025-02
2025-02-13,Social_Retention,Social,Retention,3647.06,8973,190,1,1944.03,1069.22,2025-02
2025-02-13,Email_Prospecting,Email,Prospecting,1251.37,4474,311,19,39241.78,21582.98,2025-02
2025-02-13,Email_Retention,Email,Retention,2699.8,8677,641,68,121614.74,66888.11,2025-02
2025-02-13,Display_Prospecting,Display,Prospecting,1510.37,10633,98,1,1680.24,924.13,2025-02
2025-02-13,Display_Retention,Display,Retention,2172.57,14958,119,4,8234.97,4529.23,2025-02
2025-02-13,Affiliate_Prospecting,Affiliate,Prospecting,4292.29,11359,311,19,33299.62,18314.79,2025-02
2025-02-13,Affiliate_Retention,Affiliate,Retention,5139.12,13438,331,17,36939.23,20316.58,2025-02
2025-02-14,Search_Prospecting,Search,Prospecting,13093.48,15429,514,35,73614.54,40488.0,2025-02
2025-02-14,Search_Retention,Search,Retention,16041.57,17874,618,35,55774.52,30675.99,2025-02
2025-02-14,Social_Prospecting,Social,Prospecting,7289.41,15021,351,7,14346.36,7890.5,2025-02
2025-02-14,Social_Retention,Social,Retention,2539.87,5446,119,3,4680.33,2574.18,2025-02
2025-02-14,Email_Prospecting,Email,Prospecting,3309.81,10429,785,59,135616.38,74589.01,2025-02
2025-02-14,Email_Retention,Email,Retention,3962.83,14357,1044,83,146330.99,80482.04,2025-02
2025-02-14,Display_Prospecting,Display,Prospecting,2027.86,12000,111,0,0.0,0.0,2025-02
2025-02-14,Display_Retention,Display,Retention,2097.62,14234,129,3,5932.14,3262.68,2025-02
2025-02-14,Affiliate_Prospecting,Affiliate,Prospecting,2308.91,7566,169,9,20382.2,11210.21,2025-02
2025-02-14,Affiliate_Retention,Affiliate,Retention,4332.95,10084,306,16,34400.21,18920.12,2025-02
2025-02-15,Search_Prospecting,Search,Prospecting,11632.88,11308,390,21,42988.59,23643.72,2025-02
2025-02-15,Search_Retention,Search,Retention,13033.32,14308,512,36,76663.9,42165.14,2025-02
2025-02-15,Social_Prospecting,Social,Prospecting,4416.23,9330,217,4,6744.17,3709.29,2025-02
2025-02-15,Social_Retention,Social,Retention,3962.75,10061,203,6,11070.33,6088.68,2025-02
2025-02-15,Email_Prospecting,Email,Prospecting,2252.79,8366,571,54,113304.52,62317.49,2025-02
2025-02-15,Email_Retention,Email,Retention,4022.27,15410,1092,109,199675.09,109821.3,2025-02
2025-02-15,Display_Prospecting,Display,Prospecting,2220.93,15688,144,5,9985.83,5492.21,2025-02
2025-02-15,Display_Retention,Display,Retention,628.11,5733,40,0,0.0,0.0,2025-02
2025-02-15,Affiliate_Prospecting,Affiliate,Prospecting,2181.75,5671,156,1,1574.85,866.17,2025-02
2025-02-15,Affiliate_Retention,Affiliate,Retention,3201.4,7843,226,12,18232.6,10027.93,2025-02
2025-02-16,Search_Prospecting,Search,Prospecting,11725.55,10895,382,16,31906.05,17548.33,2025-02
2025-02-16,Search_Retention,Search,Retention,15673.77,17179,595,33,65949.09,36272.0,2025-02
2025-02-16,Social_Prospecting,Social,Prospecting,5519.06,11875,251,4,7213.2,3967.26,2025-02
2025-02-16,Social_Retention,Social,Retention,4038.61,9881,194,7,11335.43,6234.49,2025-02
2025-02-16,Email_Prospecting,Email,Prospecting,3482.5,11234,813,62,94709.76,52090.37,2025-02
2025-02-16,Email_Retention,Email,Retention,3315.59,11467,801,70,108359.49,59597.72,2025-02
2025-02-16,Display_Prospecting,Display,Prospecting,928.35,6369,58,1,1950.51,1072.78,2025-02
2025-02-16,Display_Retention,Display,Retention,2081.96,12257,127,2,3137.42,1725.58,2025-02
2025-02-16,Affiliate_Prospecting,Affiliate,Prospecting,6585.13,16799,413,15,24523.74,13488.06,2025-02
2025-02-16,Affiliate_Retention,Affiliate,Retention,3194.91,7424,201,9,20395.39,11217.46,2025-02
2025-02-17,Search_Prospecting,Search,Prospecting,13187.0,13094,435,19,36371.75,20004.46,2025-02
2025-02-17,Search_Retention,Search,Retention,17675.69,16254,583,36,76961.15,42328.63,2025-02
2025-02-17,Social_Prospecting,Social,Prospecting,5567.41,13182,276,6,10538.18,5796.0,2025-02
2025-02-17,Social_Retention,Social,Retention,7553.08,17577,380,9,18185.85,10002.22,2025-02
2025-02-17,Email_Prospecting,Email,Prospecting,2371.59,7550,569,51,105718.14,58144.98,2025-02
2025-02-17,Email_Retention,Email,Retention,1581.7,5794,417,37,57296.93,31513.31,2025-02
2025-02-17,Display_Prospecting,Display,Prospecting,2696.06,17488,149,4,6990.54,3844.8,2025-02
2025-02-17,Display_Retention,Display,Retention,1980.59,11684,113,2,3336.14,1834.88,2025-02
2025-02-17,Affiliate_Prospecting,Affiliate,Prospecting,5722.29,15961,402,19,39834.26,21908.84,2025-02
2025-02-17,Affiliate_Retention,Affiliate,Retention,6224.51,17709,450,25,39090.11,21499.56,2025-02
2025-02-18,Search_Prospecting,Search,Prospecting,14263.83,14614,490,30,51686.55,28427.6,2025-02
2025-02-18,Search_Retention,Search,Retention,14619.82,14511,498,34,63899.4,35144.67,2025-02
2025-02-18,Social_Prospecting,Social,Prospecting,2787.03,5578,130,2,3963.87,2180.13,2025-02
2025-02-18,Social_Retention,Social,Retention,4887.0,11990,257,4,6736.33,3704.98,2025-02
2025-02-18,Email_Prospecting,Email,Prospecting,1818.22,6098,419,33,69688.72,38328.8,2025-02
2025-02-18,Email_Retention,Email,Retention,5080.82,17795,1235,133,297245.92,163485.26,2025-02
2025-02-18,Display_Prospecting,Display,Prospecting,2766.09,15049,154,3,5975.05,3286.28,2025-02
2025-02-18,Display_Retention,Display,Retention,1178.61,7481,68,1,1853.52,1019.44,2025-02
2025-02-18,Affiliate_Prospecting,Affiliate,Prospecting,2636.51,5942,179,8,13164.43,7240.44,2025-02
2025-02-18,Affiliate_Retention,Affiliate,Retention,3147.27,7422,192,4,8610.44,4735.74,2025-02
2025-02-19,Search_Prospecting,Search,Prospecting,10652.05,11548,399,23,38583.92,21221.16,2025-02
2025-02-19,Search_Retention,Search,Retention,12730.38,14129,472,23,38276.78,21052.23,2025-02
2025-02-19,Social_Prospecting,Social,Prospecting,4961.11,10503,229,9,19621.89,10792.04,2025-02
2025-02-19,Social_Retention,Social,Retention,4803.57,10350,262,4,7248.88,3986.88,2025-02
2025-02-19,Email_Prospecting,Email,Prospecting,3552.12,12664,844,56,112714.37,61992.9,2025-02
2025-02-19,Email_Retention,Email,Retention,2130.32,7607,560,66,136549.4,75102.17,2025-02
2025-02-19,Display_Prospecting,Display,Prospecting,2005.18,12335,114,1,1716.49,944.07,2025-02
2025-02-19,Display_Retention,Display,Retention,2036.86,13190,124,2,3726.69,2049.68,2025-02
2025-02-19,Affiliate_Prospecting,Affiliate,Prospecting,1976.97,4874,127,3,6765.47,3721.01,2025-02
2025-02-19,Affiliate_Retention,Affiliate,Retention,2371.42,6665,174,6,12462.57,6854.41,2025-02
2025-02-20,Search_Prospecting,Search,Prospecting,10841.52,11084,397,25,43566.75,23961.71,2025-02
2025-02-20,Search_Retention,Search,Retention,13786.18,14654,479,26,54289.67,29859.32,2025-02
2025-02-20,Social_Prospecting,Social,Prospecting,2488.08,4943,122,0,0.0,0.0,2025-02
2025-02-20,Social_Retention,Social,Retention,5612.25,13964,307,8,12364.24,6800.33,2025-02
2025-02-20,Email_Prospecting,Email,Prospecting,4128.22,14957,1011,79,180852.56,99468.91,2025-02
2025-02-20,Email_Retention,Email,Retention,4638.96,16824,1192,93,139824.65,76903.56,2025-02
2025-02-20,Display_Prospecting,Display,Prospecting,889.89,4520,56,1,1546.15,850.38,2025-02
2025-02-20,Display_Retention,Display,Retention,1405.06,11101,89,3,5191.96,2855.58,2025-02
2025-02-20,Affiliate_Prospecting,Affiliate,Prospecting,3135.06,8071,203,11,19914.87,10953.18,2025-02
2025-02-20,Affiliate_Retention,Affiliate,Retention,3275.37,6730,201,8,16873.65,9280.51,2025-02
2025-02-21,Search_Prospecting,Search,Prospecting,8252.78,8335,323,8,12700.72,6985.4,2025-02
2025-02-21,Search_Retention,Search,Retention,14683.48,16918,581,44,75876.72,41732.2,2025-02
2025-02-21,Social_Prospecting,Social,Prospecting,2182.13,5049,105,4,6444.82,3544.65,2025-02
2025-02-21,Social_Retention,Social,Retention,3556.33,8628,180,6,9538.19,5246.0,2025-02
2025-02-21,Email_Prospecting,Email,Prospecting,1561.78,5847,408,26,46388.25,25513.54,2025-02
2025-02-21,Email_Retention,Email,Retention,3082.27,11256,762,75,133232.22,73277.72,2025-02
2025-02-21,Display_Prospecting,Display,Prospecting,927.73,7943,54,3,5150.21,2832.62,2025-02
2025-02-21,Display_Retention,Display,Retention,2409.31,15226,154,5,8734.99,4804.24,2025-02
2025-02-21,Affiliate_Prospecting,Affiliate,Prospecting,2893.93,7834,211,11,20698.33,11384.08,2025-02
2025-02-21,Affiliate_Retention,Affiliate,Retention,5226.57,11914,331,14,31657.27,17411.5,2025-02
2025-02-22,Search_Prospecting,Search,Prospecting,9145.82,8550,307,19,35848.72,19716.8,2025-02
2025-02-22,Search_Retention,Search,Retention,6420.68,5962,222,10,15268.88,8397.88,2025-02
2025-02-22,Social_Prospecting,Social,Prospecting,2010.36,4480,98,3,5510.53,3030.79,2025-02
2025-02-22,Social_Retention,Social,Retention,3445.5,7858,165,4,7852.89,4319.09,2025-02
2025-02-22,Email_Prospecting,Email,Prospecting,3178.74,11637,798,65,98876.91,54382.3,2025-02
2025-02-22,Email_Retention,Email,Retention,3398.41,10881,814,66,101500.81,55825.45,2025-02
2025-02-22,Display_Prospecting,Display,Prospecting,2567.82,16910,139,0,0.0,0.0,2025-02
2025-02-22,Display_Retention,Display,Retention,766.66,4866,49,2,3136.89,1725.29,2025-02
2025-02-22,Affiliate_Prospecting,Affiliate,Prospecting,6218.48,15082,391,20,39668.92,21817.91,2025-02
2025-02-22,Affiliate_Retention,Affiliate,Retention,3574.62,8357,238,16,26854.86,14770.17,2025-02
2025-02-23,Search_Prospecting,Search,Prospecting,4987.38,4944,183,8,14248.64,7836.75,2025-02
2025-02-23,Search_Retention,Search,Retention,16127.34,17218,595,41,88454.16,48649.79,2025-02
2025-02-23,Social_Prospecting,Social,Prospecting,4109.33,9237,194,6,11830.2,6506.61,2025-02
2025-02-23,Social_Retention,Social,Retention,2585.02,6206,140,1,1530.98,842.04,2025-02
2025-02-23,Email_Prospecting,Email,Prospecting,1255.11,4327,315,24,49016.5,26959.08,2025-02
2025-02-23,Email_Retention,Email,Retention,2576.76,8605,632,58,101602.08,55881.14,2025-02
2025-02-23,Display_Prospecting,Display,Prospecting,1819.97,13650,118,4,8736.52,4805.09,2025-02
2025-02-23,Display_Retention,Display,Retention,1134.75,8624,74,1,2232.32,1227.78,2025-02
2025-02-23,Affiliate_Prospecting,Affiliate,Prospecting,4953.05,11366,327,16,36089.98,19849.49,2025-02
2025-02-23,Affiliate_Retention,Affiliate,Retention,4554.0,10368,292,12,27351.45,15043.3,2025-02
2025-02-24,Search_Prospecting,Search,Prospecting,13203.5,13092,458,28,43541.73,23947.95,2025-02
2025-02-24,Search_Retention,Search,Retention,4969.26,4396,165,15,32250.09,17737.55,2025-02
2025-02-24,Social_Prospecting,Social,Prospecting,4374.7,9772,212,3,4821.55,2651.85,2025-02
2025-02-24,Social_Retention,Social,Retention,5072.79,11222,268,7,13972.18,7684.7,2025-02
2025-02-24,Email_Prospecting,Email,Prospecting,1224.13,4896,316,29,58788.89,32333.89,2025-02
2025-02-24,Email_Retention,Email,Retention,4634.09,15015,1077,112,250816.36,137949.0,2025-02
2025-02-24,Display_Prospecting,Display,Prospecting,1344.47,9991,82,1,1505.67,828.12,2025-02
2025-02-24,Display_Retention,Display,Retention,1821.62,15502,118,1,1791.49,985.32,2025-02
2025-02-24,Affiliate_Prospecting,Affiliate,Prospecting,2085.74,5425,144,8,17258.5,9492.18,2025-02
2025-02-24,Affiliate_Retention,Affiliate,Retention,5455.71,16305,401,9,20634.23,11348.83,2025-02
2025-02-25,Search_Prospecting,Search,Prospecting,12381.8,12880,418,22,33118.2,18215.01,2025-02
2025-02-25,Search_Retention,Search,Retention,13658.61,14951,508,24,41958.96,23077.43,2025-02
2025-02-25,Social_Prospecting,Social,Prospecting,6657.29,15114,339,9,17479.24,9613.58,2025-02
2025-02-25,Social_Retention,Social,Retention,8213.35,17534,378,17,33174.43,18245.94,2025-02
2025-02-25,Email_Prospecting,Email,Prospecting,2247.27,7970,562,48,94589.51,52024.23,2025-02
2025-02-25,Email_Retention,Email,Retention,2841.06,10190,668,56,116124.15,63868.28,2025-02
2025-02-25,Display_Prospecting,Display,Prospecting,2172.21,14472,126,2,3001.03,1650.57,2025-02
2025-02-25,Display_Retention,Display,Retention,2483.95,14616,141,4,6889.84,3789.41,2025-02
2025-02-25,Affiliate_Prospecting,Affiliate,Prospecting,5180.96,11267,338,18,29479.26,16213.59,2025-02
2025-02-25,Affiliate_Retention,Affiliate,Retention,7585.32,17427,471,26,41280.84,22704.46,2025-02
2025-02-26,Search_Prospecting,Search,Prospecting,11544.47,12340,443,19,41231.78,22677.48,2025-02
2025-02-26,Search_Retention,Search,Retention,9720.16,9333,349,14,22841.04,12562.57,2025-02
2025-02-26,Social_Prospecting,Social,Prospecting,6552.78,12788,304,7,13546.95,7450.82,2025-02
2025-02-26,Social_Retention,Social,Retention,6502.01,13871,327,9,16956.58,9326.12,2025-02
2025-02-26,Email_Prospecting,Email,Prospecting,4596.02,17648,1186,103,197284.23,108506.33,2025-02
2025-02-26,Email_Retention,Email,Retention,5036.63,17967,1229,109,208348.65,114591.76,2025-02
2025-02-26,Display_Prospecting,Display,Prospecting,1879.55,11306,101,1,2149.75,1182.36,2025-02
2025-02-26,Display_Retention,Display,Retention,2288.02,13954,140,4,8438.23,4641.03,2025-02
2025-02-26,Affiliate_Prospecting,Affiliate,Prospecting,7110.61,17984,485,20,43121.68,23716.92,2025-02
2025-02-26,Affiliate_Retention,Affiliate,Retention,2416.97,5966,153,4,8534.47,4693.96,2025-02
2025-02-27,Search_Prospecting,Search,Prospecting,13037.9,12769,441,24,41617.82,22889.8,2025-02
2025-02-27,Search_Retention,Search,Retention,10375.21,9623,337,15,32933.49,18113.42,2025-02
2025-02-27,Social_Prospecting,Social,Prospecting,5093.03,14396,275,6,11405.8,6273.19,2025-02
2025-02-27,Social_Retention,Social,Retention,6259.03,16359,337,3,5091.54,2800.35,2025-02
2025-02-27,Email_Prospecting,Email,Prospecting,3708.5,12574,860,65,128832.95,70858.12,2025-02
2025-02-27,Email_Retention,Email,Retention,1897.2,6785,434,40,79897.96,43943.88,2025-02
2025-02-27,Display_Prospecting,Display,Prospecting,1152.82,7436,67,1,2208.13,1214.47,2025-02
2025-02-27,Display_Retention,Display,Retention,1282.87,7885,74,4,7330.19,4031.6,2025-02
2025-02-27,Affiliate_Prospecting,Affiliate,Prospecting,4169.37,10614,262,9,17347.52,9541.14,2025-02
2025-02-27,Affiliate_Retention,Affiliate,Retention,4812.08,12246,343,22,33911.77,18651.47,2025-02
2025-02-28,Search_Prospecting,Search,Prospecting,14225.4,13405,474,23,39970.86,21983.97,2025-02
2025-02-28,Search_Retention,Search,Retention,13088.87,14582,510,35,56938.84,31316.36,2025-02
2025-02-28,Social_Prospecting,Social,Prospecting,8263.95,16445,382,8,17696.09,9732.85,2025-02
2025-02-28,Social_Retention,Social,Retention,3712.44,9838,197,6,9617.22,5289.47,2025-02
2025-02-28,Email_Prospecting,Email,Prospecting,4884.62,17575,1260,84,179133.27,98523.3,2025-02
2025-02-28,Email_Retention,Email,Retention,2455.16,9319,674,54,112875.43,62081.49,2025-02
2025-02-28,Display_Prospecting,Display,Prospecting,453.02,4018,29,0,0.0,0.0,2025-02
2025-02-28,Display_Retention,Display,Retention,1111.13,6394,72,1,1980.22,1089.12,2025-02
2025-02-28,Affiliate_Prospecting,Affiliate,Prospecting,4967.39,12729,345,15,23068.61,12687.74,2025-02
2025-02-28,Affiliate_Retention,Affiliate,Retention,1907.11,5291,134,10,19592.44,10775.84,2025-02
2025-03-01,Search_Prospecting,Search,Prospecting,17148.33,17818,620,36,75144.82,41329.65,2025-03
2025-03-01,Search_Retention,Search,Retention,15259.82,13580,521,25,53536.04,29444.82,2025-03
2025-03-01,Social_Prospecting,Social,Prospecting,7256.01,15343,339,9,16605.79,9133.18,2025-03
2025-03-01,Social_Retention,Social,Retention,6846.7,17085,337,11,17972.16,9884.69,2025-03
2025-03-01,Email_Prospecting,Email,Prospecting,3663.42,14218,972,81,133744.63,73559.55,2025-03
2025-03-01,Email_Retention,Email,Retention,4734.97,17649,1246,102,224513.81,123482.6,2025-03
2025-03-01,Display_Prospecting,Display,Prospecting,2306.05,14682,137,2,4202.1,2311.16,2025-03
2025-03-01,Display_Retention,Display,Retention,1348.39,8334,83,1,2242.28,1233.25,2025-03
2025-03-01,Affiliate_Prospecting,Affiliate,Prospecting,3290.84,7311,231,6,9280.39,5104.21,2025-03
2025-03-01,Affiliate_Retention,Affiliate,Retention,2725.38,6311,167,10,22690.08,12479.54,2025-03
2025-03-02,Search_Prospecting,Search,Prospecting,9922.94,9610,337,13,29503.06,16226.68,2025-03
2025-03-02,Search_Retention,Search,Retention,11724.73,13529,443,37,71034.41,39068.93,2025-03
2025-03-02,Social_Prospecting,Social,Prospecting,5654.63,13633,293,6,9111.8,5011.49,2025-03
2025-03-02,Social_Retention,Social,Retention,7414.43,16990,360,13,27594.95,15177.22,2025-03
2025-03-02,Email_Prospecting,Email,Prospecting,3491.81,13026,933,71,107644.21,59204.32,2025-03
2025-03-02,Email_Retention,Email,Retention,2459.76,9813,663,68,132685.51,72977.03,2025-03
2025-03-02,Display_Prospecting,Display,Prospecting,1137.6,7101,70,1,2048.66,1126.76,2025-03
2025-03-02,Display_Retention,Display,Retention,548.17,4862,32,1,1524.87,838.68,2025-03
2025-03-02,Affiliate_Prospecting,Affiliate,Prospecting,5430.17,11676,333,13,25993.37,14296.35,2025-03
2025-03-02,Affiliate_Retention,Affiliate,Retention,5725.65,14121,384,20,34644.95,19054.72,2025-03
2025-03-03,Search_Prospecting,Search,Prospecting,4419.47,5102,165,11,22506.53,12378.59,2025-03
2025-03-03,Search_Retention,Search,Retention,11188.98,10157,366,25,47666.88,26216.78,2025-03
2025-03-03,Social_Prospecting,Social,Prospecting,3742.25,9237,190,4,6888.63,3788.75,2025-03
2025-03-03,Social_Retention,Social,Retention,6003.7,14252,318,11,23577.77,12967.77,2025-03
2025-03-03,Email_Prospecting,Email,Prospecting,1401.94,6024,387,28,57140.38,31427.21,2025-03
2025-03-03,Email_Retention,Email,Retention,2599.44,10125,683,62,123757.59,68066.67,2025-03
2025-03-03,Display_Prospecting,Display,Prospecting,2026.28,13369,129,1,2299.23,1264.58,2025-03
2025-03-03,Display_Retention,Display,Retention,1644.37,10538,107,5,9174.34,5045.89,2025-03
2025-03-03,Affiliate_Prospecting,Affiliate,Prospecting,4417.87,8997,269,12,18377.47,10107.61,2025-03
2025-03-03,Affiliate_Retention,Affiliate,Retention,5962.48,14044,418,30,48418.99,26630.44,2025-03
2025-03-04,Search_Prospecting,Search,Prospecting,15168.32,15799,563,40,72802.13,40041.17,2025-03
2025-03-04,Search_Retention,Search,Retention,13553.49,13286,465,27,51955.45,28575.5,2025-03
2025-03-04,Social_Prospecting,Social,Prospecting,2746.2,5466,137,5,9398.12,5168.97,2025-03
2025-03-04,Social_Retention,Social,Retention,4228.32,9241,220,6,11489.77,6319.37,2025-03
2025-03-04,Email_Prospecting,Email,Prospecting,4710.31,16890,1215,84,188021.8,103411.99,2025-03
2025-03-04,Email_Retention,Email,Retention,3212.06,11627,798,62,122071.03,67139.07,2025-03
2025-03-04,Display_Prospecting,Display,Prospecting,971.44,7296,59,0,0.0,0.0,2025-03
2025-03-04,Display_Retention,Display,Retention,1816.16,11142,114,0,0.0,0.0,2025-03
2025-03-04,Affiliate_Prospecting,Affiliate,Prospecting,2933.73,8536,213,7,15404.18,8472.3,2025-03
2025-03-04,Affiliate_Retention,Affiliate,Retention,5504.26,12516,337,26,53870.27,29628.65,2025-03
2025-03-05,Search_Prospecting,Search,Prospecting,4978.17,5565,193,16,29068.38,15987.61,2025-03
2025-03-05,Search_Retention,Search,Retention,4865.51,4965,182,14,24862.5,13674.38,2025-03
2025-03-05,Social_Prospecting,Social,Prospecting,3844.69,8702,207,5,11315.4,6223.47,2025-03
2025-03-05,Social_Retention,Social,Retention,2013.6,5265,110,2,3323.69,1828.03,2025-03
2025-03-05,Email_Prospecting,Email,Prospecting,4545.74,16733,1150,81,159164.81,87540.65,2025-03
2025-03-05,Email_Retention,Email,Retention,1253.67,4766,332,22,41214.85,22668.17,2025-03
2025-03-05,Display_Prospecting,Display,Prospecting,547.68,4885,34,0,0.0,0.0,2025-03
2025-03-05,Display_Retention,Display,Retention,2434.72,17866,153,2,4145.76,2280.17,2025-03
2025-03-05,Affiliate_Prospecting,Affiliate,Prospecting,3133.69,7745,223,10,18962.4,10429.32,2025-03
2025-03-05,Affiliate_Retention,Affiliate,Retention,3487.09,8999,244,14,22930.51,12611.78,2025-03
2025-03-06,Search_Prospecting,Search,Prospecting,5799.54,6650,218,12,22346.61,12290.64,2025-03
2025-03-06,Search_Retention,Search,Retention,15261.24,17016,566,40,88875.84,48881.71,2025-03
2025-03-06,Social_Prospecting,Social,Prospecting,5497.95,14255,276,8,17793.19,9786.25,2025-03
2025-03-06,Social_Retention,Social,Retention,7004.04,15150,347,12,19190.59,10554.82,2025-03
2025-03-06,Email_Prospecting,Email,Prospecting,1392.12,4867,327,23,42639.97,23451.98,2025-03
2025-03-06,Email_Retention,Email,Retention,2406.55,9498,632,71,120216.61,66119.14,2025-03
2025-03-06,Display_Prospecting,Display,Prospecting,1388.4,8786,79,3,5813.2,3197.26,2025-03
2025-03-06,Display_Retention,Display,Retention,1140.74,7711,70,3,6788.21,3733.52,2025-03
2025-03-06,Affiliate_Prospecting,Affiliate,Prospecting,2009.17,5660,145,7,14919.2,8205.56,2025-03
2025-03-06,Affiliate_Retention,Affiliate,Retention,3496.71,9531,249,18,32657.15,17961.43,2025-03
2025-03-07,Search_Prospecting,Search,Prospecting,9699.36,9643,353,12,24232.41,13327.83,2025-03
2025-03-07,Search_Retention,Search,Retention,12966.73,13059,485,28,58335.68,32084.62,2025-03
2025-03-07,Social_Prospecting,Social,Prospecting,2456.17,5494,120,3,4675.79,2571.68,2025-03
2025-03-07,Social_Retention,Social,Retention,4012.61,8335,188,8,13193.31,7256.32,2025-03
2025-03-07,Email_Prospecting,Email,Prospecting,1745.72,6118,423,44,85702.24,47136.23,2025-03
2025-03-07,Email_Retention,Email,Retention,1982.41,7069,474,37,82593.67,45426.52,2025-03
2025-03-07,Display_Prospecting,Display,Prospecting,1581.1,10851,93,2,4228.57,2325.71,2025-03
2025-03-07,Display_Retention,Display,Retention,1621.73,11260,99,4,7547.36,4151.05,2025-03
2025-03-07,Affiliate_Prospecting,Affiliate,Prospecting,5375.1,13823,357,12,22601.02,12430.56,2025-03
2025-03-07,Affiliate_Retention,Affiliate,Retention,6400.84,17314,472,25,47560.92,26158.51,2025-03
2025-03-08,Search_Prospecting,Search,Prospecting,4949.41,5103,181,5,9397.66,5168.71,2025-03
2025-03-08,Search_Retention,Search,Retention,15800.96,15983,574,41,69699.57,38334.76,2025-03
2025-03-08,Social_Prospecting,Social,Prospecting,4416.2,10875,245,7,15583.1,8570.71,2025-03
2025-03-08,Social_Retention,Social,Retention,4883.12,11529,243,6,10345.1,5689.81,2025-03
2025-03-08,Email_Prospecting,Email,Prospecting,3099.43,11369,790,65,125397.3,68968.52,2025-03
2025-03-08,Email_Retention,Email,Retention,4448.89,16040,1100,95,188993.79,103946.58,2025-03
2025-03-08,Display_Prospecting,Display,Prospecting,1813.29,11794,107,2,4470.08,2458.54,2025-03
2025-03-08,Display_Retention,Display,Retention,2594.63,17801,167,1,1894.6,1042.03,2025-03
2025-03-08,Affiliate_Prospecting,Affiliate,Prospecting,2710.14,7303,189,11,21068.44,11587.64,2025-03
2025-03-08,Affiliate_Retention,Affiliate,Retention,1698.27,5130,123,4,6656.16,3660.89,2025-03
2025-03-09,Search_Prospecting,Search,Prospecting,4793.19,4988,163,11,18172.54,9994.9,2025-03
2025-03-09,Search_Retention,Search,Retention,14115.49,15287,519,33,61362.94,33749.62,2025-03
2025-03-09,Social_Prospecting,Social,Prospecting,3382.66,7648,185,6,13684.29,7526.36,2025-03
2025-03-09,Social_Retention,Social,Retention,2243.19,5588,116,0,0.0,0.0,2025-03
2025-03-09,Email_Prospecting,Email,Prospecting,4215.52,15538,1108,80,182476.86,100362.27,2025-03
2025-03-09,Email_Retention,Email,Retention,1737.94,7057,465,48,86757.38,47716.56,2025-03
2025-03-09,Display_Prospecting,Display,Prospecting,2572.42,15296,142,4,7524.11,4138.26,2025-03
2025-03-09,Display_Retention,Display,Retention,2694.38,16154,148,2,3033.26,1668.29,2025-03
2025-03-09,Affiliate_Prospecting,Affiliate,Prospecting,6636.44,17668,472,17,32718.29,17995.06,2025-03
2025-03-09,Affiliate_Retention,Affiliate,Retention,2904.62,6740,195,5,11324.75,6228.61,2025-03
2025-03-10,Search_Prospecting,Search,Prospecting,16197.55,16978,544,27,55314.73,30423.1,2025-03
2025-03-10,Search_Retention,Search,Retention,8507.04,7906,287,23,48427.63,26635.2,2025-03
2025-03-10,Social_Prospecting,Social,Prospecting,4560.83,11098,242,9,13802.88,7591.58,2025-03
2025-03-10,Social_Retention,Social,Retention,8008.02,17975,385,10,15058.79,8282.33,2025-03
2025-03-10,Email_Prospecting,Email,Prospecting,5569.92,17678,1287,70,117117.8,64414.79,2025-03
2025-03-10,Email_Retention,Email,Retention,2680.28,8975,631,51,92940.88,51117.48,2025-03
2025-03-10,Display_Prospecting,Display,Prospecting,963.53,6896,57,1,2071.09,1139.1,2025-03
2025-03-10,Display_Retention,Display,Retention,1482.34,10227,90,2,4503.97,2477.18,2025-03
2025-03-10,Affiliate_Prospecting,Affiliate,Prospecting,1835.31,4199,115,4,6009.8,3305.39,2025-03
2025-03-10,Affiliate_Retention,Affiliate,Retention,5524.95,12784,344,22,39986.4,21992.52,2025-03
2025-03-11,Search_Prospecting,Search,Prospecting,11452.98,12253,435,17,32993.12,18146.22,2025-03
2025-03-11,Search_Retention,Search,Retention,13219.96,15539,513,24,54042.63,29723.45,2025-03
2025-03-11,Social_Prospecting,Social,Prospecting,3343.49,8523,185,2,3039.92,1671.96,2025-03
2025-03-11,Social_Retention,Social,Retention,2034.83,4946,110,2,3909.67,2150.32,2025-03
2025-03-11,Email_Prospecting,Email,Prospecting,1315.68,5174,360,22,44544.77,24499.62,2025-03
2025-03-11,Email_Retention,Email,Retention,1983.46,7280,473,45,76240.04,41932.02,2025-03
2025-03-11,Display_Prospecting,Display,Prospecting,2280.54,14581,136,1,1727.2,949.96,2025-03
2025-03-11,Display_Retention,Display,Retention,1713.47,11585,99,1,1635.76,899.67,2025-03
2025-03-11,Affiliate_Prospecting,Affiliate,Prospecting,3751.43,9960,249,5,8780.42,4829.23,2025-03
2025-03-11,Affiliate_Retention,Affiliate,Retention,6108.43,14130,376,25,43564.97,23960.73,2025-03
2025-03-12,Search_Prospecting,Search,Prospecting,10793.27,11208,374,21,37536.9,20645.3,2025-03
2025-03-12,Search_Retention,Search,Retention,5972.15,6159,229,18,38207.56,21014.16,2025-03
2025-03-12,Social_Prospecting,Social,Prospecting,5663.91,13525,285,6,11858.61,6522.24,2025-03
2025-03-12,Social_Retention,Social,Retention,6808.61,15172,365,16,28752.39,15813.81,2025-03
2025-03-12,Email_Prospecting,Email,Prospecting,3484.02,13053,865,61,92181.87,50700.03,2025-03
2025-03-12,Email_Retention,Email,Retention,1171.95,4731,313,25,49771.88,27374.53,2025-03
2025-03-12,Display_Prospecting,Display,Prospecting,946.17,7359,60,0,0.0,0.0,2025-03
2025-03-12,Display_Retention,Display,Retention,1105.72,7198,61,3,5392.81,2966.05,2025-03
2025-03-12,Affiliate_Prospecting,Affiliate,Prospecting,5611.77,14446,390,15,26121.43,14366.79,2025-03
2025-03-12,Affiliate_Retention,Affiliate,Retention,5130.56,12061,316,22,34929.58,19211.27,2025-03
2025-03-13,Search_Prospecting,Search,Prospecting,17501.19,16664,585,32,72925.8,40109.19,2025-03
2025-03-13,Search_Retention,Search,Retention,10151.97,10412,375,25,40479.56,22263.76,2025-03
2025-03-13,Social_Prospecting,Social,Prospecting,5288.28,13407,269,7,12332.16,6782.69,2025-03
2025-03-13,Social_Retention,Social,Retention,5859.91,12176,314,7,14187.75,7803.26,2025-03
2025-03-13,Email_Prospecting,Email,Prospecting,4424.26,17987,1218,89,168790.56,92834.81,2025-03
2025-03-13,Email_Retention,Email,Retention,5588.29,17886,1277,107,199807.19,109893.95,2025-03
2025-03-13,Display_Prospecting,Display,Prospecting,2486.66,16378,153,4,8482.66,4665.46,2025-03
2025-03-13,Display_Retention,Display,Retention,1947.66,12902,114,2,4360.69,2398.38,2025-03
2025-03-13,Affiliate_Prospecting,Affiliate,Prospecting,2763.3,6967,185,7,13265.89,7296.24,2025-03
2025-03-13,Affiliate_Retention,Affiliate,Retention,6919.75,17945,465,26,41717.42,22944.58,2025-03
2025-03-14,Search_Prospecting,Search,Prospecting,10232.94,10424,379,24,47308.56,26019.71,2025-03
2025-03-14,Search_Retention,Search,Retention,8527.16,9564,330,17,29584.35,16271.39,2025-03
2025-03-14,Social_Prospecting,Social,Prospecting,5079.93,13046,277,6,10986.24,6042.43,2025-03
2025-03-14,Social_Retention,Social,Retention,4373.09,10037,211,8,13499.95,7424.97,2025-03
2025-03-14,Email_Prospecting,Email,Prospecting,4843.06,17914,1210,86,135195.79,74357.68,2025-03
2025-03-14,Email_Retention,Email,Retention,2994.84,11710,823,73,111230.5,61176.78,2025-03
2025-03-14,Display_Prospecting,Display,Prospecting,1807.31,9791,97,1,1701.8,935.99,2025-03
2025-03-14,Display_Retention,Display,Retention,2731.59,17855,155,1,1501.3,825.72,2025-03
2025-03-14,Affiliate_Prospecting,Affiliate,Prospecting,4294.22,10626,274,15,22793.8,12536.59,2025-03
2025-03-14,Affiliate_Retention,Affiliate,Retention,5117.12,13460,366,24,48683.21,26775.77,2025-03
2025-03-15,Search_Prospecting,Search,Prospecting,16234.74,17752,596,48,104588.88,57523.88,2025-03
2025-03-15,Search_Retention,Search,Retention,12426.6,14570,485,30,61269.69,33698.33,2025-03
2025-03-15,Social_Prospecting,Social,Prospecting,6180.32,13277,287,9,15195.25,8357.39,2025-03
2025-03-15,Social_Retention,Social,Retention,6237.81,15068,331,8,18259.47,10042.71,2025-03
2025-03-15,Email_Prospecting,Email,Prospecting,4885.05,16166,1126,86,196877.4,108282.57,2025-03
2025-03-15,Email_Retention,Email,Retention,2702.35,10084,716,62,98276.48,54052.06,2025-03
2025-03-15,Display_Prospecting,Display,Prospecting,927.05,5477,54,0,0.0,0.0,2025-03
2025-03-15,Display_Retention,Display,Retention,3005.05,17625,172,7,15537.76,8545.77,2025-03
2025-03-15,Affiliate_Prospecting,Affiliate,Prospecting,4253.8,11090,302,12,20544.2,11299.31,2025-03
2025-03-15,Affiliate_Retention,Affiliate,Retention,2132.76,5529,149,7,14131.67,7772.42,2025-03
2025-03-16,Search_Prospecting,Search,Prospecting,15794.24,17440,600,35,52525.93,28889.26,2025-03
2025-03-16,Search_Retention,Search,Retention,5631.07,4742,183,10,22347.17,12290.94,2025-03
2025-03-16,Social_Prospecting,Social,Prospecting,3139.17,6691,148,6,9605.96,5283.28,2025-03
2025-03-16,Social_Retention,Social,Retention,3207.72,7011,149,7,11101.25,6105.69,2025-03
2025-03-16,Email_Prospecting,Email,Prospecting,4790.71,17909,1220,84,180492.4,99270.82,2025-03
2025-03-16,Email_Retention,Email,Retention,3149.21,12040,819,78,119178.75,65548.31,2025-03
2025-03-16,Display_Prospecting,Display,Prospecting,2063.26,15994,131,1,1562.04,859.12,2025-03
2025-03-16,Display_Retention,Display,Retention,1019.4,7937,57,0,0.0,0.0,2025-03
2025-03-16,Affiliate_Prospecting,Affiliate,Prospecting,6572.52,14840,409,18,37491.75,20620.46,2025-03
2025-03-16,Affiliate_Retention,Affiliate,Retention,8079.98,17956,503,30,54598.83,30029.36,2025-03
2025-03-17,Search_Prospecting,Search,Prospecting,9779.09,9357,331,18,41076.09,22591.85,2025-03
2025-03-17,Search_Retention,Search,Retention,12894.17,13360,480,24,37659.79,20712.88,2025-03
2025-03-17,Social_Prospecting,Social,Prospecting,4537.11,11012,239,8,15916.13,8753.87,2025-03
2025-03-17,Social_Retention,Social,Retention,4709.11,9990,243,5,9861.48,5423.81,2025-03
2025-03-17,Email_Prospecting,Email,Prospecting,1250.95,4809,328,25,49748.91,27361.9,2025-03
2025-03-17,Email_Retention,Email,Retention,3116.2,11092,763,77,140757.83,77416.81,2025-03
2025-03-17,Display_Prospecting,Display,Prospecting,1342.59,6253,73,0,0.0,0.0,2025-03
2025-03-17,Display_Retention,Display,Retention,1310.28,8430,75,0,0.0,0.0,2025-03
2025-03-17,Affiliate_Prospecting,Affiliate,Prospecting,1633.12,4247,120,2,3709.08,2039.99,2025-03
2025-03-17,Affiliate_Retention,Affiliate,Retention,2761.64,7158,196,7,13466.88,7406.78,2025-03
2025-03-18,Search_Prospecting,Search,Prospecting,4156.23,4411,151,8,18332.42,10082.83,2025-03
2025-03-18,Search_Retention,Search,Retention,8098.08,9097,289,19,42513.86,23382.62,2025-03
2025-03-18,Social_Prospecting,Social,Prospecting,7219.17,15603,356,11,18386.24,10112.43,2025-03
2025-03-18,Social_Retention,Social,Retention,4108.01,11102,228,7,13000.85,7150.47,2025-03
2025-03-18,Email_Prospecting,Email,Prospecting,4895.65,17296,1187,87,151979.63,83588.8,2025-03
2025-03-18,Email_Retention,Email,Retention,1087.14,4084,282,31,65089.99,35799.49,2025-03
2025-03-18,Display_Prospecting,Display,Prospecting,1244.41,8904,76,3,4935.49,2714.52,2025-03
2025-03-18,Display_Retention,Display,Retention,929.61,5915,52,2,3698.96,2034.43,2025-03
2025-03-18,Affiliate_Prospecting,Affiliate,Prospecting,2478.87,6208,158,9,16441.93,9043.06,2025-03
2025-03-18,Affiliate_Retention,Affiliate,Retention,2995.45,6922,199,11,22492.51,12370.88,2025-03
2025-03-19,Search_Prospecting,Search,Prospecting,13447.51,16106,507,17,32308.25,17769.54,2025-03
2025-03-19,Search_Retention,Search,Retention,10615.0,11107,397,29,58925.77,32409.17,2025-03
2025-03-19,Social_Prospecting,Social,Prospecting,4127.75,9257,210,3,6388.36,3513.6,2025-03
2025-03-19,Social_Retention,Social,Retention,6882.08,13856,332,9,18829.05,10355.98,2025-03
2025-03-19,Email_Prospecting,Email,Prospecting,1698.51,6467,456,33,72703.73,39987.05,2025-03
2025-03-19,Email_Retention,Email,Retention,2385.37,8650,621,61,98229.5,54026.23,2025-03
2025-03-19,Display_Prospecting,Display,Prospecting,800.4,5659,45,0,0.0,0.0,2025-03
2025-03-19,Display_Retention,Display,Retention,2041.8,13182,121,5,10020.94,5511.52,2025-03
2025-03-19,Affiliate_Prospecting,Affiliate,Prospecting,4809.61,12589,336,20,42403.06,23321.68,2025-03
2025-03-19,Affiliate_Retention,Affiliate,Retention,1549.28,4325,109,5,9270.11,5098.56,2025-03
2025-03-20,Search_Prospecting,Search,Prospecting,16613.59,16856,607,32,57304.78,31517.63,2025-03
2025-03-20,Search_Retention,Search,Retention,11790.97,12894,435,30,65636.4,36100.02,2025-03
2025-03-20,Social_Prospecting,Social,Prospecting,2573.87,5787,117,3,5040.06,2772.03,2025-03
2025-03-20,Social_Retention,Social,Retention,7206.49,15836,347,9,16962.54,9329.4,2025-03
2025-03-20,Email_Prospecting,Email,Prospecting,1323.69,4803,331,29,50193.03,27606.17,2025-03
2025-03-20,Email_Retention,Email,Retention,1737.34,7092,470,45,84261.91,46344.05,2025-03
2025-03-20,Display_Prospecting,Display,Prospecting,981.53,4553,55,2,4068.68,2237.77,2025-03
2025-03-20,Display_Retention,Display,Retention,1701.09,9423,93,1,1879.51,1033.73,2025-03
2025-03-20,Affiliate_Prospecting,Affiliate,Prospecting,2527.37,6660,176,9,18955.56,10425.56,2025-03
2025-03-20,Affiliate_Retention,Affiliate,Retention,3725.13,8778,242,11,17852.87,9819.08,2025-03
2025-03-21,Search_Prospecting,Search,Prospecting,14152.47,14928,496,19,43454.07,23899.74,2025-03
2025-03-21,Search_Retention,Search,Retention,9408.12,9093,318,22,44538.46,24496.15,2025-03
2025-03-21,Social_Prospecting,Social,Prospecting,6072.55,13201,277,5,8411.15,4626.13,2025-03
2025-03-21,Social_Retention,Social,Retention,5502.54,13675,283,7,14501.98,7976.09,2025-03
2025-03-21,Email_Prospecting,Email,Prospecting,1756.8,7121,487,39,70058.03,38531.92,2025-03
2025-03-21,Email_Retention,Email,Retention,1942.81,6222,452,39,76663.61,42164.99,2025-03
2025-03-21,Display_Prospecting,Display,Prospecting,1803.95,9741,98,3,6685.59,3677.07,2025-03
2025-03-21,Display_Retention,Display,Retention,1454.66,9767,89,1,1766.24,971.43,2025-03
2025-03-21,Affiliate_Prospecting,Affiliate,Prospecting,4218.44,12436,312,10,21839.56,12011.76,2025-03
2025-03-21,Affiliate_Retention,Affiliate,Retention,4534.6,12863,320,18,29424.81,16183.65,2025-03
2025-03-22,Search_Prospecting,Search,Prospecting,17814.63,17432,604,33,53899.19,29644.55,2025-03
2025-03-22,Search_Retention,Search,Retention,10268.59,10596,356,27,55660.65,30613.36,2025-03
2025-03-22,Social_Prospecting,Social,Prospecting,6940.43,15392,332,6,9945.44,5469.99,2025-03
2025-03-22,Social_Retention,Social,Retention,4305.12,9639,211,7,12949.69,7122.33,2025-03
2025-03-22,Email_Prospecting,Email,Prospecting,3175.11,12340,877,66,99393.7,54666.54,2025-03
2025-03-22,Email_Retention,Email,Retention,4468.9,16872,1189,113,250474.07,137760.74,2025-03
2025-03-22,Display_Prospecting,Display,Prospecting,2281.47,14740,137,1,1696.63,933.15,2025-03
2025-03-22,Display_Retention,Display,Retention,1124.67,6661,70,4,7349.4,4042.17,2025-03
2025-03-22,Affiliate_Prospecting,Affiliate,Prospecting,4105.06,10844,271,10,19397.07,10668.39,2025-03
2025-03-22,Affiliate_Retention,Affiliate,Retention,4866.28,11819,348,15,26124.62,14368.54,2025-03
2025-03-23,Search_Prospecting,Search,Prospecting,10472.74,10075,385,22,37861.93,20824.06,2025-03
2025-03-23,Search_Retention,Search,Retention,6212.73,6028,224,13,24759.63,13617.8,2025-03
2025-03-23,Social_Prospecting,Social,Prospecting,5179.8,12365,267,4,8295.39,4562.46,2025-03
2025-03-23,Social_Retention,Social,Retention,6881.99,17780,378,11,24711.06,13591.08,2025-03
2025-03-23,Email_Prospecting,Email,Prospecting,1352.83,5131,353,34,62212.67,34216.97,2025-03
2025-03-23,Email_Retention,Email,Retention,2645.1,9790,654,56,114884.24,63186.33,2025-03
2025-03-23,Display_Prospecting,Display,Prospecting,2851.79,16611,164,0,0.0,0.0,2025-03
2025-03-23,Display_Retention,Display,Retention,2197.38,13008,129,2,4338.69,2386.28,2025-03
2025-03-23,Affiliate_Prospecting,Affiliate,Prospecting,3393.28,8885,245,16,35857.81,19721.8,2025-03
2025-03-23,Affiliate_Retention,Affiliate,Retention,2658.26,6404,177,5,9990.52,5494.79,2025-03
2025-03-24,Search_Prospecting,Search,Prospecting,10606.16,11839,417,23,42586.46,23422.55,2025-03
2025-03-24,Search_Retention,Search,Retention,7283.94,8295,271,26,42643.86,23454.12,2025-03
2025-03-24,Social_Prospecting,Social,Prospecting,5211.37,13231,286,8,12255.27,6740.4,2025-03
2025-03-24,Social_Retention,Social,Retention,2936.52,7073,145,5,8775.88,4826.73,2025-03
2025-03-24,Email_Prospecting,Email,Prospecting,4255.02,14428,986,57,98122.23,53967.23,2025-03
2025-03-24,Email_Retention,Email,Retention,4548.16,17011,1246,123,184866.59,101676.62,2025-03
2025-03-24,Display_Prospecting,Display,Prospecting,1273.9,9880,81,3,5496.26,3022.94,2025-03
2025-03-24,Display_Retention,Display,Retention,1248.54,8546,76,0,0.0,0.0,2025-03
2025-03-24,Affiliate_Prospecting,Affiliate,Prospecting,5894.85,15736,432,15,24805.37,13642.95,2025-03
2025-03-24,Affiliate_Retention,Affiliate,Retention,5044.42,12759,326,18,32542.74,17898.51,2025-03
2025-03-25,Search_Prospecting,Search,Prospecting,11776.99,12239,465,31,59655.78,32810.68,2025-03
2025-03-25,Search_Retention,Search,Retention,4671.74,4044,161,11,17577.2,9667.46,2025-03
2025-03-25,Social_Prospecting,Social,Prospecting,2965.21,6316,147,5,8529.22,4691.07,2025-03
2025-03-25,Social_Retention,Social,Retention,5566.79,13448,298,9,13641.98,7503.09,2025-03
2025-03-25,Email_Prospecting,Email,Prospecting,4938.7,17769,1301,92,208854.27,114869.85,2025-03
2025-03-25,Email_Retention,Email,Retention,1306.91,4729,360,28,48559.77,26707.87,2025-03
2025-03-25,Display_Prospecting,Display,Prospecting,641.65,4984,41,0,0.0,0.0,2025-03
2025-03-25,Display_Retention,Display,Retention,973.32,5717,61,0,0.0,0.0,2025-03
2025-03-25,Affiliate_Prospecting,Affiliate,Prospecting,7990.73,17649,511,22,44033.83,24218.61,2025-03
2025-03-25,Affiliate_Retention,Affiliate,Retention,6320.91,15203,416,22,35441.25,19492.69,2025-03
2025-03-26,Search_Prospecting,Search,Prospecting,16084.51,17621,624,31,66882.39,36785.31,2025-03
2025-03-26,Search_Retention,Search,Retention,9029.59,8105,304,17,35723.48,19647.91,2025-03
2025-03-26,Social_Prospecting,Social,Prospecting,5332.38,12219,284,7,14144.47,7779.46,2025-03
2025-03-26,Social_Retention,Social,Retention,7458.49,16261,383,17,26176.45,14397.05,2025-03
2025-03-26,Email_Prospecting,Email,Prospecting,4197.72,14241,979,59,106524.52,58588.49,2025-03
2025-03-26,Email_Retention,Email,Retention,2181.61,8590,559,47,78009.6,42905.28,2025-03
2025-03-26,Display_Prospecting,Display,Prospecting,2431.62,14964,140,1,1765.68,971.12,2025-03
2025-03-26,Display_Retention,Display,Retention,910.73,5572,53,0,0.0,0.0,2025-03
2025-03-26,Affiliate_Prospecting,Affiliate,Prospecting,6763.4,14544,410,20,34712.79,19092.03,2025-03
2025-03-26,Affiliate_Retention,Affiliate,Retention,5444.55,14163,382,20,35551.36,19553.25,2025-03
2025-03-27,Search_Prospecting,Search,Prospecting,8586.36,7992,283,9,16429.58,9036.27,2025-03
2025-03-27,Search_Retention,Search,Retention,12177.26,12934,468,30,59454.6,32700.03,2025-03
2025-03-27,Social_Prospecting,Social,Prospecting,3648.83,7542,174,6,10184.43,5601.44,2025-03
2025-03-27,Social_Retention,Social,Retention,7605.57,16897,366,14,28457.56,15651.66,2025-03
2025-03-27,Email_Prospecting,Email,Prospecting,2220.01,7770,546,34,59108.93,32509.91,2025-03
2025-03-27,Email_Retention,Email,Retention,4416.86,15611,1051,85,172227.43,94725.09,2025-03
2025-03-27,Display_Prospecting,Display,Prospecting,1588.08,12771,95,2,3581.97,1970.08,2025-03
2025-03-27,Display_Retention,Display,Retention,2160.26,13113,118,4,9045.86,4975.22,2025-03
2025-03-27,Affiliate_Prospecting,Affiliate,Prospecting,2799.68,7319,206,18,35601.64,19580.9,2025-03
2025-03-27,Affiliate_Retention,Affiliate,Retention,4370.46,9989,279,13,21750.56,11962.81,2025-03
2025-03-28,Search_Prospecting,Search,Prospecting,10818.34,12209,412,26,43950.12,24172.57,2025-03
2025-03-28,Search_Retention,Search,Retention,16147.19,15606,531,35,68232.58,37527.92,2025-03
2025-03-28,Social_Prospecting,Social,Prospecting,5029.52,10131,256,6,10498.46,5774.15,2025-03
2025-03-28,Social_Retention,Social,Retention,4186.91,9427,202,3,4982.89,2740.59,2025-03
2025-03-28,Email_Prospecting,Email,Prospecting,3253.2,12746,872,69,116003.11,63801.71,2025-03
2025-03-28,Email_Retention,Email,Retention,2449.39,9378,653,65,135320.05,74426.03,2025-03
2025-03-28,Display_Prospecting,Display,Prospecting,990.1,8191,60,0,0.0,0.0,2025-03
2025-03-28,Display_Retention,Display,Retention,1791.63,10559,97,0,0.0,0.0,2025-03
2025-03-28,Affiliate_Prospecting,Affiliate,Prospecting,7396.62,16932,478,21,38672.46,21269.85,2025-03
2025-03-28,Affiliate_Retention,Affiliate,Retention,6181.3,17309,438,28,63144.43,34729.44,2025-03
2025-03-29,Search_Prospecting,Search,Prospecting,14199.13,14650,484,31,70321.16,38676.64,2025-03
2025-03-29,Search_Retention,Search,Retention,5782.93,6177,205,12,22277.76,12252.77,2025-03
2025-03-29,Social_Prospecting,Social,Prospecting,1796.45,4896,96,3,6050.27,3327.65,2025-03
2025-03-29,Social_Retention,Social,Retention,1733.62,4081,94,4,6339.9,3486.95,2025-03
2025-03-29,Email_Prospecting,Email,Prospecting,3890.25,14522,969,81,127761.33,70268.73,2025-03
2025-03-29,Email_Retention,Email,Retention,4378.51,14359,1056,120,192315.98,105773.79,2025-03
2025-03-29,Display_Prospecting,Display,Prospecting,2400.55,16897,156,9,13502.26,7426.24,2025-03
2025-03-29,Display_Retention,Display,Retention,1232.99,6934,67,3,6613.26,3637.29,2025-03
2025-03-29,Affiliate_Prospecting,Affiliate,Prospecting,6366.27,15476,411,16,27035.43,14869.49,2025-03
2025-03-29,Affiliate_Retention,Affiliate,Retention,2524.52,6004,154,6,10470.05,5758.53,2025-03
2025-03-30,Search_Prospecting,Search,Prospecting,6664.45,7187,258,14,28011.75,15406.46,2025-03
2025-03-30,Search_Retention,Search,Retention,4609.94,4329,168,8,17030.19,9366.6,2025-03
2025-03-30,Social_Prospecting,Social,Prospecting,2490.79,6225,129,3,4764.39,2620.41,2025-03
2025-03-30,Social_Retention,Social,Retention,5438.04,12280,275,9,15296.81,8413.25,2025-03
2025-03-30,Email_Prospecting,Email,Prospecting,1950.68,7012,519,53,119973.68,65985.52,2025-03
2025-03-30,Email_Retention,Email,Retention,2687.04,10011,693,73,158533.32,87193.33,2025-03
2025-03-30,Display_Prospecting,Display,Prospecting,1254.89,9269,82,1,2269.45,1248.2,2025-03
2025-03-30,Display_Retention,Display,Retention,2352.59,14530,137,3,5196.11,2857.86,2025-03
2025-03-30,Affiliate_Prospecting,Affiliate,Prospecting,2008.0,4763,138,3,4922.63,2707.45,2025-03
2025-03-30,Affiliate_Retention,Affiliate,Retention,6930.35,17602,478,23,46834.71,25759.09,2025-03
2025-03-31,Search_Prospecting,Search,Prospecting,6361.31,8103,243,9,20215.77,11118.67,2025-03
2025-03-31,Search_Retention,Search,Retention,5388.83,6089,205,10,22033.91,12118.65,2025-03
2025-03-31,Social_Prospecting,Social,Prospecting,1911.09,4869,99,4,6410.12,3525.57,2025-03
2025-03-31,Social_Retention,Social,Retention,3277.33,6072,156,7,14410.16,7925.59,2025-03
2025-03-31,Email_Prospecting,Email,Prospecting,3185.32,11616,798,53,105521.47,58036.81,2025-03
2025-03-31,Email_Retention,Email,Retention,2624.15,9383,647,54,108371.68,59604.42,2025-03
2025-03-31,Display_Prospecting,Display,Prospecting,2121.35,13489,124,2,3107.69,1709.23,2025-03
2025-03-31,Display_Retention,Display,Retention,2755.95,16813,159,1,1843.32,1013.83,2025-03
2025-03-31,Affiliate_Prospecting,Affiliate,Prospecting,3106.48,8116,201,7,14011.91,7706.55,2025-03
2025-03-31,Affiliate_Retention,Affiliate,Retention,5697.84,13926,372,24,37319.78,20525.88,2025-03
2025-04-01,Search_Prospecting,Search,Prospecting,11138.88,12855,441,26,51640.07,28402.04,2025-04
2025-04-01,Search_Retention,Search,Retention,9146.15,10200,349,22,40404.92,22222.71,2025-04
2025-04-01,Social_Prospecting,Social,Prospecting,2584.86,6108,124,2,3076.97,1692.33,2025-04
2025-04-01,Social_Retention,Social,Retention,1923.36,4995,91,4,7201.79,3960.98,2025-04
2025-04-01,Email_Prospecting,Email,Prospecting,1985.48,7746,530,37,81648.08,44906.44,2025-04
2025-04-01,Email_Retention,Email,Retention,3356.0,12717,892,86,191736.76,105455.22,2025-04
2025-04-01,Display_Prospecting,Display,Prospecting,1919.04,15127,125,2,3845.39,2114.96,2025-04
2025-04-01,Display_Retention,Display,Retention,2199.7,15192,136,3,6640.53,3652.29,2025-04
2025-04-01,Affiliate_Prospecting,Affiliate,Prospecting,3897.35,8928,259,12,26676.39,14672.01,2025-04
2025-04-01,Affiliate_Retention,Affiliate,Retention,5025.89,13200,344,21,46075.37,25341.45,2025-04
2025-04-02,Search_Prospecting,Search,Prospecting,9684.18,11334,383,20,31117.42,17114.58,2025-04
2025-04-02,Search_Retention,Search,Retention,8646.21,9222,306,26,41195.76,22657.67,2025-04
2025-04-02,Social_Prospecting,Social,Prospecting,3640.78,7378,170,7,10800.81,5940.45,2025-04
2025-04-02,Social_Retention,Social,Retention,5468.94,11481,260,4,7716.19,4243.9,2025-04
2025-04-02,Email_Prospecting,Email,Prospecting,1406.06,5250,348,30,68592.13,37725.67,2025-04
2025-04-02,Email_Retention,Email,Retention,3210.11,9803,730,60,94720.28,52096.15,2025-04
2025-04-02,Display_Prospecting,Display,Prospecting,2913.19,17642,159,1,2140.36,1177.2,2025-04
2025-04-02,Display_Retention,Display,Retention,746.89,5404,46,0,0.0,0.0,2025-04
2025-04-02,Affiliate_Prospecting,Affiliate,Prospecting,2760.88,5907,180,13,26447.56,14546.16,2025-04
2025-04-02,Affiliate_Retention,Affiliate,Retention,6106.72,13531,396,24,51124.85,28118.67,2025-04
2025-04-03,Search_Prospecting,Search,Prospecting,8002.08,8297,262,11,25024.12,13763.27,2025-04
2025-04-03,Search_Retention,Search,Retention,16280.88,16557,569,44,71029.01,39065.96,2025-04
2025-04-03,Social_Prospecting,Social,Prospecting,7120.74,14488,329,5,10478.58,5763.22,2025-04
2025-04-03,Social_Retention,Social,Retention,3964.46,10904,204,6,11958.27,6577.05,2025-04
2025-04-03,Email_Prospecting,Email,Prospecting,3383.2,13011,932,58,119843.09,65913.7,2025-04
2025-04-03,Email_Retention,Email,Retention,2755.97,8921,627,47,87983.99,48391.19,2025-04
2025-04-03,Display_Prospecting,Display,Prospecting,903.49,5824,50,2,4298.84,2364.36,2025-04
2025-04-03,Display_Retention,Display,Retention,2268.05,16124,144,4,6365.39,3500.96,2025-04
2025-04-03,Affiliate_Prospecting,Affiliate,Prospecting,7166.67,16568,463,27,49056.77,26981.22,2025-04
2025-04-03,Affiliate_Retention,Affiliate,Retention,6062.03,14806,399,25,47675.22,26221.37,2025-04
2025-04-04,Search_Prospecting,Search,Prospecting,7275.59,8747,284,16,32691.33,17980.23,2025-04
2025-04-04,Search_Retention,Search,Retention,13418.19,14176,488,34,69929.39,38461.16,2025-04
2025-04-04,Social_Prospecting,Social,Prospecting,3242.26,8241,174,4,8197.52,4508.64,2025-04
2025-04-04,Social_Retention,Social,Retention,7073.84,15837,342,14,24341.79,13387.98,2025-04
2025-04-04,Email_Prospecting,Email,Prospecting,4447.19,15521,1109,73,137144.28,75429.35,2025-04
2025-04-04,Email_Retention,Email,Retention,2436.41,8660,601,59,110319.4,60675.67,2025-04
2025-04-04,Display_Prospecting,Display,Prospecting,1204.0,5475,67,0,0.0,0.0,2025-04
2025-04-04,Display_Retention,Display,Retention,2533.37,16448,164,2,4313.25,2372.29,2025-04
2025-04-04,Affiliate_Prospecting,Affiliate,Prospecting,6642.33,15784,434,17,25917.07,14254.39,2025-04
2025-04-04,Affiliate_Retention,Affiliate,Retention,4856.28,12139,335,20,43220.21,23771.12,2025-04
2025-04-05,Search_Prospecting,Search,Prospecting,9896.85,10561,369,22,35102.02,19306.11,2025-04
2025-04-05,Search_Retention,Search,Retention,13172.65,14017,492,30,52477.4,28862.57,2025-04
2025-04-05,Social_Prospecting,Social,Prospecting,3186.11,7001,171,3,6522.63,3587.45,2025-04
2025-04-05,Social_Retention,Social,Retention,2749.72,7128,137,5,10889.4,5989.17,2025-04
2025-04-05,Email_Prospecting,Email,Prospecting,2816.95,11411,772,68,147328.53,81030.69,2025-04
2025-04-05,Email_Retention,Email,Retention,1207.46,4385,304,31,68358.44,37597.14,2025-04
2025-04-05,Display_Prospecting,Display,Prospecting,1782.53,11822,96,0,0.0,0.0,2025-04
2025-04-05,Display_Retention,Display,Retention,2217.16,12896,128,2,4276.69,2352.18,2025-04
2025-04-05,Affiliate_Prospecting,Affiliate,Prospecting,6209.35,16355,459,20,41949.72,23072.35,2025-04
2025-04-05,Affiliate_Retention,Affiliate,Retention,6319.45,14880,396,17,36614.9,20138.2,2025-04
2025-04-06,Search_Prospecting,Search,Prospecting,11230.99,13013,417,20,33989.37,18694.15,2025-04
2025-04-06,Search_Retention,Search,Retention,16196.85,16284,561,39,84584.02,46521.21,2025-04
2025-04-06,Social_Prospecting,Social,Prospecting,3212.39,7195,177,7,11979.47,6588.71,2025-04
2025-04-06,Social_Retention,Social,Retention,5811.51,13698,282,8,14221.0,7821.55,2025-04
2025-04-06,Email_Prospecting,Email,Prospecting,2236.73,7345,541,37,64642.34,35553.29,2025-04
2025-04-06,Email_Retention,Email,Retention,2987.81,10380,719,53,89703.71,49337.04,2025-04
2025-04-06,Display_Prospecting,Display,Prospecting,764.1,5049,46,1,1537.44,845.59,2025-04
2025-04-06,Display_Retention,Display,Retention,2102.74,14819,131,6,12627.34,6945.04,2025-04
2025-04-06,Affiliate_Prospecting,Affiliate,Prospecting,3522.42,9074,233,10,21619.14,11890.53,2025-04
2025-04-06,Affiliate_Retention,Affiliate,Retention,3188.99,8829,234,11,19826.53,10904.59,2025-04
2025-04-07,Search_Prospecting,Search,Prospecting,13002.84,11485,425,26,57885.26,31836.89,2025-04
2025-04-07,Search_Retention,Search,Retention,17371.92,17300,626,31,49447.68,27196.22,2025-04
2025-04-07,Social_Prospecting,Social,Prospecting,5712.15,12334,277,7,15283.22,8405.77,2025-04
2025-04-07,Social_Retention,Social,Retention,5269.63,11968,257,3,4789.16,2634.04,2025-04
2025-04-07,Email_Prospecting,Email,Prospecting,4040.28,14057,946,63,138402.73,76121.5,2025-04
2025-04-07,Email_Retention,Email,Retention,1261.55,4821,341,23,34879.67,19183.82,2025-04
2025-04-07,Display_Prospecting,Display,Prospecting,2644.08,16810,157,2,3008.96,1654.93,2025-04
2025-04-07,Display_Retention,Display,Retention,2687.79,17917,172,3,5138.79,2826.33,2025-04
2025-04-07,Affiliate_Prospecting,Affiliate,Prospecting,3912.5,10090,276,16,24354.1,13394.76,2025-04
2025-04-07,Affiliate_Retention,Affiliate,Retention,4697.74,11029,295,16,35351.12,19443.12,2025-04
2025-04-08,Search_Prospecting,Search,Prospecting,14071.99,14364,520,27,59292.56,32610.91,2025-04
2025-04-08,Search_Retention,Search,Retention,14292.06,12891,471,36,55449.96,30497.48,2025-04
2025-04-08,Social_Prospecting,Social,Prospecting,4182.69,9933,204,5,8930.93,4912.01,2025-04
2025-04-08,Social_Retention,Social,Retention,1432.45,4179,79,1,1958.16,1076.99,2025-04
2025-04-08,Email_Prospecting,Email,Prospecting,3440.59,13256,887,54,112503.21,61876.77,2025-04
2025-04-08,Email_Retention,Email,Retention,1479.84,5166,360,29,46738.78,25706.33,2025-04
2025-04-08,Display_Prospecting,Display,Prospecting,1592.27,11499,95,3,6820.18,3751.1,2025-04
2025-04-08,Display_Retention,Display,Retention,1759.71,11740,106,0,0.0,0.0,2025-04
2025-04-08,Affiliate_Prospecting,Affiliate,Prospecting,2528.97,6821,182,7,15333.65,8433.51,2025-04
2025-04-08,Affiliate_Retention,Affiliate,Retention,7235.72,17328,465,23,40787.36,22433.05,2025-04
2025-04-09,Search_Prospecting,Search,Prospecting,16365.09,17827,633,30,51899.91,28544.95,2025-04
2025-04-09,Search_Retention,Search,Retention,5317.19,4928,174,9,14871.74,8179.46,2025-04
2025-04-09,Social_Prospecting,Social,Prospecting,6838.67,16154,372,7,14084.96,7746.73,2025-04
2025-04-09,Social_Retention,Social,Retention,3077.12,6564,147,8,17150.13,9432.57,2025-04
2025-04-09,Email_Prospecting,Email,Prospecting,2269.67,8047,573,34,52173.43,28695.39,2025-04
2025-04-09,Email_Retention,Email,Retention,4002.71,14093,928,84,169839.95,93411.97,2025-04
2025-04-09,Display_Prospecting,Display,Prospecting,2329.42,12946,125,3,5519.42,3035.68,2025-04
2025-04-09,Display_Retention,Display,Retention,2165.5,12434,116,2,4130.85,2271.97,2025-04
2025-04-09,Affiliate_Prospecting,Affiliate,Prospecting,5052.96,12277,335,9,19341.94,10638.07,2025-04
2025-04-09,Affiliate_Retention,Affiliate,Retention,3382.21,9028,216,14,23940.44,13167.24,2025-04
2025-04-10,Search_Prospecting,Search,Prospecting,12830.05,13908,488,21,39664.29,21815.36,2025-04
2025-04-10,Search_Retention,Search,Retention,11194.1,12720,430,32,59774.69,32876.08,2025-04
2025-04-10,Social_Prospecting,Social,Prospecting,7385.14,17504,394,11,17795.04,9787.27,2025-04
2025-04-10,Social_Retention,Social,Retention,7522.11,17856,415,11,23945.24,13169.88,2025-04
2025-04-10,Email_Prospecting,Email,Prospecting,3416.64,11284,822,58,96070.89,52838.99,2025-04
2025-04-10,Email_Retention,Email,Retention,1288.55,4452,318,25,40418.71,22230.29,2025-04
2025-04-10,Display_Prospecting,Display,Prospecting,1717.44,11928,102,1,1847.0,1015.85,2025-04
2025-04-10,Display_Retention,Display,Retention,1269.31,11136,79,3,5345.0,2939.75,2025-04
2025-04-10,Affiliate_Prospecting,Affiliate,Prospecting,2203.67,5350,145,9,18108.52,9959.69,2025-04
2025-04-10,Affiliate_Retention,Affiliate,Retention,1974.16,5051,141,10,15729.36,8651.15,2025-04
2025-04-11,Search_Prospecting,Search,Prospecting,8959.84,7579,300,15,24956.64,13726.15,2025-04
2025-04-11,Search_Retention,Search,Retention,17624.27,17125,611,50,79429.61,43686.29,2025-04
2025-04-11,Social_Prospecting,Social,Prospecting,6558.21,17291,360,6,12381.26,6809.69,2025-04
2025-04-11,Social_Retention,Social,Retention,4919.4,10750,232,4,6119.47,3365.71,2025-04
2025-04-11,Email_Prospecting,Email,Prospecting,1679.91,6362,463,34,70778.44,38928.14,2025-04
2025-04-11,Email_Retention,Email,Retention,1079.65,4392,296,30,63474.09,34910.75,2025-04
2025-04-11,Display_Prospecting,Display,Prospecting,2322.87,13746,135,4,7614.93,4188.21,2025-04
2025-04-11,Display_Retention,Display,Retention,1579.48,7757,89,4,8971.29,4934.21,2025-04
2025-04-11,Affiliate_Prospecting,Affiliate,Prospecting,6463.88,15990,458,29,55090.15,30299.58,2025-04
2025-04-11,Affiliate_Retention,Affiliate,Retention,6552.9,16709,476,29,59579.87,32768.93,2025-04
2025-04-12,Search_Prospecting,Search,Prospecting,10537.93,10259,352,15,33924.38,18658.41,2025-04
2025-04-12,Search_Retention,Search,Retention,15223.45,15880,533,39,65704.11,36137.26,2025-04
2025-04-12,Social_Prospecting,Social,Prospecting,3316.48,7345,177,5,10886.16,5987.39,2025-04
2025-04-12,Social_Retention,Social,Retention,4304.93,9299,218,5,11330.45,6231.75,2025-04
2025-04-12,Email_Prospecting,Email,Prospecting,2081.82,7755,538,45,72933.11,40113.21,2025-04
2025-04-12,Email_Retention,Email,Retention,3230.73,11128,786,78,176573.59,97115.47,2025-04
2025-04-12,Display_Prospecting,Display,Prospecting,1695.15,9876,92,2,4221.15,2321.63,2025-04
2025-04-12,Display_Retention,Display,Retention,2248.97,14178,137,3,6762.64,3719.45,2025-04
2025-04-12,Affiliate_Prospecting,Affiliate,Prospecting,2349.38,5437,156,8,12825.91,7054.25,2025-04
2025-04-12,Affiliate_Retention,Affiliate,Retention,4489.21,11111,318,16,31083.5,17095.93,2025-04
2025-04-13,Search_Prospecting,Search,Prospecting,6352.82,5708,218,19,32821.34,18051.74,2025-04
2025-04-13,Search_Retention,Search,Retention,14574.93,13828,484,39,67102.44,36906.34,2025-04
2025-04-13,Social_Prospecting,Social,Prospecting,2298.14,6005,124,2,3961.79,2178.98,2025-04
2025-04-13,Social_Retention,Social,Retention,2255.97,5797,121,6,9996.87,5498.28,2025-04
2025-04-13,Email_Prospecting,Email,Prospecting,1530.4,5493,406,29,43917.76,24154.77,2025-04
2025-04-13,Email_Retention,Email,Retention,1103.52,4033,274,33,53657.55,29511.65,2025-04
2025-04-13,Display_Prospecting,Display,Prospecting,724.25,5343,44,1,1922.26,1057.24,2025-04
2025-04-13,Display_Retention,Display,Retention,1564.44,10296,94,0,0.0,0.0,2025-04
2025-04-13,Affiliate_Prospecting,Affiliate,Prospecting,7539.99,16982,464,15,29689.75,16329.36,2025-04
2025-04-13,Affiliate_Retention,Affiliate,Retention,2602.2,5910,162,7,13720.08,7546.04,2025-04
2025-04-14,Search_Prospecting,Search,Prospecting,14648.53,14465,504,22,41248.1,22686.46,2025-04
2025-04-14,Search_Retention,Search,Retention,10371.97,10928,388,25,50845.91,27965.25,2025-04
2025-04-14,Social_Prospecting,Social,Prospecting,8132.08,17792,390,10,16799.75,9239.86,2025-04
2025-04-14,Social_Retention,Social,Retention,6107.61,14454,302,8,17473.99,9610.69,2025-04
2025-04-14,Email_Prospecting,Email,Prospecting,2352.71,9011,647,44,93819.07,51600.49,2025-04
2025-04-14,Email_Retention,Email,Retention,2144.99,7493,540,48,105350.38,57942.71,2025-04
2025-04-14,Display_Prospecting,Display,Prospecting,2753.91,15112,157,2,3032.87,1668.08,2025-04
2025-04-14,Display_Retention,Display,Retention,1949.12,14288,116,0,0.0,0.0,2025-04
2025-04-14,Affiliate_Prospecting,Affiliate,Prospecting,2712.32,6570,178,7,15413.79,8477.58,2025-04
2025-04-14,Affiliate_Retention,Affiliate,Retention,3355.43,9237,246,19,37449.13,20597.02,2025-04
2025-04-15,Search_Prospecting,Search,Prospecting,14580.85,16443,560,28,52515.57,28883.56,2025-04
2025-04-15,Search_Retention,Search,Retention,11666.99,12054,421,38,58351.51,32093.33,2025-04
2025-04-15,Social_Prospecting,Social,Prospecting,6282.64,16646,347,8,15282.7,8405.49,2025-04
2025-04-15,Social_Retention,Social,Retention,3164.42,7074,152,11,16945.87,9320.23,2025-04
2025-04-15,Email_Prospecting,Email,Prospecting,3258.97,11018,777,54,119547.63,65751.2,2025-04
2025-04-15,Email_Retention,Email,Retention,2946.6,10281,689,52,79478.04,43712.92,2025-04
2025-04-15,Display_Prospecting,Display,Prospecting,757.5,4723,47,2,4343.8,2389.09,2025-04
2025-04-15,Display_Retention,Display,Retention,1929.6,11833,106,2,3231.34,1777.24,2025-04
2025-04-15,Affiliate_Prospecting,Affiliate,Prospecting,4488.82,12177,324,13,29320.82,16126.45,2025-04
2025-04-15,Affiliate_Retention,Affiliate,Retention,6542.24,16256,436,24,47838.29,26311.06,2025-04
2025-04-16,Search_Prospecting,Search,Prospecting,13268.45,14537,464,27,49855.42,27420.48,2025-04
2025-04-16,Search_Retention,Search,Retention,17170.48,16576,601,49,102873.81,56580.6,2025-04
2025-04-16,Social_Prospecting,Social,Prospecting,3782.98,7356,173,0,0.0,0.0,2025-04
2025-04-16,Social_Retention,Social,Retention,3059.58,6492,155,6,12856.08,7070.84,2025-04
2025-04-16,Email_Prospecting,Email,Prospecting,4948.86,17816,1264,101,152907.94,84099.37,2025-04
2025-04-16,Email_Retention,Email,Retention,4609.29,17993,1251,104,228050.71,125427.89,2025-04
2025-04-16,Display_Prospecting,Display,Prospecting,840.97,5537,52,1,1907.6,1049.18,2025-04
2025-04-16,Display_Retention,Display,Retention,901.83,7095,54,0,0.0,0.0,2025-04
2025-04-16,Affiliate_Prospecting,Affiliate,Prospecting,6011.33,17168,445,17,31319.63,17225.8,2025-04
2025-04-16,Affiliate_Retention,Affiliate,Retention,2683.83,7428,176,10,16612.72,9137.0,2025-04
2025-04-17,Search_Prospecting,Search,Prospecting,8277.41,9263,291,21,44813.44,24647.39,2025-04
2025-04-17,Search_Retention,Search,Retention,14712.42,13799,494,25,41621.88,22892.03,2025-04
2025-04-17,Social_Prospecting,Social,Prospecting,6281.68,14487,347,5,11166.56,6141.61,2025-04
2025-04-17,Social_Retention,Social,Retention,3887.43,8746,188,12,23040.91,12672.5,2025-04
2025-04-17,Email_Prospecting,Email,Prospecting,2213.93,8074,562,53,93595.66,51477.61,2025-04
2025-04-17,Email_Retention,Email,Retention,3400.59,11292,815,85,182323.0,100277.65,2025-04
2025-04-17,Display_Prospecting,Display,Prospecting,2360.21,17335,144,2,3816.03,2098.82,2025-04
2025-04-17,Display_Retention,Display,Retention,1644.57,10677,98,1,2213.36,1217.35,2025-04
2025-04-17,Affiliate_Prospecting,Affiliate,Prospecting,5409.6,13082,354,21,45351.34,24943.24,2025-04
2025-04-17,Affiliate_Retention,Affiliate,Retention,1971.27,4504,122,11,21409.99,11775.49,2025-04
2025-04-18,Search_Prospecting,Search,Prospecting,11495.71,10415,386,27,50355.02,27695.26,2025-04
2025-04-18,Search_Retention,Search,Retention,10965.76,10656,375,19,36961.38,20328.76,2025-04
2025-04-18,Social_Prospecting,Social,Prospecting,7279.06,16804,367,6,11371.96,6254.58,2025-04
2025-04-18,Social_Retention,Social,Retention,2868.92,7277,154,5,8118.9,4465.4,2025-04
2025-04-18,Email_Prospecting,Email,Prospecting,3438.94,12660,874,71,113844.77,62614.62,2025-04
2025-04-18,Email_Retention,Email,Retention,4756.13,15988,1132,98,192310.93,105771.01,2025-04
2025-04-18,Display_Prospecting,Display,Prospecting,1891.73,13314,121,3,6844.82,3764.65,2025-04
2025-04-18,Display_Retention,Display,Retention,2053.56,15286,125,4,7915.42,4353.48,2025-04
2025-04-18,Affiliate_Prospecting,Affiliate,Prospecting,2207.24,5883,160,4,7954.85,4375.17,2025-04
2025-04-18,Affiliate_Retention,Affiliate,Retention,3455.37,9069,255,15,25751.8,14163.49,2025-04
2025-04-19,Search_Prospecting,Search,Prospecting,3738.78,4398,126,4,8832.55,4857.9,2025-04
2025-04-19,Search_Retention,Search,Retention,16238.26,14883,536,31,63311.62,34821.39,2025-04
2025-04-19,Social_Prospecting,Social,Prospecting,6298.58,13236,296,8,14508.22,7979.52,2025-04
2025-04-19,Social_Retention,Social,Retention,4031.15,8441,184,6,11478.67,6313.27,2025-04
2025-04-19,Email_Prospecting,Email,Prospecting,3111.91,11395,797,59,106631.62,58647.39,2025-04
2025-04-19,Email_Retention,Email,Retention,2932.0,9392,697,65,141505.56,77828.06,2025-04
2025-04-19,Display_Prospecting,Display,Prospecting,1378.4,8895,79,1,1944.42,1069.43,2025-04
2025-04-19,Display_Retention,Display,Retention,1409.54,9247,89,2,3651.6,2008.38,2025-04
2025-04-19,Affiliate_Prospecting,Affiliate,Prospecting,3780.62,8452,239,15,28815.49,15848.52,2025-04
2025-04-19,Affiliate_Retention,Affiliate,Retention,4397.2,13295,314,20,34572.68,19014.97,2025-04
2025-04-20,Search_Prospecting,Search,Prospecting,4887.74,5098,170,7,11564.52,6360.49,2025-04
2025-04-20,Search_Retention,Search,Retention,8493.91,8733,279,20,37838.2,20811.01,2025-04
2025-04-20,Social_Prospecting,Social,Prospecting,5146.79,10482,240,2,3991.95,2195.57,2025-04
2025-04-20,Social_Retention,Social,Retention,1725.05,4467,88,6,9779.17,5378.54,2025-04
2025-04-20,Email_Prospecting,Email,Prospecting,1949.15,7656,532,41,68771.19,37824.15,2025-04
2025-04-20,Email_Retention,Email,Retention,1346.6,4782,348,25,42167.43,23192.09,2025-04
2025-04-20,Display_Prospecting,Display,Prospecting,1139.53,6516,62,0,0.0,0.0,2025-04
2025-04-20,Display_Retention,Display,Retention,1347.73,8593,79,1,1534.74,844.11,2025-04
2025-04-20,Affiliate_Prospecting,Affiliate,Prospecting,4355.23,10701,294,14,24921.59,13706.87,2025-04
2025-04-20,Affiliate_Retention,Affiliate,Retention,5026.2,13079,347,11,22465.28,12355.9,2025-04
2025-04-21,Search_Prospecting,Search,Prospecting,16191.41,17591,587,40,68458.47,37652.16,2025-04
2025-04-21,Search_Retention,Search,Retention,5454.4,5522,202,14,21714.02,11942.71,2025-04
2025-04-21,Social_Prospecting,Social,Prospecting,5868.0,14607,325,13,25759.32,14167.63,2025-04
2025-04-21,Social_Retention,Social,Retention,3106.05,6940,156,4,8614.73,4738.1,2025-04
2025-04-21,Email_Prospecting,Email,Prospecting,2127.7,7738,531,47,83052.75,45679.01,2025-04
2025-04-21,Email_Retention,Email,Retention,3847.19,14434,1008,77,159126.29,87519.46,2025-04
2025-04-21,Display_Prospecting,Display,Prospecting,2886.93,17144,161,2,4157.66,2286.71,2025-04
2025-04-21,Display_Retention,Display,Retention,1225.01,10917,78,4,8022.27,4412.25,2025-04
2025-04-21,Affiliate_Prospecting,Affiliate,Prospecting,4130.17,9998,283,13,28954.89,15925.19,2025-04
2025-04-21,Affiliate_Retention,Affiliate,Retention,5743.0,14036,391,22,34687.81,19078.3,2025-04
2025-04-22,Search_Prospecting,Search,Prospecting,16620.66,17044,625,41,92700.01,50985.01,2025-04
2025-04-22,Search_Retention,Search,Retention,11756.92,11907,447,34,72380.19,39809.1,2025-04
2025-04-22,Social_Prospecting,Social,Prospecting,2190.84,4039,104,2,3506.97,1928.83,2025-04
2025-04-22,Social_Retention,Social,Retention,5712.57,13872,317,5,7731.06,4252.08,2025-04
2025-04-22,Email_Prospecting,Email,Prospecting,4932.6,17049,1155,89,185827.95,102205.37,2025-04
2025-04-22,Email_Retention,Email,Retention,1585.01,5791,394,46,101757.98,55966.89,2025-04
2025-04-22,Display_Prospecting,Display,Prospecting,2376.37,14484,139,0,0.0,0.0,2025-04
2025-04-22,Display_Retention,Display,Retention,1770.03,10362,115,0,0.0,0.0,2025-04
2025-04-22,Affiliate_Prospecting,Affiliate,Prospecting,4747.67,11151,344,15,28766.12,15821.37,2025-04
2025-04-22,Affiliate_Retention,Affiliate,Retention,8212.93,17813,507,29,43522.16,23937.19,2025-04
2025-04-23,Search_Prospecting,Search,Prospecting,12687.66,12434,442,20,31643.11,17403.71,2025-04
2025-04-23,Search_Retention,Search,Retention,5623.41,7205,219,11,18541.82,10198.0,2025-04
2025-04-23,Social_Prospecting,Social,Prospecting,2885.77,5385,144,3,5200.05,2860.03,2025-04
2025-04-23,Social_Retention,Social,Retention,8636.26,17467,438,13,20800.67,11440.37,2025-04
2025-04-23,Email_Prospecting,Email,Prospecting,1440.59,5044,367,28,45820.02,25201.01,2025-04
2025-04-23,Email_Retention,Email,Retention,2727.32,9359,642,54,112090.4,61649.72,2025-04
2025-04-23,Display_Prospecting,Display,Prospecting,1635.87,11310,102,2,3485.73,1917.15,2025-04
2025-04-23,Display_Retention,Display,Retention,2523.67,17263,157,3,6884.32,3786.38,2025-04
2025-04-23,Affiliate_Prospecting,Affiliate,Prospecting,3918.53,9596,249,13,22324.28,12278.35,2025-04
2025-04-23,Affiliate_Retention,Affiliate,Retention,2283.2,5618,150,8,17356.48,9546.06,2025-04
2025-04-24,Search_Prospecting,Search,Prospecting,11102.16,10943,410,22,37134.74,20424.11,2025-04
2025-04-24,Search_Retention,Search,Retention,12825.54,14766,502,34,58358.13,32096.97,2025-04
2025-04-24,Social_Prospecting,Social,Prospecting,3234.54,9023,174,4,9065.34,4985.94,2025-04
2025-04-24,Social_Retention,Social,Retention,2031.21,4626,104,6,12312.12,6771.67,2025-04
2025-04-24,Email_Prospecting,Email,Prospecting,5076.4,16410,1182,73,126484.85,69566.67,2025-04
2025-04-24,Email_Retention,Email,Retention,2053.84,7218,497,47,75405.58,41473.07,2025-04
2025-04-24,Display_Prospecting,Display,Prospecting,2510.24,17782,156,1,2069.1,1138.01,2025-04
2025-04-24,Display_Retention,Display,Retention,1557.53,9912,87,2,3151.81,1733.5,2025-04
2025-04-24,Affiliate_Prospecting,Affiliate,Prospecting,5960.26,15091,380,20,39614.26,21787.84,2025-04
2025-04-24,Affiliate_Retention,Affiliate,Retention,6597.04,15927,433,40,85878.97,47233.43,2025-04
2025-04-25,Search_Prospecting,Search,Prospecting,5903.52,5998,213,12,23478.94,12913.42,2025-04
2025-04-25,Search_Retention,Search,Retention,12635.73,14419,499,33,62799.01,34539.46,2025-04
2025-04-25,Social_Prospecting,Social,Prospecting,3984.39,7646,182,2,4475.73,2461.65,2025-04
2025-04-25,Social_Retention,Social,Retention,5439.06,11634,262,8,14283.7,7856.04,2025-04
2025-04-25,Email_Prospecting,Email,Prospecting,2129.57,7182,516,44,84537.41,46495.58,2025-04
2025-04-25,Email_Retention,Email,Retention,1416.53,4942,341,39,70178.19,38598.0,2025-04
2025-04-25,Display_Prospecting,Display,Prospecting,1083.41,8874,65,1,1935.02,1064.26,2025-04
2025-04-25,Display_Retention,Display,Retention,1329.78,8814,78,2,4259.32,2342.63,2025-04
2025-04-25,Affiliate_Prospecting,Affiliate,Prospecting,7241.29,17184,465,14,29014.62,15958.04,2025-04
2025-04-25,Affiliate_Retention,Affiliate,Retention,5144.46,13222,365,16,30704.41,16887.43,2025-04
2025-04-26,Search_Prospecting,Search,Prospecting,14871.32,15106,566,29,66436.96,36540.33,2025-04
2025-04-26,Search_Retention,Search,Retention,5813.53,5898,213,11,21831.47,12007.31,2025-04
2025-04-26,Social_Prospecting,Social,Prospecting,5688.67,12197,266,7,13686.63,7527.65,2025-04
2025-04-26,Social_Retention,Social,Retention,6335.9,14947,319,13,29766.85,16371.77,2025-04
2025-04-26,Email_Prospecting,Email,Prospecting,1607.11,5992,399,31,59245.68,32585.12,2025-04
2025-04-26,Email_Retention,Email,Retention,4552.44,16307,1150,119,264945.56,145720.06,2025-04
2025-04-26,Display_Prospecting,Display,Prospecting,2247.79,16559,131,4,6071.7,3339.43,2025-04
2025-04-26,Display_Retention,Display,Retention,2493.68,13964,143,2,4460.66,2453.36,2025-04
2025-04-26,Affiliate_Prospecting,Affiliate,Prospecting,5630.08,13533,357,18,32650.8,17957.94,2025-04
2025-04-26,Affiliate_Retention,Affiliate,Retention,3943.98,9009,242,9,20077.51,11042.63,2025-04
2025-04-27,Search_Prospecting,Search,Prospecting,8097.1,8873,297,13,22277.75,12252.76,2025-04
2025-04-27,Search_Retention,Search,Retention,16141.35,15163,533,39,78564.09,43210.25,2025-04
2025-04-27,Social_Prospecting,Social,Prospecting,2889.88,6941,158,4,8518.62,4685.24,2025-04
2025-04-27,Social_Retention,Social,Retention,4244.68,10388,222,6,10932.03,6012.62,2025-04
2025-04-27,Email_Prospecting,Email,Prospecting,3652.54,14116,1004,83,126946.94,69820.82,2025-04
2025-04-27,Email_Retention,Email,Retention,3775.14,12652,863,80,147440.51,81092.28,2025-04
2025-04-27,Display_Prospecting,Display,Prospecting,1008.21,5976,61,2,4052.75,2229.01,2025-04
2025-04-27,Display_Retention,Display,Retention,1170.24,7875,69,2,3211.43,1766.29,2025-04
2025-04-27,Affiliate_Prospecting,Affiliate,Prospecting,5178.4,13347,379,22,38527.75,21190.26,2025-04
2025-04-27,Affiliate_Retention,Affiliate,Retention,6660.51,16626,466,25,40101.66,22055.91,2025-04
2025-04-28,Search_Prospecting,Search,Prospecting,4553.92,5142,163,9,16267.13,8946.92,2025-04
2025-04-28,Search_Retention,Search,Retention,4359.83,4515,151,8,15066.01,8286.31,2025-04
2025-04-28,Social_Prospecting,Social,Prospecting,6678.38,14120,316,6,13386.39,7362.51,2025-04
2025-04-28,Social_Retention,Social,Retention,7211.89,14781,358,15,32373.5,17805.43,2025-04
2025-04-28,Email_Prospecting,Email,Prospecting,2242.88,8176,578,56,99962.38,54979.31,2025-04
2025-04-28,Email_Retention,Email,Retention,3355.75,11677,793,71,137706.46,75738.55,2025-04
2025-04-28,Display_Prospecting,Display,Prospecting,1995.28,14866,130,1,1672.87,920.08,2025-04
2025-04-28,Display_Retention,Display,Retention,839.22,5799,49,2,3407.63,1874.2,2025-04
2025-04-28,Affiliate_Prospecting,Affiliate,Prospecting,2915.32,6351,178,3,5881.45,3234.8,2025-04
2025-04-28,Affiliate_Retention,Affiliate,Retention,3912.24,8498,249,16,25218.02,13869.91,2025-04
2025-04-29,Search_Prospecting,Search,Prospecting,5225.33,6245,203,11,17429.47,9586.21,2025-04
2025-04-29,Search_Retention,Search,Retention,12668.39,12329,431,28,46182.66,25400.46,2025-04
2025-04-29,Social_Prospecting,Social,Prospecting,6143.05,13677,288,12,24219.74,13320.86,2025-04
2025-04-29,Social_Retention,Social,Retention,7184.12,17897,364,5,7858.08,4321.94,2025-04
2025-04-29,Email_Prospecting,Email,Prospecting,2978.2,10661,714,41,66553.56,36604.46,2025-04
2025-04-29,Email_Retention,Email,Retention,2282.75,9008,602,43,75307.33,41419.03,2025-04
2025-04-29,Display_Prospecting,Display,Prospecting,1338.19,7748,79,2,3915.89,2153.74,2025-04
2025-04-29,Display_Retention,Display,Retention,1133.08,9857,74,4,6680.93,3674.51,2025-04
2025-04-29,Affiliate_Prospecting,Affiliate,Prospecting,1865.2,4135,117,3,5348.34,2941.59,2025-04
2025-04-29,Affiliate_Retention,Affiliate,Retention,2763.98,6522,185,10,17196.67,9458.17,2025-04
2025-04-30,Search_Prospecting,Search,Prospecting,9672.0,8975,342,25,52876.35,29081.99,2025-04
2025-04-30,Search_Retention,Search,Retention,8478.68,9943,335,19,30943.08,17018.69,2025-04
2025-04-30,Social_Prospecting,Social,Prospecting,2709.58,5777,147,5,11095.78,6102.68,2025-04
2025-04-30,Social_Retention,Social,Retention,2002.76,4303,97,3,4557.72,2506.75,2025-04
2025-04-30,Email_Prospecting,Email,Prospecting,1340.67,5050,333,24,50122.86,27567.57,2025-04
2025-04-30,Email_Retention,Email,Retention,3284.21,11021,787,62,118419.03,65130.47,2025-04
2025-04-30,Display_Prospecting,Display,Prospecting,708.59,4667,42,0,0.0,0.0,2025-04
2025-04-30,Display_Retention,Display,Retention,2634.59,16185,147,4,7225.4,3973.97,2025-04
2025-04-30,Affiliate_Prospecting,Affiliate,Prospecting,6150.12,16603,451,19,33571.25,18464.19,2025-04
2025-04-30,Affiliate_Retention,Affiliate,Retention,2805.34,6413,202,14,24002.48,13201.36,2025-04
2025-05-01,Search_Prospecting,Search,Prospecting,10267.24,10462,363,29,50584.03,27821.22,2025-05
2025-05-01,Search_Retention,Search,Retention,19206.55,17251,637,45,91666.1,50416.36,2025-05
2025-05-01,Social_Prospecting,Social,Prospecting,5413.43,13359,282,12,21086.97,11597.83,2025-05
2025-05-01,Social_Retention,Social,Retention,2884.96,8176,146,2,3473.22,1910.27,2025-05
2025-05-01,Email_Prospecting,Email,Prospecting,4944.13,17739,1200,74,167235.44,91979.49,2025-05
2025-05-01,Email_Retention,Email,Retention,4879.74,16374,1129,85,129407.57,71174.16,2025-05
2025-05-01,Display_Prospecting,Display,Prospecting,2107.47,14002,133,4,8530.08,4691.54,2025-05
2025-05-01,Display_Retention,Display,Retention,554.2,4253,33,1,1796.9,988.3,2025-05
2025-05-01,Affiliate_Prospecting,Affiliate,Prospecting,5370.22,12728,344,13,23706.26,13038.44,2025-05
2025-05-01,Affiliate_Retention,Affiliate,Retention,6691.85,16680,445,35,68568.18,37712.5,2025-05
2025-05-02,Search_Prospecting,Search,Prospecting,10559.65,10069,391,15,33258.75,18292.31,2025-05
2025-05-02,Search_Retention,Search,Retention,16214.48,16562,604,41,83962.49,46179.37,2025-05
2025-05-02,Social_Prospecting,Social,Prospecting,2892.88,6552,157,5,8052.25,4428.74,2025-05
2025-05-02,Social_Retention,Social,Retention,7130.5,14166,330,16,24626.35,13544.49,2025-05
2025-05-02,Email_Prospecting,Email,Prospecting,2614.39,9330,654,52,117488.06,64618.43,2025-05
2025-05-02,Email_Retention,Email,Retention,4356.03,15736,1128,87,179552.51,98753.88,2025-05
2025-05-02,Display_Prospecting,Display,Prospecting,2227.44,14293,136,2,4120.41,2266.23,2025-05
2025-05-02,Display_Retention,Display,Retention,2053.26,13719,133,3,5014.21,2757.82,2025-05
2025-05-02,Affiliate_Prospecting,Affiliate,Prospecting,2932.45,6895,178,7,14162.79,7789.53,2025-05
2025-05-02,Affiliate_Retention,Affiliate,Retention,5345.41,14664,338,18,32297.15,17763.43,2025-05
2025-05-03,Search_Prospecting,Search,Prospecting,10288.03,9908,338,15,27318.85,15025.37,2025-05
2025-05-03,Search_Retention,Search,Retention,13788.47,12855,455,28,63793.07,35086.19,2025-05
2025-05-03,Social_Prospecting,Social,Prospecting,3365.71,9350,186,7,15172.66,8344.96,2025-05
2025-05-03,Social_Retention,Social,Retention,7731.37,17956,397,12,18304.48,10067.46,2025-05
2025-05-03,Email_Prospecting,Email,Prospecting,1521.17,5163,374,24,42101.21,23155.67,2025-05
2025-05-03,Email_Retention,Email,Retention,2799.72,9933,696,56,108754.06,59814.73,2025-05
2025-05-03,Display_Prospecting,Display,Prospecting,2649.26,16942,157,1,1798.42,989.13,2025-05
2025-05-03,Display_Retention,Display,Retention,1808.82,12992,108,3,5065.85,2786.22,2025-05
2025-05-03,Affiliate_Prospecting,Affiliate,Prospecting,2766.28,6957,175,10,18502.32,10176.28,2025-05
2025-05-03,Affiliate_Retention,Affiliate,Retention,2880.74,7831,196,6,13111.75,7211.46,2025-05
2025-05-04,Search_Prospecting,Search,Prospecting,17320.58,17308,600,34,62918.0,34604.9,2025-05
2025-05-04,Search_Retention,Search,Retention,9350.69,9504,341,27,56451.15,31048.13,2025-05
2025-05-04,Social_Prospecting,Social,Prospecting,1665.83,4018,84,2,4305.99,2368.29,2025-05
2025-05-04,Social_Retention,Social,Retention,5021.28,10164,249,8,16125.54,8869.05,2025-05
2025-05-04,Email_Prospecting,Email,Prospecting,1059.75,4071,269,25,55680.0,30624.0,2025-05
2025-05-04,Email_Retention,Email,Retention,2208.38,8029,569,53,119443.67,65694.02,2025-05
2025-05-04,Display_Prospecting,Display,Prospecting,2257.26,14479,127,0,0.0,0.0,2025-05
2025-05-04,Display_Retention,Display,Retention,1296.04,7565,83,0,0.0,0.0,2025-05
2025-05-04,Affiliate_Prospecting,Affiliate,Prospecting,5303.78,13485,329,12,19934.94,10964.22,2025-05
2025-05-04,Affiliate_Retention,Affiliate,Retention,6806.11,17336,465,21,47714.26,26242.84,2025-05
2025-05-05,Search_Prospecting,Search,Prospecting,10917.86,10362,374,17,32307.72,17769.25,2025-05
2025-05-05,Search_Retention,Search,Retention,12897.63,13703,472,29,49790.37,27384.7,2025-05
2025-05-05,Social_Prospecting,Social,Prospecting,8534.15,17544,404,12,21258.48,11692.16,2025-05
2025-05-05,Social_Retention,Social,Retention,2660.38,6731,140,6,11659.54,6412.75,2025-05
2025-05-05,Email_Prospecting,Email,Prospecting,3377.23,11630,820,77,151107.22,83108.97,2025-05
2025-05-05,Email_Retention,Email,Retention,2550.33,8457,601,62,102212.13,56216.67,2025-05
2025-05-05,Display_Prospecting,Display,Prospecting,989.08,6219,57,1,1770.04,973.52,2025-05
2025-05-05,Display_Retention,Display,Retention,2478.29,17540,151,4,8803.93,4842.16,2025-05
2025-05-05,Affiliate_Prospecting,Affiliate,Prospecting,3496.52,9609,244,7,13340.24,7337.13,2025-05
2025-05-05,Affiliate_Retention,Affiliate,Retention,3255.31,7763,215,13,28233.52,15528.44,2025-05
2025-05-06,Search_Prospecting,Search,Prospecting,6417.8,6598,244,16,27100.52,14905.29,2025-05
2025-05-06,Search_Retention,Search,Retention,11005.97,12137,433,30,48054.18,26429.8,2025-05
2025-05-06,Social_Prospecting,Social,Prospecting,6501.77,16558,347,4,7884.05,4336.23,2025-05
2025-05-06,Social_Retention,Social,Retention,4209.0,10999,221,3,4700.4,2585.22,2025-05
2025-05-06,Email_Prospecting,Email,Prospecting,2558.21,10452,706,70,123447.08,67895.89,2025-05
2025-05-06,Email_Retention,Email,Retention,3258.24,11587,863,83,171387.08,94262.89,2025-05
2025-05-06,Display_Prospecting,Display,Prospecting,1517.66,10597,96,0,0.0,0.0,2025-05
2025-05-06,Display_Retention,Display,Retention,2041.45,13227,110,0,0.0,0.0,2025-05
2025-05-06,Affiliate_Prospecting,Affiliate,Prospecting,3992.89,9012,244,12,19800.87,10890.48,2025-05
2025-05-06,Affiliate_Retention,Affiliate,Retention,3602.87,9025,247,13,29741.49,16357.82,2025-05
2025-05-07,Search_Prospecting,Search,Prospecting,6414.24,6151,209,16,35326.05,19429.33,2025-05
2025-05-07,Search_Retention,Search,Retention,5365.93,5973,186,12,21785.05,11981.78,2025-05
2025-05-07,Social_Prospecting,Social,Prospecting,6577.72,15961,351,7,12966.11,7131.36,2025-05
2025-05-07,Social_Retention,Social,Retention,6351.97,15391,314,8,12448.02,6846.41,2025-05
2025-05-07,Email_Prospecting,Email,Prospecting,4130.18,15137,1095,85,169853.86,93419.62,2025-05
2025-05-07,Email_Retention,Email,Retention,1692.67,6389,442,52,115619.97,63590.98,2025-05
2025-05-07,Display_Prospecting,Display,Prospecting,2329.88,17565,141,3,5115.24,2813.38,2025-05
2025-05-07,Display_Retention,Display,Retention,1666.76,13174,103,1,2052.89,1129.09,2025-05
2025-05-07,Affiliate_Prospecting,Affiliate,Prospecting,6771.15,16530,422,19,29826.74,16404.71,2025-05
2025-05-07,Affiliate_Retention,Affiliate,Retention,5336.5,13942,354,15,22669.31,12468.12,2025-05
2025-05-08,Search_Prospecting,Search,Prospecting,8205.53,7471,270,20,45565.38,25060.96,2025-05
2025-05-08,Search_Retention,Search,Retention,14551.96,14919,503,41,89618.79,49290.33,2025-05
2025-05-08,Social_Prospecting,Social,Prospecting,2985.15,6596,161,3,5649.92,3107.46,2025-05
2025-05-08,Social_Retention,Social,Retention,5225.0,11856,242,8,13779.57,7578.76,2025-05
2025-05-08,Email_Prospecting,Email,Prospecting,2842.28,9605,650,35,72651.93,39958.56,2025-05
2025-05-08,Email_Retention,Email,Retention,1043.01,4363,275,12,25333.64,13933.5,2025-05
2025-05-08,Display_Prospecting,Display,Prospecting,955.58,6494,59,0,0.0,0.0,2025-05
2025-05-08,Display_Retention,Display,Retention,2226.52,13938,134,3,6250.87,3437.98,2025-05
2025-05-08,Affiliate_Prospecting,Affiliate,Prospecting,3676.92,8664,242,10,17554.63,9655.05,2025-05
2025-05-08,Affiliate_Retention,Affiliate,Retention,6499.7,17469,434,22,34469.62,18958.29,2025-05
2025-05-09,Search_Prospecting,Search,Prospecting,6663.26,6994,240,17,38163.67,20990.02,2025-05
2025-05-09,Search_Retention,Search,Retention,16003.77,15719,531,36,72613.91,39937.65,2025-05
2025-05-09,Social_Prospecting,Social,Prospecting,2607.69,6187,140,7,11213.98,6167.69,2025-05
2025-05-09,Social_Retention,Social,Retention,3387.92,7262,172,11,21195.77,11657.67,2025-05
2025-05-09,Email_Prospecting,Email,Prospecting,4583.18,17631,1208,104,237407.44,130574.09,2025-05
2025-05-09,Email_Retention,Email,Retention,2284.9,7179,537,45,101324.7,55728.59,2025-05
2025-05-09,Display_Prospecting,Display,Prospecting,1133.06,6967,73,1,1711.64,941.4,2025-05
2025-05-09,Display_Retention,Display,Retention,572.47,6421,34,1,2245.24,1234.88,2025-05
2025-05-09,Affiliate_Prospecting,Affiliate,Prospecting,6020.65,15028,386,20,30418.03,16729.92,2025-05
2025-05-09,Affiliate_Retention,Affiliate,Retention,2648.04,6786,173,10,17367.33,9552.03,2025-05
2025-05-10,Search_Prospecting,Search,Prospecting,12606.78,13119,414,18,35386.13,19462.37,2025-05
2025-05-10,Search_Retention,Search,Retention,7372.92,7642,270,20,39259.92,21592.96,2025-05
2025-05-10,Social_Prospecting,Social,Prospecting,6867.45,17011,349,8,16470.49,9058.77,2025-05
2025-05-10,Social_Retention,Social,Retention,6958.84,13946,322,12,25682.72,14125.5,2025-05
2025-05-10,Email_Prospecting,Email,Prospecting,1951.93,6647,463,32,56280.66,30954.36,2025-05
2025-05-10,Email_Retention,Email,Retention,4475.91,15539,1096,101,198652.08,109258.64,2025-05
2025-05-10,Display_Prospecting,Display,Prospecting,2403.15,16920,141,1,1916.45,1054.05,2025-05
2025-05-10,Display_Retention,Display,Retention,774.19,7579,47,0,0.0,0.0,2025-05
2025-05-10,Affiliate_Prospecting,Affiliate,Prospecting,5073.75,11967,327,13,26656.51,14661.08,2025-05
2025-05-10,Affiliate_Retention,Affiliate,Retention,6000.22,11741,366,18,36936.13,20314.87,2025-05
2025-05-11,Search_Prospecting,Search,Prospecting,7921.98,7271,276,20,39146.68,21530.67,2025-05
2025-05-11,Search_Retention,Search,Retention,13125.69,12291,446,26,49599.0,27279.45,2025-05
2025-05-11,Social_Prospecting,Social,Prospecting,2947.94,7132,150,3,5997.51,3298.63,2025-05
2025-05-11,Social_Retention,Social,Retention,2399.34,4475,111,6,11491.91,6320.55,2025-05
2025-05-11,Email_Prospecting,Email,Prospecting,4301.41,14162,981,78,133170.74,73243.91,2025-05
2025-05-11,Email_Retention,Email,Retention,3570.2,12746,923,88,176872.94,97280.12,2025-05
2025-05-11,Display_Prospecting,Display,Prospecting,1215.5,8042,70,2,3379.37,1858.65,2025-05
2025-05-11,Display_Retention,Display,Retention,2339.26,17453,140,3,6448.72,3546.8,2025-05
2025-05-11,Affiliate_Prospecting,Affiliate,Prospecting,6508.27,17282,455,27,43471.17,23909.14,2025-05
2025-05-11,Affiliate_Retention,Affiliate,Retention,3217.07,8348,208,17,28639.7,15751.84,2025-05
2025-05-12,Search_Prospecting,Search,Prospecting,11359.59,11580,440,30,67209.41,36965.18,2025-05
2025-05-12,Search_Retention,Search,Retention,6280.67,6923,246,15,33995.67,18697.62,2025-05
2025-05-12,Social_Prospecting,Social,Prospecting,2513.53,6480,135,2,3116.98,1714.34,2025-05
2025-05-12,Social_Retention,Social,Retention,7681.17,17924,414,12,25013.07,13757.19,2025-05
2025-05-12,Email_Prospecting,Email,Prospecting,3866.78,12509,919,75,146543.85,80599.12,2025-05
2025-05-12,Email_Retention,Email,Retention,4922.92,15667,1124,113,235142.82,129328.55,2025-05
2025-05-12,Display_Prospecting,Display,Prospecting,2804.0,16539,152,4,7028.61,3865.74,2025-05
2025-05-12,Display_Retention,Display,Retention,1259.05,7736,74,1,1584.57,871.51,2025-05
2025-05-12,Affiliate_Prospecting,Affiliate,Prospecting,4802.04,12889,337,14,29320.06,16126.03,2025-05
2025-05-12,Affiliate_Retention,Affiliate,Retention,2405.75,6347,155,8,13777.39,7577.56,2025-05
2025-05-13,Search_Prospecting,Search,Prospecting,16345.48,17130,588,26,54648.85,30056.87,2025-05
2025-05-13,Search_Retention,Search,Retention,3545.9,4033,130,10,22762.69,12519.48,2025-05
2025-05-13,Social_Prospecting,Social,Prospecting,6737.16,15563,358,8,15502.41,8526.33,2025-05
2025-05-13,Social_Retention,Social,Retention,7344.3,16525,364,6,9304.17,5117.29,2025-05
2025-05-13,Email_Prospecting,Email,Prospecting,3974.87,14890,1059,88,177044.98,97374.74,2025-05
2025-05-13,Email_Retention,Email,Retention,4970.0,17140,1166,100,158761.98,87319.09,2025-05
2025-05-13,Display_Prospecting,Display,Prospecting,949.55,5336,54,1,1783.83,981.11,2025-05
2025-05-13,Display_Retention,Display,Retention,1546.34,9603,98,2,3037.06,1670.38,2025-05
2025-05-13,Affiliate_Prospecting,Affiliate,Prospecting,1311.19,4168,93,6,11522.2,6337.21,2025-05
2025-05-13,Affiliate_Retention,Affiliate,Retention,2169.01,4710,134,4,6514.18,3582.8,2025-05
2025-05-14,Search_Prospecting,Search,Prospecting,17312.45,15254,564,24,38296.9,21063.3,2025-05
2025-05-14,Search_Retention,Search,Retention,6063.82,6405,220,10,19390.02,10664.51,2025-05
2025-05-14,Social_Prospecting,Social,Prospecting,3614.43,7821,173,5,10845.62,5965.09,2025-05
2025-05-14,Social_Retention,Social,Retention,3181.67,6883,157,5,7933.29,4363.31,2025-05
2025-05-14,Email_Prospecting,Email,Prospecting,4310.25,15759,1093,99,193322.2,106327.21,2025-05
2025-05-14,Email_Retention,Email,Retention,2225.7,8376,610,57,110127.67,60570.22,2025-05
2025-05-14,Display_Prospecting,Display,Prospecting,2179.81,13327,126,1,2167.44,1192.09,2025-05
2025-05-14,Display_Retention,Display,Retention,1726.31,11662,98,4,8194.41,4506.93,2025-05
2025-05-14,Affiliate_Prospecting,Affiliate,Prospecting,2269.61,5973,142,3,6763.55,3719.95,2025-05
2025-05-14,Affiliate_Retention,Affiliate,Retention,4474.21,11002,312,12,26091.22,14350.17,2025-05
2025-05-15,Search_Prospecting,Search,Prospecting,13271.65,11378,448,25,42179.84,23198.91,2025-05
2025-05-15,Search_Retention,Search,Retention,13557.67,13181,460,39,82961.3,45628.72,2025-05
2025-05-15,Social_Prospecting,Social,Prospecting,3124.33,7927,162,3,5490.61,3019.84,2025-05
2025-05-15,Social_Retention,Social,Retention,4848.52,9886,234,7,11118.33,6115.08,2025-05
2025-05-15,Email_Prospecting,Email,Prospecting,1976.86,8594,526,33,51584.01,28371.21,2025-05
2025-05-15,Email_Retention,Email,Retention,4292.03,15091,990,85,172075.37,94641.45,2025-05
2025-05-15,Display_Prospecting,Display,Prospecting,1961.76,11754,118,2,3805.01,2092.76,2025-05
2025-05-15,Display_Retention,Display,Retention,2325.4,13217,129,2,3666.42,2016.53,2025-05
2025-05-15,Affiliate_Prospecting,Affiliate,Prospecting,6147.02,15095,414,22,37933.47,20863.41,2025-05
2025-05-15,Affiliate_Retention,Affiliate,Retention,2013.59,4357,126,4,7762.09,4269.15,2025-05
2025-05-16,Search_Prospecting,Search,Prospecting,7907.8,9272,300,19,42661.87,23464.03,2025-05
2025-05-16,Search_Retention,Search,Retention,14300.24,14831,505,29,43641.34,24002.74,2025-05
2025-05-16,Social_Prospecting,Social,Prospecting,7502.21,16869,362,10,17234.92,9479.21,2025-05
2025-05-16,Social_Retention,Social,Retention,1715.25,4255,80,5,8652.17,4758.69,2025-05
2025-05-16,Email_Prospecting,Email,Prospecting,2366.92,7956,545,44,71730.95,39452.02,2025-05
2025-05-16,Email_Retention,Email,Retention,3652.38,11403,835,70,128262.91,70544.6,2025-05
2025-05-16,Display_Prospecting,Display,Prospecting,1261.58,9055,79,0,0.0,0.0,2025-05
2025-05-16,Display_Retention,Display,Retention,1074.53,5906,58,0,0.0,0.0,2025-05
2025-05-16,Affiliate_Prospecting,Affiliate,Prospecting,2775.41,6017,169,6,10641.14,5852.63,2025-05
2025-05-16,Affiliate_Retention,Affiliate,Retention,3240.54,7598,206,11,22322.4,12277.32,2025-05
2025-05-17,Search_Prospecting,Search,Prospecting,9186.52,8699,310,19,30713.08,16892.19,2025-05
2025-05-17,Search_Retention,Search,Retention,13483.74,12519,448,27,47081.77,25894.97,2025-05
2025-05-17,Social_Prospecting,Social,Prospecting,4653.73,10109,239,6,13310.7,7320.89,2025-05
2025-05-17,Social_Retention,Social,Retention,3363.9,7413,164,7,15784.69,8681.58,2025-05
2025-05-17,Email_Prospecting,Email,Prospecting,4497.26,17276,1181,103,205730.52,113151.79,2025-05
2025-05-17,Email_Retention,Email,Retention,3752.76,15235,1042,95,206980.02,113839.01,2025-05
2025-05-17,Display_Prospecting,Display,Prospecting,1851.52,12186,106,2,3839.3,2111.62,2025-05
2025-05-17,Display_Retention,Display,Retention,1073.76,9066,69,1,2118.26,1165.04,2025-05
2025-05-17,Affiliate_Prospecting,Affiliate,Prospecting,7569.62,17764,501,21,32349.99,17792.49,2025-05
2025-05-17,Affiliate_Retention,Affiliate,Retention,4973.04,13242,337,20,33557.81,18456.8,2025-05
2025-05-18,Search_Prospecting,Search,Prospecting,4743.99,4483,162,6,12085.49,6647.02,2025-05
2025-05-18,Search_Retention,Search,Retention,14751.52,14432,504,37,83208.46,45764.65,2025-05
2025-05-18,Social_Prospecting,Social,Prospecting,2474.81,6523,136,3,5225.61,2874.09,2025-05
2025-05-18,Social_Retention,Social,Retention,5990.36,12414,299,13,24876.57,13682.11,2025-05
2025-05-18,Email_Prospecting,Email,Prospecting,2700.6,9308,690,43,82975.46,45636.5,2025-05
2025-05-18,Email_Retention,Email,Retention,1009.92,4073,277,36,63198.53,34759.19,2025-05
2025-05-18,Display_Prospecting,Display,Prospecting,1062.49,6873,63,0,0.0,0.0,2025-05
2025-05-18,Display_Retention,Display,Retention,1115.19,8499,71,4,7100.22,3905.12,2025-05
2025-05-18,Affiliate_Prospecting,Affiliate,Prospecting,3191.82,8203,216,10,17180.44,9449.24,2025-05
2025-05-18,Affiliate_Retention,Affiliate,Retention,2361.16,6911,172,14,28353.37,15594.35,2025-05
2025-05-19,Search_Prospecting,Search,Prospecting,11365.94,9909,370,19,31270.74,17198.91,2025-05
2025-05-19,Search_Retention,Search,Retention,9934.9,10396,343,26,55144.87,30329.68,2025-05
2025-05-19,Social_Prospecting,Social,Prospecting,6030.84,13378,281,10,16969.88,9333.43,2025-05
2025-05-19,Social_Retention,Social,Retention,5093.89,13712,281,7,15121.2,8316.66,2025-05
2025-05-19,Email_Prospecting,Email,Prospecting,4291.15,14970,1075,70,113384.43,62361.44,2025-05
2025-05-19,Email_Retention,Email,Retention,3203.41,11083,793,70,116760.37,64218.2,2025-05
2025-05-19,Display_Prospecting,Display,Prospecting,2037.04,13786,132,1,1528.37,840.6,2025-05
2025-05-19,Display_Retention,Display,Retention,1420.08,8811,79,0,0.0,0.0,2025-05
2025-05-19,Affiliate_Prospecting,Affiliate,Prospecting,3743.32,9400,248,6,9190.21,5054.62,2025-05
2025-05-19,Affiliate_Retention,Affiliate,Retention,1843.0,4055,117,8,15243.29,8383.81,2025-05
2025-05-20,Search_Prospecting,Search,Prospecting,9860.77,10175,350,16,28843.36,15863.85,2025-05
2025-05-20,Search_Retention,Search,Retention,15948.3,16955,589,39,82990.78,45644.93,2025-05
2025-05-20,Social_Prospecting,Social,Prospecting,6415.65,14990,307,6,11723.23,6447.78,2025-05
2025-05-20,Social_Retention,Social,Retention,5933.31,12953,281,12,23235.64,12779.6,2025-05
2025-05-20,Email_Prospecting,Email,Prospecting,2945.16,11274,777,69,118403.38,65121.86,2025-05
2025-05-20,Email_Retention,Email,Retention,3600.3,14117,978,84,144138.57,79276.21,2025-05
2025-05-20,Display_Prospecting,Display,Prospecting,1118.84,6133,60,2,3904.11,2147.26,2025-05
2025-05-20,Display_Retention,Display,Retention,2113.13,13317,120,6,12611.85,6936.52,2025-05
2025-05-20,Affiliate_Prospecting,Affiliate,Prospecting,2173.38,5140,135,8,13518.95,7435.42,2025-05
2025-05-20,Affiliate_Retention,Affiliate,Retention,5545.82,13460,389,29,60357.93,33196.86,2025-05
2025-05-21,Search_Prospecting,Search,Prospecting,6374.09,5912,214,10,22082.97,12145.63,2025-05
2025-05-21,Search_Retention,Search,Retention,7593.28,7235,268,20,39482.05,21715.13,2025-05
2025-05-21,Social_Prospecting,Social,Prospecting,4808.65,10651,257,6,10344.51,5689.48,2025-05
2025-05-21,Social_Retention,Social,Retention,4746.85,10683,235,10,15189.14,8354.03,2025-05
2025-05-21,Email_Prospecting,Email,Prospecting,1159.03,4355,301,30,65722.41,36147.33,2025-05
2025-05-21,Email_Retention,Email,Retention,4554.79,15039,1087,99,218175.18,119996.35,2025-05
2025-05-21,Display_Prospecting,Display,Prospecting,1667.34,12207,97,0,0.0,0.0,2025-05
2025-05-21,Display_Retention,Display,Retention,2765.57,16261,158,1,2084.96,1146.73,2025-05
2025-05-21,Affiliate_Prospecting,Affiliate,Prospecting,5855.68,17132,420,14,27709.68,15240.32,2025-05
2025-05-21,Affiliate_Retention,Affiliate,Retention,2957.32,6438,180,12,21753.21,11964.27,2025-05
2025-05-22,Search_Prospecting,Search,Prospecting,5849.67,6688,223,13,28673.89,15770.64,2025-05
2025-05-22,Search_Retention,Search,Retention,6475.26,6099,216,13,25697.99,14133.89,2025-05
2025-05-22,Social_Prospecting,Social,Prospecting,2118.32,4341,108,2,4037.36,2220.55,2025-05
2025-05-22,Social_Retention,Social,Retention,2320.56,4945,110,0,0.0,0.0,2025-05
2025-05-22,Email_Prospecting,Email,Prospecting,4595.28,15360,1100,80,179989.97,98994.48,2025-05
2025-05-22,Email_Retention,Email,Retention,2252.06,8260,619,46,91025.19,50063.85,2025-05
2025-05-22,Display_Prospecting,Display,Prospecting,2214.24,15597,124,3,5087.35,2798.04,2025-05
2025-05-22,Display_Retention,Display,Retention,2351.45,14876,144,2,3511.1,1931.11,2025-05
2025-05-22,Affiliate_Prospecting,Affiliate,Prospecting,5987.77,16198,412,22,49678.53,27323.19,2025-05
2025-05-22,Affiliate_Retention,Affiliate,Retention,2580.19,6450,174,12,20252.4,11138.82,2025-05
2025-05-23,Search_Prospecting,Search,Prospecting,14800.21,15905,560,32,70208.67,38614.77,2025-05
2025-05-23,Search_Retention,Search,Retention,7723.19,9159,306,23,40838.6,22461.23,2025-05
2025-05-23,Social_Prospecting,Social,Prospecting,5777.92,13543,296,13,23146.24,12730.43,2025-05
2025-05-23,Social_Retention,Social,Retention,5286.77,10164,242,5,10738.12,5905.97,2025-05
2025-05-23,Email_Prospecting,Email,Prospecting,2797.84,10569,754,56,89249.91,49087.45,2025-05
2025-05-23,Email_Retention,Email,Retention,4639.83,17418,1172,94,152873.66,84080.51,2025-05
2025-05-23,Display_Prospecting,Display,Prospecting,896.45,7224,53,3,5393.16,2966.24,2025-05
2025-05-23,Display_Retention,Display,Retention,1060.85,8131,64,0,0.0,0.0,2025-05
2025-05-23,Affiliate_Prospecting,Affiliate,Prospecting,4380.8,10747,303,14,31224.79,17173.63,2025-05
2025-05-23,Affiliate_Retention,Affiliate,Retention,5050.41,11803,316,16,24723.67,13598.02,2025-05
2025-05-24,Search_Prospecting,Search,Prospecting,5988.97,5820,205,16,32001.41,17600.78,2025-05
2025-05-24,Search_Retention,Search,Retention,8769.68,8173,294,21,41527.73,22840.25,2025-05
2025-05-24,Social_Prospecting,Social,Prospecting,7153.95,17663,366,5,11028.2,6065.51,2025-05
2025-05-24,Social_Retention,Social,Retention,6347.51,14480,322,9,20220.44,11121.24,2025-05
2025-05-24,Email_Prospecting,Email,Prospecting,1663.68,5695,387,31,52602.21,28931.22,2025-05
2025-05-24,Email_Retention,Email,Retention,4215.58,15705,1141,90,174442.19,95943.2,2025-05
2025-05-24,Display_Prospecting,Display,Prospecting,2492.21,16086,136,3,5218.15,2869.98,2025-05
2025-05-24,Display_Retention,Display,Retention,2395.09,13744,144,3,6206.66,3413.66,2025-05
2025-05-24,Affiliate_Prospecting,Affiliate,Prospecting,6206.95,16214,415,24,49878.33,27433.08,2025-05
2025-05-24,Affiliate_Retention,Affiliate,Retention,5644.98,15426,416,27,42209.25,23215.09,2025-05
2025-05-25,Search_Prospecting,Search,Prospecting,9643.0,9042,347,24,41545.98,22850.29,2025-05
2025-05-25,Search_Retention,Search,Retention,8398.06,8710,330,20,31774.93,17476.21,2025-05
2025-05-25,Social_Prospecting,Social,Prospecting,2812.37,7015,154,3,5135.54,2824.55,2025-05
2025-05-25,Social_Retention,Social,Retention,2276.24,5950,124,3,5894.68,3242.07,2025-05
2025-05-25,Email_Prospecting,Email,Prospecting,1204.04,4293,332,38,82379.13,45308.52,2025-05
2025-05-25,Email_Retention,Email,Retention,4555.47,16874,1172,101,199670.83,109818.96,2025-05
2025-05-25,Display_Prospecting,Display,Prospecting,2335.14,13997,133,1,2041.5,1122.83,2025-05
2025-05-25,Display_Retention,Display,Retention,2152.04,13457,122,4,6097.62,3353.69,2025-05
2025-05-25,Affiliate_Prospecting,Affiliate,Prospecting,6679.72,17040,473,16,24314.39,13372.91,2025-05
2025-05-25,Affiliate_Retention,Affiliate,Retention,3483.46,8698,231,16,29433.57,16188.46,2025-05
2025-05-26,Search_Prospecting,Search,Prospecting,17821.27,16950,624,37,69164.08,38040.24,2025-05
2025-05-26,Search_Retention,Search,Retention,12859.72,13270,464,36,77361.83,42549.01,2025-05
2025-05-26,Social_Prospecting,Social,Prospecting,8277.61,16731,416,11,20316.24,11173.93,2025-05
2025-05-26,Social_Retention,Social,Retention,4463.42,9341,218,7,15266.84,8396.76,2025-05
2025-05-26,Email_Prospecting,Email,Prospecting,3528.36,12408,808,58,98933.95,54413.67,2025-05
2025-05-26,Email_Retention,Email,Retention,3810.49,12528,910,77,141360.9,77748.5,2025-05
2025-05-26,Display_Prospecting,Display,Prospecting,766.74,5698,44,1,1752.53,963.89,2025-05
2025-05-26,Display_Retention,Display,Retention,1719.97,12222,107,5,10203.36,5611.85,2025-05
2025-05-26,Affiliate_Prospecting,Affiliate,Prospecting,4293.36,11631,294,13,20673.54,11370.45,2025-05
2025-05-26,Affiliate_Retention,Affiliate,Retention,2150.63,4697,131,7,13132.1,7222.66,2025-05
2025-05-27,Search_Prospecting,Search,Prospecting,4919.3,4688,179,8,14082.36,7745.3,2025-05
2025-05-27,Search_Retention,Search,Retention,15642.27,16801,604,42,68461.12,37653.62,2025-05
2025-05-27,Social_Prospecting,Social,Prospecting,5517.65,14102,296,3,6666.26,3666.44,2025-05
2025-05-27,Social_Retention,Social,Retention,3586.87,8243,182,2,3159.72,1737.85,2025-05
2025-05-27,Email_Prospecting,Email,Prospecting,3589.81,12584,943,71,134143.22,73778.77,2025-05
2025-05-27,Email_Retention,Email,Retention,2615.49,9612,654,61,99431.28,54687.2,2025-05
2025-05-27,Display_Prospecting,Display,Prospecting,2034.71,11623,112,0,0.0,0.0,2025-05
2025-05-27,Display_Retention,Display,Retention,3091.94,17473,167,5,9023.24,4962.78,2025-05
2025-05-27,Affiliate_Prospecting,Affiliate,Prospecting,6232.35,13826,379,20,45885.08,25236.79,2025-05
2025-05-27,Affiliate_Retention,Affiliate,Retention,2360.8,5888,163,15,26503.44,14576.89,2025-05
2025-05-28,Search_Prospecting,Search,Prospecting,3722.09,4074,126,15,31880.12,17534.07,2025-05
2025-05-28,Search_Retention,Search,Retention,15055.27,13622,497,23,36633.72,20148.55,2025-05
2025-05-28,Social_Prospecting,Social,Prospecting,3516.9,7423,161,6,10417.95,5729.87,2025-05
2025-05-28,Social_Retention,Social,Retention,3899.2,8271,200,5,9875.22,5431.37,2025-05
2025-05-28,Email_Prospecting,Email,Prospecting,2870.86,10684,741,65,134156.03,73785.82,2025-05
2025-05-28,Email_Retention,Email,Retention,2686.64,10591,728,64,132126.82,72669.75,2025-05
2025-05-28,Display_Prospecting,Display,Prospecting,1055.59,7065,58,1,2225.96,1224.28,2025-05
2025-05-28,Display_Retention,Display,Retention,2949.31,15902,160,4,7988.32,4393.58,2025-05
2025-05-28,Affiliate_Prospecting,Affiliate,Prospecting,4967.54,13862,344,9,20166.21,11091.42,2025-05
2025-05-28,Affiliate_Retention,Affiliate,Retention,4195.65,12412,299,16,30245.69,16635.13,2025-05
2025-05-29,Search_Prospecting,Search,Prospecting,7482.62,6657,249,13,26815.42,14748.48,2025-05
2025-05-29,Search_Retention,Search,Retention,4870.1,5432,189,11,24719.56,13595.76,2025-05
2025-05-29,Social_Prospecting,Social,Prospecting,2182.64,5828,115,2,3911.98,2151.59,2025-05
2025-05-29,Social_Retention,Social,Retention,5949.15,13132,274,12,21288.53,11708.69,2025-05
2025-05-29,Email_Prospecting,Email,Prospecting,4361.52,16917,1167,86,193756.8,106566.24,2025-05
2025-05-29,Email_Retention,Email,Retention,3928.17,12994,937,90,155337.06,85435.38,2025-05
2025-05-29,Display_Prospecting,Display,Prospecting,1516.52,10081,98,0,0.0,0.0,2025-05
2025-05-29,Display_Retention,Display,Retention,903.95,5898,52,1,2025.34,1113.94,2025-05
2025-05-29,Affiliate_Prospecting,Affiliate,Prospecting,2483.02,6273,172,8,12344.48,6789.46,2025-05
2025-05-29,Affiliate_Retention,Affiliate,Retention,5971.62,15595,388,17,33347.85,18341.32,2025-05
2025-05-30,Search_Prospecting,Search,Prospecting,3365.77,4005,124,7,14570.55,8013.8,2025-05
2025-05-30,Search_Retention,Search,Retention,8736.33,9594,303,30,59538.71,32746.29,2025-05
2025-05-30,Social_Prospecting,Social,Prospecting,6596.8,15015,329,10,21104.26,11607.34,2025-05
2025-05-30,Social_Retention,Social,Retention,2211.32,4978,105,5,10583.39,5820.86,2025-05
2025-05-30,Email_Prospecting,Email,Prospecting,1712.8,6886,458,30,53053.38,29179.36,2025-05
2025-05-30,Email_Retention,Email,Retention,4928.61,16439,1135,107,201444.57,110794.51,2025-05
2025-05-30,Display_Prospecting,Display,Prospecting,2507.8,14475,138,3,5826.84,3204.76,2025-05
2025-05-30,Display_Retention,Display,Retention,1618.78,11204,94,2,4381.34,2409.74,2025-05
2025-05-30,Affiliate_Prospecting,Affiliate,Prospecting,1641.02,4157,105,4,7953.58,4374.47,2025-05
2025-05-30,Affiliate_Retention,Affiliate,Retention,6592.02,14979,427,25,44344.97,24389.73,2025-05
2025-05-31,Search_Prospecting,Search,Prospecting,12952.24,13812,457,30,54639.68,30051.82,2025-05
2025-05-31,Search_Retention,Search,Retention,7601.59,8988,298,29,44295.43,24362.49,2025-05
2025-05-31,Social_Prospecting,Social,Prospecting,3450.75,8772,186,7,12967.41,7132.08,2025-05
2025-05-31,Social_Retention,Social,Retention,5549.06,11960,280,10,21175.4,11646.47,2025-05
2025-05-31,Email_Prospecting,Email,Prospecting,1834.86,6688,453,31,70018.34,38510.09,2025-05
2025-05-31,Email_Retention,Email,Retention,3757.28,11778,863,79,134337.83,73885.81,2025-05
2025-05-31,Display_Prospecting,Display,Prospecting,1679.53,12493,105,0,0.0,0.0,2025-05
2025-05-31,Display_Retention,Display,Retention,2092.48,15214,136,5,8594.91,4727.2,2025-05
2025-05-31,Affiliate_Prospecting,Affiliate,Prospecting,3272.24,6612,213,7,13614.64,7488.05,2025-05
2025-05-31,Affiliate_Retention,Affiliate,Retention,2169.3,6201,160,5,7829.66,4306.31,2025-05
2025-06-01,Search_Prospecting,Search,Prospecting,18793.8,16816,643,42,95463.69,52505.03,2025-06
2025-06-01,Search_Retention,Search,Retention,8876.42,9108,302,21,35736.41,19655.03,2025-06
2025-06-01,Social_Prospecting,Social,Prospecting,7442.94,17660,380,14,31604.94,17382.72,2025-06
2025-06-01,Social_Retention,Social,Retention,5253.11,13003,285,5,11407.81,6274.3,2025-06
2025-06-01,Email_Prospecting,Email,Prospecting,2852.56,9796,702,51,102021.96,56112.08,2025-06
2025-06-01,Email_Retention,Email,Retention,2093.5,6970,514,50,92450.37,50847.7,2025-06
2025-06-01,Display_Prospecting,Display,Prospecting,1116.76,5873,61,3,5365.41,2950.98,2025-06
2025-06-01,Display_Retention,Display,Retention,1290.09,7504,74,3,4576.28,2516.95,2025-06
2025-06-01,Affiliate_Prospecting,Affiliate,Prospecting,5471.92,15441,398,18,38748.39,21311.61,2025-06
2025-06-01,Affiliate_Retention,Affiliate,Retention,4850.53,11153,296,17,32215.84,17718.71,2025-06
2025-06-02,Search_Prospecting,Search,Prospecting,5045.01,5142,173,7,10996.23,6047.93,2025-06
2025-06-02,Search_Retention,Search,Retention,18184.78,16842,637,34,58481.02,32164.56,2025-06
2025-06-02,Social_Prospecting,Social,Prospecting,3620.02,8092,167,2,3184.07,1751.24,2025-06
2025-06-02,Social_Retention,Social,Retention,5840.54,13442,323,7,12534.84,6894.16,2025-06
2025-06-02,Email_Prospecting,Email,Prospecting,2045.33,7982,561,45,90012.89,49507.09,2025-06
2025-06-02,Email_Retention,Email,Retention,3393.33,12954,927,78,156456.26,86050.94,2025-06
2025-06-02,Display_Prospecting,Display,Prospecting,1702.52,13282,110,3,5832.2,3207.71,2025-06
2025-06-02,Display_Retention,Display,Retention,730.86,5685,47,0,0.0,0.0,2025-06
2025-06-02,Affiliate_Prospecting,Affiliate,Prospecting,2891.23,7113,180,10,17608.8,9684.84,2025-06
2025-06-02,Affiliate_Retention,Affiliate,Retention,2115.88,4889,135,4,6311.96,3471.58,2025-06
2025-06-03,Search_Prospecting,Search,Prospecting,4404.23,5462,168,9,15990.61,8794.84,2025-06
2025-06-03,Search_Retention,Search,Retention,16074.96,16785,613,43,96966.2,53331.41,2025-06
2025-06-03,Social_Prospecting,Social,Prospecting,4789.86,10181,220,5,10279.7,5653.84,2025-06
2025-06-03,Social_Retention,Social,Retention,5253.8,11095,266,4,6032.55,3317.9,2025-06
2025-06-03,Email_Prospecting,Email,Prospecting,4202.83,13697,964,67,140334.24,77183.83,2025-06
2025-06-03,Email_Retention,Email,Retention,1472.46,4994,348,40,90998.23,50049.03,2025-06
2025-06-03,Display_Prospecting,Display,Prospecting,2069.06,13643,120,0,0.0,0.0,2025-06
2025-06-03,Display_Retention,Display,Retention,947.79,7240,60,2,4431.64,2437.4,2025-06
2025-06-03,Affiliate_Prospecting,Affiliate,Prospecting,7485.99,17910,499,21,34863.47,19174.91,2025-06
2025-06-03,Affiliate_Retention,Affiliate,Retention,2014.44,5412,144,10,20387.37,11213.05,2025-06
2025-06-04,Search_Prospecting,Search,Prospecting,4866.33,4288,160,4,7266.83,3996.76,2025-06
2025-06-04,Search_Retention,Search,Retention,14042.99,15995,548,35,73239.91,40281.95,2025-06
2025-06-04,Social_Prospecting,Social,Prospecting,4060.07,7736,187,9,17347.48,9541.11,2025-06
2025-06-04,Social_Retention,Social,Retention,8383.28,17521,403,14,25524.76,14038.62,2025-06
2025-06-04,Email_Prospecting,Email,Prospecting,1821.34,5643,425,34,74479.24,40963.58,2025-06
2025-06-04,Email_Retention,Email,Retention,2831.53,9684,676,69,106703.79,58687.08,2025-06
2025-06-04,Display_Prospecting,Display,Prospecting,2420.57,16646,153,2,3352.45,1843.85,2025-06
2025-06-04,Display_Retention,Display,Retention,1706.38,11695,105,5,8728.1,4800.46,2025-06
2025-06-04,Affiliate_Prospecting,Affiliate,Prospecting,3735.46,8487,235,14,21019.32,11560.63,2025-06
2025-06-04,Affiliate_Retention,Affiliate,Retention,2694.48,5779,168,5,7531.8,4142.49,2025-06
2025-06-05,Search_Prospecting,Search,Prospecting,5661.35,4848,198,10,21437.58,11790.67,2025-06
2025-06-05,Search_Retention,Search,Retention,15412.1,14222,501,36,59075.2,32491.36,2025-06
2025-06-05,Social_Prospecting,Social,Prospecting,1598.13,4069,78,1,2027.61,1115.19,2025-06
2025-06-05,Social_Retention,Social,Retention,2489.4,5077,121,4,8571.14,4714.13,2025-06
2025-06-05,Email_Prospecting,Email,Prospecting,1186.11,4534,320,29,65694.96,36132.23,2025-06
2025-06-05,Email_Retention,Email,Retention,4298.4,15098,1088,89,186869.15,102778.03,2025-06
2025-06-05,Display_Prospecting,Display,Prospecting,632.55,4753,41,2,4178.67,2298.27,2025-06
2025-06-05,Display_Retention,Display,Retention,1663.48,11344,103,2,4043.14,2223.73,2025-06
2025-06-05,Affiliate_Prospecting,Affiliate,Prospecting,3916.23,9545,250,13,25163.87,13840.13,2025-06
2025-06-05,Affiliate_Retention,Affiliate,Retention,5585.56,13708,361,14,28765.34,15820.94,2025-06
2025-06-06,Search_Prospecting,Search,Prospecting,7591.93,8448,287,17,32530.22,17891.62,2025-06
2025-06-06,Search_Retention,Search,Retention,17276.45,15403,571,43,72645.88,39955.23,2025-06
2025-06-06,Social_Prospecting,Social,Prospecting,7028.89,15667,344,7,10598.84,5829.36,2025-06
2025-06-06,Social_Retention,Social,Retention,2438.04,5691,134,4,7944.13,4369.27,2025-06
2025-06-06,Email_Prospecting,Email,Prospecting,1795.25,6477,426,30,52461.45,28853.8,2025-06
2025-06-06,Email_Retention,Email,Retention,3545.13,13637,948,72,109536.31,60244.97,2025-06
2025-06-06,Display_Prospecting,Display,Prospecting,2392.12,14931,130,4,7708.1,4239.46,2025-06
2025-06-06,Display_Retention,Display,Retention,551.77,4074,30,0,0.0,0.0,2025-06
2025-06-06,Affiliate_Prospecting,Affiliate,Prospecting,6611.36,15773,423,16,33097.85,18203.82,2025-06
2025-06-06,Affiliate_Retention,Affiliate,Retention,4369.55,10370,293,12,26165.19,14390.85,2025-06
2025-06-07,Search_Prospecting,Search,Prospecting,11944.07,11144,415,19,31693.05,17431.18,2025-06
2025-06-07,Search_Retention,Search,Retention,15495.46,17511,610,45,76647.04,42155.87,2025-06
2025-06-07,Social_Prospecting,Social,Prospecting,4135.55,9758,225,3,6081.92,3345.06,2025-06
2025-06-07,Social_Retention,Social,Retention,5881.56,13774,316,10,19004.83,10452.66,2025-06
2025-06-07,Email_Prospecting,Email,Prospecting,2566.95,8110,607,36,58785.7,32332.14,2025-06
2025-06-07,Email_Retention,Email,Retention,1409.72,4839,371,24,39886.46,21937.55,2025-06
2025-06-07,Display_Prospecting,Display,Prospecting,1257.36,8972,80,0,0.0,0.0,2025-06
2025-06-07,Display_Retention,Display,Retention,1570.3,9007,88,3,6357.03,3496.37,2025-06
2025-06-07,Affiliate_Prospecting,Affiliate,Prospecting,5832.19,14776,431,19,42144.47,23179.46,2025-06
2025-06-07,Affiliate_Retention,Affiliate,Retention,1970.37,4548,124,8,16434.76,9039.12,2025-06
2025-06-08,Search_Prospecting,Search,Prospecting,8542.38,8604,305,19,37607.25,20683.99,2025-06
2025-06-08,Search_Retention,Search,Retention,16355.64,16893,545,44,69790.21,38384.62,2025-06
2025-06-08,Social_Prospecting,Social,Prospecting,5574.31,12151,290,6,11708.47,6439.66,2025-06
2025-06-08,Social_Retention,Social,Retention,5645.61,12876,300,14,26981.7,14839.94,2025-06
2025-06-08,Email_Prospecting,Email,Prospecting,3277.59,11717,818,52,81128.3,44620.57,2025-06
2025-06-08,Email_Retention,Email,Retention,3403.8,12327,888,73,126118.11,69364.96,2025-06
2025-06-08,Display_Prospecting,Display,Prospecting,914.16,4148,53,2,3493.89,1921.64,2025-06
2025-06-08,Display_Retention,Display,Retention,1046.88,7818,60,0,0.0,0.0,2025-06
2025-06-08,Affiliate_Prospecting,Affiliate,Prospecting,8065.79,17583,519,23,43269.33,23798.13,2025-06
2025-06-08,Affiliate_Retention,Affiliate,Retention,1610.23,4062,111,6,11206.35,6163.49,2025-06
2025-06-09,Search_Prospecting,Search,Prospecting,12299.87,14886,487,17,30578.8,16818.34,2025-06
2025-06-09,Search_Retention,Search,Retention,11318.79,10306,387,26,40956.46,22526.05,2025-06
2025-06-09,Social_Prospecting,Social,Prospecting,7355.79,16292,353,6,13034.19,7168.8,2025-06
2025-06-09,Social_Retention,Social,Retention,7074.72,17781,392,11,25177.25,13847.49,2025-06
2025-06-09,Email_Prospecting,Email,Prospecting,2438.04,9163,636,52,92422.54,50832.4,2025-06
2025-06-09,Email_Retention,Email,Retention,3416.56,12377,888,84,137111.32,75411.23,2025-06
2025-06-09,Display_Prospecting,Display,Prospecting,979.98,6281,60,0,0.0,0.0,2025-06
2025-06-09,Display_Retention,Display,Retention,1310.73,9227,80,0,0.0,0.0,2025-06
2025-06-09,Affiliate_Prospecting,Affiliate,Prospecting,1864.28,5095,135,10,20080.74,11044.41,2025-06
2025-06-09,Affiliate_Retention,Affiliate,Retention,4056.37,11128,281,13,29862.92,16424.61,2025-06
2025-06-10,Search_Prospecting,Search,Prospecting,11989.34,12242,398,17,34346.21,18890.42,2025-06
2025-06-10,Search_Retention,Search,Retention,6428.92,7004,249,19,43691.88,24030.53,2025-06
2025-06-10,Social_Prospecting,Social,Prospecting,5199.45,11499,260,2,3998.03,2198.92,2025-06
2025-06-10,Social_Retention,Social,Retention,8259.19,17186,402,13,23954.38,13174.91,2025-06
2025-06-10,Email_Prospecting,Email,Prospecting,5077.71,17505,1292,85,184584.02,101521.21,2025-06
2025-06-10,Email_Retention,Email,Retention,5419.2,17469,1238,110,242761.54,133518.85,2025-06
2025-06-10,Display_Prospecting,Display,Prospecting,1051.23,5314,57,1,1817.11,999.41,2025-06
2025-06-10,Display_Retention,Display,Retention,2101.36,10777,123,1,2225.8,1224.19,2025-06
2025-06-10,Affiliate_Prospecting,Affiliate,Prospecting,4141.71,10063,273,14,22960.19,12628.1,2025-06
2025-06-10,Affiliate_Retention,Affiliate,Retention,3945.6,8357,241,9,18221.85,10022.02,2025-06
2025-06-11,Search_Prospecting,Search,Prospecting,9821.79,11198,381,23,37259.21,20492.57,2025-06
2025-06-11,Search_Retention,Search,Retention,16481.32,15329,538,38,61241.01,33682.56,2025-06
2025-06-11,Social_Prospecting,Social,Prospecting,5030.68,9497,237,10,20213.88,11117.63,2025-06
2025-06-11,Social_Retention,Social,Retention,3473.69,7255,162,9,16088.33,8848.58,2025-06
2025-06-11,Email_Prospecting,Email,Prospecting,2347.12,8806,621,53,83335.44,45834.49,2025-06
2025-06-11,Email_Retention,Email,Retention,2816.63,9225,646,65,103938.59,57166.22,2025-06
2025-06-11,Display_Prospecting,Display,Prospecting,1169.11,7971,73,1,2088.41,1148.63,2025-06
2025-06-11,Display_Retention,Display,Retention,1393.43,9364,85,3,4830.65,2656.86,2025-06
2025-06-11,Affiliate_Prospecting,Affiliate,Prospecting,5811.95,13389,394,11,22448.5,12346.68,2025-06
2025-06-11,Affiliate_Retention,Affiliate,Retention,4327.09,11259,298,10,17810.78,9795.93,2025-06
2025-06-12,Search_Prospecting,Search,Prospecting,5403.92,5267,184,9,14554.55,8005.0,2025-06
2025-06-12,Search_Retention,Search,Retention,8308.69,8761,322,22,49780.95,27379.52,2025-06
2025-06-12,Social_Prospecting,Social,Prospecting,7219.1,15720,335,8,13212.4,7266.82,2025-06
2025-06-12,Social_Retention,Social,Retention,7388.1,16686,353,7,12001.51,6600.83,2025-06
2025-06-12,Email_Prospecting,Email,Prospecting,3203.04,12290,881,71,111544.51,61349.48,2025-06
2025-06-12,Email_Retention,Email,Retention,4162.72,13253,955,90,143554.79,78955.13,2025-06
2025-06-12,Display_Prospecting,Display,Prospecting,2017.16,12652,129,4,8183.91,4501.15,2025-06
2025-06-12,Display_Retention,Display,Retention,1361.38,8267,79,2,3818.46,2100.15,2025-06
2025-06-12,Affiliate_Prospecting,Affiliate,Prospecting,3953.56,9910,268,5,7511.07,4131.09,2025-06
2025-06-12,Affiliate_Retention,Affiliate,Retention,2960.31,6877,190,11,16500.12,9075.07,2025-06
2025-06-13,Search_Prospecting,Search,Prospecting,7658.04,7721,272,13,27431.24,15087.18,2025-06
2025-06-13,Search_Retention,Search,Retention,4654.35,4832,175,14,30193.42,16606.38,2025-06
2025-06-13,Social_Prospecting,Social,Prospecting,2053.53,5007,114,2,3376.81,1857.25,2025-06
2025-06-13,Social_Retention,Social,Retention,2692.04,6479,148,6,10866.95,5976.82,2025-06
2025-06-13,Email_Prospecting,Email,Prospecting,4379.73,15315,1139,84,185687.79,102128.28,2025-06
2025-06-13,Email_Retention,Email,Retention,1383.28,4525,324,36,81832.71,45007.99,2025-06
2025-06-13,Display_Prospecting,Display,Prospecting,896.16,5622,53,1,1733.18,953.25,2025-06
2025-06-13,Display_Retention,Display,Retention,964.39,4930,53,1,1982.96,1090.63,2025-06
2025-06-13,Affiliate_Prospecting,Affiliate,Prospecting,3324.35,8146,223,12,18444.67,10144.57,2025-06
2025-06-13,Affiliate_Retention,Affiliate,Retention,4059.19,8958,274,19,43022.67,23662.47,2025-06
2025-06-14,Search_Prospecting,Search,Prospecting,11477.75,12439,410,28,44817.61,24649.69,2025-06
2025-06-14,Search_Retention,Search,Retention,6216.63,6793,229,19,29430.75,16186.91,2025-06
2025-06-14,Social_Prospecting,Social,Prospecting,4653.29,10015,212,6,10175.99,5596.79,2025-06
2025-06-14,Social_Retention,Social,Retention,6464.43,13320,301,10,19840.06,10912.03,2025-06
2025-06-14,Email_Prospecting,Email,Prospecting,1419.53,5894,392,24,45379.8,24958.89,2025-06
2025-06-14,Email_Retention,Email,Retention,3354.63,11110,766,72,132041.58,72622.87,2025-06
2025-06-14,Display_Prospecting,Display,Prospecting,2630.79,16602,164,3,4507.26,2478.99,2025-06
2025-06-14,Display_Retention,Display,Retention,2583.29,15302,141,2,3620.56,1991.31,2025-06
2025-06-14,Affiliate_Prospecting,Affiliate,Prospecting,2411.49,4806,148,4,7933.36,4363.35,2025-06
2025-06-14,Affiliate_Retention,Affiliate,Retention,7354.48,15832,465,28,63855.67,35120.62,2025-06
2025-06-15,Search_Prospecting,Search,Prospecting,13023.43,14737,461,30,58551.59,32203.37,2025-06
2025-06-15,Search_Retention,Search,Retention,3997.79,4254,143,7,13636.98,7500.34,2025-06
2025-06-15,Social_Prospecting,Social,Prospecting,7305.6,16057,354,9,18353.83,10094.61,2025-06
2025-06-15,Social_Retention,Social,Retention,6169.96,14395,337,12,20101.97,11056.08,2025-06
2025-06-15,Email_Prospecting,Email,Prospecting,4418.08,16536,1164,86,178943.3,98418.82,2025-06
2025-06-15,Email_Retention,Email,Retention,4275.55,15090,1045,83,125947.29,69271.01,2025-06
2025-06-15,Display_Prospecting,Display,Prospecting,2771.11,16661,150,3,5883.08,3235.69,2025-06
2025-06-15,Display_Retention,Display,Retention,2245.21,15438,145,3,5451.61,2998.39,2025-06
2025-06-15,Affiliate_Prospecting,Affiliate,Prospecting,4620.44,12512,327,15,24911.64,13701.4,2025-06
2025-06-15,Affiliate_Retention,Affiliate,Retention,6249.52,16603,437,25,47635.39,26199.46,2025-06
2025-06-16,Search_Prospecting,Search,Prospecting,15150.84,14596,495,25,46929.69,25811.33,2025-06
2025-06-16,Search_Retention,Search,Retention,4028.71,4322,154,12,19803.0,10891.65,2025-06
2025-06-16,Social_Prospecting,Social,Prospecting,1863.03,4703,101,3,6383.38,3510.86,2025-06
2025-06-16,Social_Retention,Social,Retention,4511.23,9933,220,1,1726.28,949.45,2025-06
2025-06-16,Email_Prospecting,Email,Prospecting,1898.46,6605,438,30,55104.02,30307.21,2025-06
2025-06-16,Email_Retention,Email,Retention,3277.16,10921,766,59,92455.62,50850.59,2025-06
2025-06-16,Display_Prospecting,Display,Prospecting,1169.11,7197,65,2,3316.21,1823.92,2025-06
2025-06-16,Display_Retention,Display,Retention,667.52,4657,42,1,1816.84,999.26,2025-06
2025-06-16,Affiliate_Prospecting,Affiliate,Prospecting,6870.61,14704,440,11,18707.61,10289.19,2025-06
2025-06-16,Affiliate_Retention,Affiliate,Retention,5365.38,12763,360,16,27266.53,14996.59,2025-06
2025-06-17,Search_Prospecting,Search,Prospecting,14536.28,15092,530,34,52817.06,29049.38,2025-06
2025-06-17,Search_Retention,Search,Retention,7977.66,7301,264,14,31910.46,17550.75,2025-06
2025-06-17,Social_Prospecting,Social,Prospecting,2979.25,7668,163,2,4589.58,2524.27,2025-06
2025-06-17,Social_Retention,Social,Retention,2071.03,4724,95,3,5552.94,3054.12,2025-06
2025-06-17,Email_Prospecting,Email,Prospecting,3984.12,15369,1094,88,144041.16,79222.64,2025-06
2025-06-17,Email_Retention,Email,Retention,4931.41,16606,1167,107,207526.62,114139.64,2025-06
2025-06-17,Display_Prospecting,Display,Prospecting,1381.86,9813,87,3,4647.66,2556.21,2025-06
2025-06-17,Display_Retention,Display,Retention,2260.99,14957,123,5,10497.72,5773.75,2025-06
2025-06-17,Affiliate_Prospecting,Affiliate,Prospecting,2752.92,6363,168,7,14153.93,7784.66,2025-06
2025-06-17,Affiliate_Retention,Affiliate,Retention,1492.88,4268,109,7,12430.04,6836.52,2025-06
2025-06-18,Search_Prospecting,Search,Prospecting,9749.2,9568,330,20,38296.19,21062.9,2025-06
2025-06-18,Search_Retention,Search,Retention,11665.6,14039,447,29,61432.01,33787.61,2025-06
2025-06-18,Social_Prospecting,Social,Prospecting,6229.46,13476,308,7,13483.73,7416.05,2025-06
2025-06-18,Social_Retention,Social,Retention,2338.17,7403,129,7,14807.54,8144.15,2025-06
2025-06-18,Email_Prospecting,Email,Prospecting,3716.63,12114,875,67,110793.5,60936.43,2025-06
2025-06-18,Email_Retention,Email,Retention,4674.15,16875,1211,100,224754.09,123614.75,2025-06
2025-06-18,Display_Prospecting,Display,Prospecting,1862.35,10478,103,1,2042.0,1123.1,2025-06
2025-06-18,Display_Retention,Display,Retention,1746.68,11965,112,1,2121.32,1166.73,2025-06
2025-06-18,Affiliate_Prospecting,Affiliate,Prospecting,6982.71,16224,449,19,37752.76,20764.02,2025-06
2025-06-18,Affiliate_Retention,Affiliate,Retention,4271.19,9813,312,17,36487.69,20068.23,2025-06
2025-06-19,Search_Prospecting,Search,Prospecting,9610.64,10546,363,19,35682.01,19625.11,2025-06
2025-06-19,Search_Retention,Search,Retention,12077.69,12628,410,30,65987.84,36293.31,2025-06
2025-06-19,Social_Prospecting,Social,Prospecting,4716.79,9191,217,5,11296.36,6213.0,2025-06
2025-06-19,Social_Retention,Social,Retention,6907.63,15082,321,8,12908.26,7099.54,2025-06
2025-06-19,Email_Prospecting,Email,Prospecting,3130.43,11153,792,66,146924.67,80808.57,2025-06
2025-06-19,Email_Retention,Email,Retention,3554.65,12177,870,67,109337.41,60135.58,2025-06
2025-06-19,Display_Prospecting,Display,Prospecting,2566.96,17458,140,6,11629.36,6396.15,2025-06
2025-06-19,Display_Retention,Display,Retention,1294.04,8172,72,3,6844.91,3764.7,2025-06
2025-06-19,Affiliate_Prospecting,Affiliate,Prospecting,4531.84,11777,317,18,30332.28,16682.75,2025-06
2025-06-19,Affiliate_Retention,Affiliate,Retention,4555.45,12915,327,21,37139.7,20426.83,2025-06
2025-06-20,Search_Prospecting,Search,Prospecting,14889.2,16111,574,27,55659.49,30612.72,2025-06
2025-06-20,Search_Retention,Search,Retention,6646.68,7753,262,15,24657.87,13561.83,2025-06
2025-06-20,Social_Prospecting,Social,Prospecting,5740.69,13142,273,6,13554.54,7455.0,2025-06
2025-06-20,Social_Retention,Social,Retention,1838.84,5436,100,4,7370.28,4053.65,2025-06
2025-06-20,Email_Prospecting,Email,Prospecting,4098.89,13431,934,53,116592.29,64125.76,2025-06
2025-06-20,Email_Retention,Email,Retention,2962.21,10983,803,68,127557.12,70156.42,2025-06
2025-06-20,Display_Prospecting,Display,Prospecting,755.8,4051,43,0,0.0,0.0,2025-06
2025-06-20,Display_Retention,Display,Retention,2138.55,12467,118,3,5543.95,3049.17,2025-06
2025-06-20,Affiliate_Prospecting,Affiliate,Prospecting,4041.15,10393,269,10,21132.46,11622.85,2025-06
2025-06-20,Affiliate_Retention,Affiliate,Retention,4000.34,10965,279,12,18333.25,10083.29,2025-06
2025-06-21,Search_Prospecting,Search,Prospecting,18174.54,16436,623,31,70918.14,39004.98,2025-06
2025-06-21,Search_Retention,Search,Retention,6052.44,6372,221,13,27002.56,14851.41,2025-06
2025-06-21,Social_Prospecting,Social,Prospecting,5488.74,13311,258,2,4236.57,2330.11,2025-06
2025-06-21,Social_Retention,Social,Retention,4195.92,9297,213,9,14648.13,8056.47,2025-06
2025-06-21,Email_Prospecting,Email,Prospecting,1284.14,4604,312,19,35582.7,19570.49,2025-06
2025-06-21,Email_Retention,Email,Retention,2222.7,8380,593,65,133180.65,73249.36,2025-06
2025-06-21,Display_Prospecting,Display,Prospecting,1604.0,9403,89,1,2136.93,1175.31,2025-06
2025-06-21,Display_Retention,Display,Retention,1037.46,7004,60,1,1619.62,890.79,2025-06
2025-06-21,Affiliate_Prospecting,Affiliate,Prospecting,2317.92,5061,155,9,16847.87,9266.33,2025-06
2025-06-21,Affiliate_Retention,Affiliate,Retention,4182.89,8693,254,11,24147.13,13280.92,2025-06
2025-06-22,Search_Prospecting,Search,Prospecting,15134.29,14011,497,23,49519.73,27235.85,2025-06
2025-06-22,Search_Retention,Search,Retention,12903.21,14328,492,31,54099.43,29754.69,2025-06
2025-06-22,Social_Prospecting,Social,Prospecting,3831.07,7799,188,3,4647.25,2555.99,2025-06
2025-06-22,Social_Retention,Social,Retention,7381.41,17161,385,10,16832.63,9257.95,2025-06
2025-06-22,Email_Prospecting,Email,Prospecting,3298.31,12847,896,66,102782.67,56530.47,2025-06
2025-06-22,Email_Retention,Email,Retention,4488.33,17099,1198,138,254476.24,139961.93,2025-06
2025-06-22,Display_Prospecting,Display,Prospecting,2414.52,14441,135,2,3067.36,1687.05,2025-06
2025-06-22,Display_Retention,Display,Retention,1089.69,7949,70,1,1776.01,976.81,2025-06
2025-06-22,Affiliate_Prospecting,Affiliate,Prospecting,2110.61,5502,137,8,13563.1,7459.71,2025-06
2025-06-22,Affiliate_Retention,Affiliate,Retention,5185.42,13960,349,19,34891.77,19190.47,2025-06
2025-06-23,Search_Prospecting,Search,Prospecting,5795.77,5876,200,12,22732.81,12503.05,2025-06
2025-06-23,Search_Retention,Search,Retention,11310.63,12492,429,26,50353.25,27694.29,2025-06
2025-06-23,Social_Prospecting,Social,Prospecting,6721.02,13989,307,10,18637.51,10250.63,2025-06
2025-06-23,Social_Retention,Social,Retention,3429.27,7746,156,4,7802.45,4291.35,2025-06
2025-06-23,Email_Prospecting,Email,Prospecting,1263.84,4710,343,29,63382.46,34860.35,2025-06
2025-06-23,Email_Retention,Email,Retention,2046.99,7256,534,56,94838.03,52160.92,2025-06
2025-06-23,Display_Prospecting,Display,Prospecting,2137.56,14385,131,5,10544.8,5799.64,2025-06
2025-06-23,Display_Retention,Display,Retention,2356.16,16180,144,1,1822.39,1002.31,2025-06
2025-06-23,Affiliate_Prospecting,Affiliate,Prospecting,3460.6,9142,255,13,27918.49,15355.17,2025-06
2025-06-23,Affiliate_Retention,Affiliate,Retention,3914.18,10678,253,14,28304.89,15567.69,2025-06
2025-06-24,Search_Prospecting,Search,Prospecting,17169.38,16891,595,28,58065.4,31935.97,2025-06
2025-06-24,Search_Retention,Search,Retention,18421.3,17043,607,39,86454.52,47549.99,2025-06
2025-06-24,Social_Prospecting,Social,Prospecting,6506.94,15432,325,10,18112.24,9961.73,2025-06
2025-06-24,Social_Retention,Social,Retention,3550.37,9039,182,6,13410.18,7375.6,2025-06
2025-06-24,Email_Prospecting,Email,Prospecting,1567.59,5438,416,21,37941.81,20868.0,2025-06
2025-06-24,Email_Retention,Email,Retention,3971.25,13235,982,104,196924.42,108308.43,2025-06
2025-06-24,Display_Prospecting,Display,Prospecting,1499.68,9086,85,4,7716.17,4243.89,2025-06
2025-06-24,Display_Retention,Display,Retention,2654.52,17826,153,6,10942.22,6018.22,2025-06
2025-06-24,Affiliate_Prospecting,Affiliate,Prospecting,1737.83,4282,117,4,6703.62,3686.99,2025-06
2025-06-24,Affiliate_Retention,Affiliate,Retention,4624.18,11715,323,16,25933.13,14263.22,2025-06
2025-06-25,Search_Prospecting,Search,Prospecting,13980.33,14071,454,19,32450.73,17847.9,2025-06
2025-06-25,Search_Retention,Search,Retention,6518.46,5953,230,17,27959.03,15377.47,2025-06
2025-06-25,Social_Prospecting,Social,Prospecting,4538.74,9800,225,8,17817.91,9799.85,2025-06
2025-06-25,Social_Retention,Social,Retention,7590.37,15858,347,15,31405.87,17273.23,2025-06
2025-06-25,Email_Prospecting,Email,Prospecting,2584.21,8704,590,47,91969.81,50583.4,2025-06
2025-06-25,Email_Retention,Email,Retention,1617.3,5678,410,33,74173.77,40795.57,2025-06
2025-06-25,Display_Prospecting,Display,Prospecting,1921.18,13525,125,3,6483.36,3565.85,2025-06
2025-06-25,Display_Retention,Display,Retention,2494.0,17511,154,2,4592.09,2525.65,2025-06
2025-06-25,Affiliate_Prospecting,Affiliate,Prospecting,7107.15,15973,443,20,45434.56,24989.01,2025-06
2025-06-25,Affiliate_Retention,Affiliate,Retention,4599.86,11429,300,14,30013.64,16507.5,2025-06
2025-06-26,Search_Prospecting,Search,Prospecting,13751.98,14800,530,26,46590.29,25624.66,2025-06
2025-06-26,Search_Retention,Search,Retention,15685.92,16410,594,40,68201.18,37510.65,2025-06
2025-06-26,Social_Prospecting,Social,Prospecting,5316.81,13192,281,8,13798.48,7589.16,2025-06
2025-06-26,Social_Retention,Social,Retention,7397.38,17102,375,17,31182.47,17150.36,2025-06
2025-06-26,Email_Prospecting,Email,Prospecting,3281.34,12510,895,86,164778.88,90628.38,2025-06
2025-06-26,Email_Retention,Email,Retention,2448.01,9412,636,54,124142.72,68278.5,2025-06
2025-06-26,Display_Prospecting,Display,Prospecting,849.56,6424,55,0,0.0,0.0,2025-06
2025-06-26,Display_Retention,Display,Retention,1945.41,14244,116,1,2187.27,1203.0,2025-06
2025-06-26,Affiliate_Prospecting,Affiliate,Prospecting,3953.13,11676,282,17,36377.11,20007.41,2025-06
2025-06-26,Affiliate_Retention,Affiliate,Retention,2198.51,5321,150,7,13411.77,7376.47,2025-06
2025-06-27,Search_Prospecting,Search,Prospecting,12228.21,13448,468,26,46551.48,25603.31,2025-06
2025-06-27,Search_Retention,Search,Retention,5458.45,5495,193,17,34698.61,19084.24,2025-06
2025-06-27,Social_Prospecting,Social,Prospecting,7638.83,15938,361,6,10154.35,5584.89,2025-06
2025-06-27,Social_Retention,Social,Retention,2471.52,5080,117,8,17951.36,9873.25,2025-06
2025-06-27,Email_Prospecting,Email,Prospecting,3826.29,13713,998,74,153454.32,84399.88,2025-06
2025-06-27,Email_Retention,Email,Retention,4064.35,16064,1117,97,153975.1,84686.31,2025-06
2025-06-27,Display_Prospecting,Display,Prospecting,1821.02,11176,102,1,1660.28,913.15,2025-06
2025-06-27,Display_Retention,Display,Retention,1704.34,13669,107,4,6849.1,3767.01,2025-06
2025-06-27,Affiliate_Prospecting,Affiliate,Prospecting,5897.7,14690,369,23,45326.58,24929.62,2025-06
2025-06-27,Affiliate_Retention,Affiliate,Retention,2506.47,6639,158,10,15574.6,8566.03,2025-06
2025-06-28,Search_Prospecting,Search,Prospecting,9233.33,8715,317,17,38023.17,20912.74,2025-06
2025-06-28,Search_Retention,Search,Retention,15471.5,13919,515,29,45030.63,24766.85,2025-06
2025-06-28,Social_Prospecting,Social,Prospecting,3028.68,8482,156,3,5479.53,3013.74,2025-06
2025-06-28,Social_Retention,Social,Retention,4056.41,9565,197,7,13920.43,7656.24,2025-06
2025-06-28,Email_Prospecting,Email,Prospecting,1411.48,4771,337,19,30326.09,16679.35,2025-06
2025-06-28,Email_Retention,Email,Retention,984.73,4233,264,18,34321.01,18876.56,2025-06
2025-06-28,Display_Prospecting,Display,Prospecting,2994.49,17706,167,3,5249.77,2887.37,2025-06
2025-06-28,Display_Retention,Display,Retention,2143.03,13036,117,1,1801.36,990.75,2025-06
2025-06-28,Affiliate_Prospecting,Affiliate,Prospecting,3789.49,10515,276,14,26386.14,14512.38,2025-06
2025-06-28,Affiliate_Retention,Affiliate,Retention,4727.13,11326,302,14,28549.97,15702.48,2025-06
2025-06-29,Search_Prospecting,Search,Prospecting,9782.33,10323,328,12,25106.58,13808.62,2025-06
2025-06-29,Search_Retention,Search,Retention,13435.32,14459,524,30,57013.11,31357.21,2025-06
2025-06-29,Social_Prospecting,Social,Prospecting,4072.38,8900,204,4,6800.67,3740.37,2025-06
2025-06-29,Social_Retention,Social,Retention,5631.23,13031,297,12,19919.86,10955.92,2025-06
2025-06-29,Email_Prospecting,Email,Prospecting,3582.8,13558,939,73,142241.17,78232.64,2025-06
2025-06-29,Email_Retention,Email,Retention,2845.06,10638,767,76,148122.02,81467.11,2025-06
2025-06-29,Display_Prospecting,Display,Prospecting,1884.53,13022,115,1,2266.73,1246.7,2025-06
2025-06-29,Display_Retention,Display,Retention,2016.91,13571,128,2,3202.53,1761.39,2025-06
2025-06-29,Affiliate_Prospecting,Affiliate,Prospecting,3076.05,7243,205,10,15616.8,8589.24,2025-06
2025-06-29,Affiliate_Retention,Affiliate,Retention,4529.9,9704,278,22,40640.1,22352.06,2025-06
2025-06-30,Search_Prospecting,Search,Prospecting,6053.85,5812,214,9,17023.7,9363.04,2025-06
2025-06-30,Search_Retention,Search,Retention,8131.97,7199,266,27,58835.22,32359.37,2025-06
2025-06-30,Social_Prospecting,Social,Prospecting,2796.71,6369,155,7,11773.66,6475.51,2025-06
2025-06-30,Social_Retention,Social,Retention,6115.97,14854,327,11,17422.22,9582.22,2025-06
2025-06-30,Email_Prospecting,Email,Prospecting,4915.6,17069,1226,97,212220.46,116721.25,2025-06
2025-06-30,Email_Retention,Email,Retention,2097.88,7112,492,47,106664.63,58665.55,2025-06
2025-06-30,Display_Prospecting,Display,Prospecting,2834.69,16916,181,3,4585.07,2521.79,2025-06
2025-06-30,Display_Retention,Display,Retention,1780.41,12506,111,2,3980.49,2189.27,2025-06
2025-06-30,Affiliate_Prospecting,Affiliate,Prospecting,3310.94,7835,220,11,22977.69,12637.73,2025-06
2025-06-30,Affiliate_Retention,Affiliate,Retention,2295.02,6536,168,15,27520.54,15136.3,2025-06
2025-07-01,Search_Prospecting,Search,Prospecting,14614.62,15221,520,23,51478.26,28313.04,2025-07
2025-07-01,Search_Retention,Search,Retention,4555.51,4565,164,14,30885.24,16986.88,2025-07
2025-07-01,Social_Prospecting,Social,Prospecting,2507.71,5842,118,4,6546.22,3600.42,2025-07
2025-07-01,Social_Retention,Social,Retention,3577.15,8285,196,11,17076.25,9391.94,2025-07
2025-07-01,Email_Prospecting,Email,Prospecting,1610.53,5684,391,26,43003.36,23651.85,2025-07
2025-07-01,Email_Retention,Email,Retention,4332.1,16574,1167,111,229205.62,126063.09,2025-07
2025-07-01,Display_Prospecting,Display,Prospecting,2193.4,13493,124,2,3684.71,2026.59,2025-07
2025-07-01,Display_Retention,Display,Retention,780.37,6355,44,2,3237.81,1780.8,2025-07
2025-07-01,Affiliate_Prospecting,Affiliate,Prospecting,3687.15,9205,250,12,24488.25,13468.54,2025-07
2025-07-01,Affiliate_Retention,Affiliate,Retention,6675.56,17690,478,21,32770.83,18023.96,2025-07
2025-07-02,Search_Prospecting,Search,Prospecting,4897.84,4776,166,11,20979.71,11538.84,2025-07
2025-07-02,Search_Retention,Search,Retention,12918.75,15474,504,36,73955.53,40675.54,2025-07
2025-07-02,Social_Prospecting,Social,Prospecting,3353.72,8073,181,8,12224.55,6723.5,2025-07
2025-07-02,Social_Retention,Social,Retention,6690.71,15686,353,10,21041.86,11573.02,2025-07
2025-07-02,Email_Prospecting,Email,Prospecting,4417.71,16356,1155,93,141408.43,77774.64,2025-07
2025-07-02,Email_Retention,Email,Retention,4544.09,15889,1082,107,162323.48,89277.91,2025-07
2025-07-02,Display_Prospecting,Display,Prospecting,2087.96,15557,123,0,0.0,0.0,2025-07
2025-07-02,Display_Retention,Display,Retention,825.86,7121,50,1,2152.71,1183.99,2025-07
2025-07-02,Affiliate_Prospecting,Affiliate,Prospecting,3202.61,8355,233,5,7715.67,4243.62,2025-07
2025-07-02,Affiliate_Retention,Affiliate,Retention,6182.95,14598,389,26,56587.94,31123.37,2025-07
2025-07-03,Search_Prospecting,Search,Prospecting,11858.29,11775,443,27,51715.87,28443.73,2025-07
2025-07-03,Search_Retention,Search,Retention,11788.75,12733,402,23,36415.27,20028.4,2025-07
2025-07-03,Social_Prospecting,Social,Prospecting,5719.25,13581,294,9,13614.79,7488.13,2025-07
2025-07-03,Social_Retention,Social,Retention,1988.09,4374,100,3,5971.08,3284.09,2025-07
2025-07-03,Email_Prospecting,Email,Prospecting,4075.41,15219,1060,67,115041.51,63272.83,2025-07
2025-07-03,Email_Retention,Email,Retention,4496.73,16398,1140,96,161674.29,88920.86,2025-07
2025-07-03,Display_Prospecting,Display,Prospecting,1811.69,11790,118,4,8875.15,4881.33,2025-07
2025-07-03,Display_Retention,Display,Retention,2043.02,11976,114,3,5945.54,3270.05,2025-07
2025-07-03,Affiliate_Prospecting,Affiliate,Prospecting,4241.73,11345,307,16,27095.6,14902.58,2025-07
2025-07-03,Affiliate_Retention,Affiliate,Retention,5509.06,12087,346,22,47821.72,26301.95,2025-07
2025-07-04,Search_Prospecting,Search,Prospecting,13093.47,13121,450,23,45342.12,24938.17,2025-07
2025-07-04,Search_Retention,Search,Retention,4437.16,4693,171,12,26257.18,14441.45,2025-07
2025-07-04,Social_Prospecting,Social,Prospecting,3894.98,10094,207,5,11344.28,6239.35,2025-07
2025-07-04,Social_Retention,Social,Retention,5233.42,12070,279,8,12981.7,7139.94,2025-07
2025-07-04,Email_Prospecting,Email,Prospecting,4061.25,13695,952,75,172100.08,94655.04,2025-07
2025-07-04,Email_Retention,Email,Retention,2629.78,10047,680,70,117266.41,64496.53,2025-07
2025-07-04,Display_Prospecting,Display,Prospecting,857.43,4469,47,0,0.0,0.0,2025-07
2025-07-04,Display_Retention,Display,Retention,1985.4,13301,124,1,1838.21,1011.02,2025-07
2025-07-04,Affiliate_Prospecting,Affiliate,Prospecting,3150.72,7311,220,9,16240.76,8932.42,2025-07
2025-07-04,Affiliate_Retention,Affiliate,Retention,3177.21,7313,198,7,11214.34,6167.89,2025-07
2025-07-05,Search_Prospecting,Search,Prospecting,14123.74,16657,560,24,37519.9,20635.95,2025-07
2025-07-05,Search_Retention,Search,Retention,8550.58,7674,285,22,35549.06,19551.98,2025-07
2025-07-05,Social_Prospecting,Social,Prospecting,7697.68,16693,364,8,14211.07,7816.09,2025-07
2025-07-05,Social_Retention,Social,Retention,3725.74,8718,194,9,15006.39,8253.51,2025-07
2025-07-05,Email_Prospecting,Email,Prospecting,4735.67,17192,1187,93,177513.16,97632.24,2025-07
2025-07-05,Email_Retention,Email,Retention,5306.02,17698,1303,119,195773.45,107675.4,2025-07
2025-07-05,Display_Prospecting,Display,Prospecting,1455.91,9138,87,3,5765.75,3171.16,2025-07
2025-07-05,Display_Retention,Display,Retention,1577.77,12161,91,1,1767.7,972.24,2025-07
2025-07-05,Affiliate_Prospecting,Affiliate,Prospecting,4041.98,11095,274,15,26116.22,14363.92,2025-07
2025-07-05,Affiliate_Retention,Affiliate,Retention,5462.2,13170,350,20,44223.99,24323.19,2025-07
2025-07-06,Search_Prospecting,Search,Prospecting,7438.36,8537,267,16,33941.29,18667.71,2025-07
2025-07-06,Search_Retention,Search,Retention,10825.44,10388,355,21,40018.38,22010.11,2025-07
2025-07-06,Social_Prospecting,Social,Prospecting,7603.57,15593,348,13,28279.31,15553.62,2025-07
2025-07-06,Social_Retention,Social,Retention,4321.45,9100,212,5,10124.55,5568.5,2025-07
2025-07-06,Email_Prospecting,Email,Prospecting,3819.18,13441,893,70,145996.7,80298.19,2025-07
2025-07-06,Email_Retention,Email,Retention,2011.17,6837,476,51,84914.71,46703.09,2025-07
2025-07-06,Display_Prospecting,Display,Prospecting,2366.9,17476,152,2,3740.18,2057.1,2025-07
2025-07-06,Display_Retention,Display,Retention,1798.35,11045,99,1,2195.8,1207.69,2025-07
2025-07-06,Affiliate_Prospecting,Affiliate,Prospecting,5783.72,15427,424,17,26208.62,14414.74,2025-07
2025-07-06,Affiliate_Retention,Affiliate,Retention,3159.65,8334,225,14,30609.29,16835.11,2025-07
2025-07-07,Search_Prospecting,Search,Prospecting,14671.01,15481,532,30,68834.68,37859.07,2025-07
2025-07-07,Search_Retention,Search,Retention,8716.0,9280,325,27,43797.91,24088.85,2025-07
2025-07-07,Social_Prospecting,Social,Prospecting,5334.2,12380,258,7,14257.92,7841.86,2025-07
2025-07-07,Social_Retention,Social,Retention,4390.18,8339,216,6,11061.21,6083.67,2025-07
2025-07-07,Email_Prospecting,Email,Prospecting,4805.1,16919,1180,119,250335.54,137684.55,2025-07
2025-07-07,Email_Retention,Email,Retention,2839.11,10632,733,69,139324.76,76628.62,2025-07
2025-07-07,Display_Prospecting,Display,Prospecting,1619.91,10823,98,1,2258.88,1242.38,2025-07
2025-07-07,Display_Retention,Display,Retention,1042.97,7169,59,1,2010.99,1106.04,2025-07
2025-07-07,Affiliate_Prospecting,Affiliate,Prospecting,3642.86,8904,259,14,29021.5,15961.83,2025-07
2025-07-07,Affiliate_Retention,Affiliate,Retention,1550.75,4113,100,3,6268.75,3447.81,2025-07
2025-07-08,Search_Prospecting,Search,Prospecting,9432.78,8804,320,15,27412.81,15077.05,2025-07
2025-07-08,Search_Retention,Search,Retention,10988.34,10851,391,27,44772.84,24625.06,2025-07
2025-07-08,Social_Prospecting,Social,Prospecting,8181.02,15023,372,15,28334.35,15583.89,2025-07
2025-07-08,Social_Retention,Social,Retention,7571.28,15799,358,11,19361.19,10648.65,2025-07
2025-07-08,Email_Prospecting,Email,Prospecting,1973.81,7371,527,41,69587.84,38273.31,2025-07
2025-07-08,Email_Retention,Email,Retention,4142.71,14982,1048,91,155933.2,85763.26,2025-07
2025-07-08,Display_Prospecting,Display,Prospecting,1719.61,12457,112,2,4461.56,2453.86,2025-07
2025-07-08,Display_Retention,Display,Retention,2677.55,16055,159,3,5657.22,3111.47,2025-07
2025-07-08,Affiliate_Prospecting,Affiliate,Prospecting,6148.2,15564,443,13,22114.99,12163.24,2025-07
2025-07-08,Affiliate_Retention,Affiliate,Retention,5552.18,14769,384,18,30211.41,16616.28,2025-07
2025-07-09,Search_Prospecting,Search,Prospecting,10801.72,9633,351,27,58587.75,32223.26,2025-07
2025-07-09,Search_Retention,Search,Retention,11145.12,11640,426,32,53546.8,29450.74,2025-07
2025-07-09,Social_Prospecting,Social,Prospecting,7696.57,17119,384,3,5404.5,2972.48,2025-07
2025-07-09,Social_Retention,Social,Retention,2191.45,4541,107,1,1973.31,1085.32,2025-07
2025-07-09,Email_Prospecting,Email,Prospecting,4658.21,15316,1063,82,130053.59,71529.47,2025-07
2025-07-09,Email_Retention,Email,Retention,4364.63,15635,1070,108,230961.89,127029.04,2025-07
2025-07-09,Display_Prospecting,Display,Prospecting,2606.66,17730,157,2,4522.99,2487.64,2025-07
2025-07-09,Display_Retention,Display,Retention,617.62,4462,38,1,1722.81,947.55,2025-07
2025-07-09,Affiliate_Prospecting,Affiliate,Prospecting,4366.24,10420,285,12,26578.45,14618.15,2025-07
2025-07-09,Affiliate_Retention,Affiliate,Retention,5654.85,14006,356,23,46783.45,25730.9,2025-07
2025-07-10,Search_Prospecting,Search,Prospecting,15968.34,15721,545,33,69338.67,38136.27,2025-07
2025-07-10,Search_Retention,Search,Retention,18023.18,17765,617,42,91001.1,50050.61,2025-07
2025-07-10,Social_Prospecting,Social,Prospecting,5063.84,9718,235,7,14101.78,7755.98,2025-07
2025-07-10,Social_Retention,Social,Retention,6421.64,15039,324,11,18610.83,10235.96,2025-07
2025-07-10,Email_Prospecting,Email,Prospecting,2668.39,9762,664,48,88828.2,48855.51,2025-07
2025-07-10,Email_Retention,Email,Retention,2283.38,7442,534,40,81121.39,44616.76,2025-07
2025-07-10,Display_Prospecting,Display,Prospecting,1645.36,11913,97,1,1642.39,903.31,2025-07
2025-07-10,Display_Retention,Display,Retention,2250.21,14588,138,4,7658.5,4212.18,2025-07
2025-07-10,Affiliate_Prospecting,Affiliate,Prospecting,2661.38,6773,184,13,20580.06,11319.03,2025-07
2025-07-10,Affiliate_Retention,Affiliate,Retention,3448.68,8651,242,13,28714.88,15793.18,2025-07
2025-07-11,Search_Prospecting,Search,Prospecting,12131.01,13395,463,21,36551.03,20103.07,2025-07
2025-07-11,Search_Retention,Search,Retention,11342.17,11239,392,34,76053.99,41829.69,2025-07
2025-07-11,Social_Prospecting,Social,Prospecting,6620.27,13544,312,5,7738.6,4256.23,2025-07
2025-07-11,Social_Retention,Social,Retention,3271.78,7595,163,6,10697.44,5883.59,2025-07
2025-07-11,Email_Prospecting,Email,Prospecting,4600.4,16469,1160,70,158503.69,87177.03,2025-07
2025-07-11,Email_Retention,Email,Retention,1267.78,5050,324,21,32407.28,17824.0,2025-07
2025-07-11,Display_Prospecting,Display,Prospecting,1262.6,8442,77,1,1517.05,834.38,2025-07
2025-07-11,Display_Retention,Display,Retention,3118.17,17985,183,3,4967.27,2732.0,2025-07
2025-07-11,Affiliate_Prospecting,Affiliate,Prospecting,4202.99,9821,261,10,19044.25,10474.34,2025-07
2025-07-11,Affiliate_Retention,Affiliate,Retention,4743.22,12757,346,19,40720.22,22396.12,2025-07
2025-07-12,Search_Prospecting,Search,Prospecting,11662.7,11733,408,25,45150.34,24832.69,2025-07
2025-07-12,Search_Retention,Search,Retention,15292.0,16919,595,35,64788.04,35633.42,2025-07
2025-07-12,Social_Prospecting,Social,Prospecting,7684.93,17126,393,15,28609.76,15735.37,2025-07
2025-07-12,Social_Retention,Social,Retention,7433.12,16920,351,13,22881.99,12585.09,2025-07
2025-07-12,Email_Prospecting,Email,Prospecting,1869.73,6867,449,30,48785.68,26832.12,2025-07
2025-07-12,Email_Retention,Email,Retention,2709.12,10104,732,64,116093.66,63851.51,2025-07
2025-07-12,Display_Prospecting,Display,Prospecting,2087.68,10941,114,2,4227.0,2324.85,2025-07
2025-07-12,Display_Retention,Display,Retention,2278.05,16627,131,1,1900.22,1045.12,2025-07
2025-07-12,Affiliate_Prospecting,Affiliate,Prospecting,6000.35,15141,409,18,32577.0,17917.35,2025-07
2025-07-12,Affiliate_Retention,Affiliate,Retention,2508.9,7332,180,10,18391.0,10115.05,2025-07
2025-07-13,Search_Prospecting,Search,Prospecting,14849.43,16455,587,32,59638.82,32801.35,2025-07
2025-07-13,Search_Retention,Search,Retention,9799.1,9834,341,18,31416.4,17279.02,2025-07
2025-07-13,Social_Prospecting,Social,Prospecting,2347.84,5557,120,2,4145.2,2279.86,2025-07
2025-07-13,Social_Retention,Social,Retention,3999.82,9346,188,14,24356.78,13396.23,2025-07
2025-07-13,Email_Prospecting,Email,Prospecting,1474.01,6069,394,30,52858.0,29071.9,2025-07
2025-07-13,Email_Retention,Email,Retention,3883.18,13294,944,90,196729.91,108201.45,2025-07
2025-07-13,Display_Prospecting,Display,Prospecting,896.29,4754,50,0,0.0,0.0,2025-07
2025-07-13,Display_Retention,Display,Retention,886.31,6124,49,2,3839.05,2111.48,2025-07
2025-07-13,Affiliate_Prospecting,Affiliate,Prospecting,4504.47,12982,325,17,38837.37,21360.55,2025-07
2025-07-13,Affiliate_Retention,Affiliate,Retention,5511.54,13881,352,15,23344.88,12839.68,2025-07
2025-07-14,Search_Prospecting,Search,Prospecting,10507.27,10830,367,18,34467.83,18957.31,2025-07
2025-07-14,Search_Retention,Search,Retention,5860.51,5135,192,13,22958.89,12627.39,2025-07
2025-07-14,Social_Prospecting,Social,Prospecting,4496.66,9699,234,5,10738.13,5905.97,2025-07
2025-07-14,Social_Retention,Social,Retention,3755.52,10151,192,7,10569.91,5813.45,2025-07
2025-07-14,Email_Prospecting,Email,Prospecting,2914.0,10888,767,55,88917.86,48904.82,2025-07
2025-07-14,Email_Retention,Email,Retention,1837.95,6435,448,29,64556.89,35506.29,2025-07
2025-07-14,Display_Prospecting,Display,Prospecting,1100.66,7796,67,1,1618.65,890.26,2025-07
2025-07-14,Display_Retention,Display,Retention,1988.07,11276,109,3,5693.83,3131.61,2025-07
2025-07-14,Affiliate_Prospecting,Affiliate,Prospecting,2756.56,6283,177,15,31156.32,17135.98,2025-07
2025-07-14,Affiliate_Retention,Affiliate,Retention,1890.47,4982,138,9,15102.77,8306.52,2025-07
2025-07-15,Search_Prospecting,Search,Prospecting,10304.43,10665,368,21,47056.23,25880.93,2025-07
2025-07-15,Search_Retention,Search,Retention,4568.59,4181,151,14,28649.29,15757.11,2025-07
2025-07-15,Social_Prospecting,Social,Prospecting,6404.27,13800,339,10,19104.71,10507.59,2025-07
2025-07-15,Social_Retention,Social,Retention,3459.44,7443,172,7,12839.01,7061.46,2025-07
2025-07-15,Email_Prospecting,Email,Prospecting,3290.35,11341,761,57,117602.27,64681.25,2025-07
2025-07-15,Email_Retention,Email,Retention,1399.21,5195,352,38,70947.49,39021.12,2025-07
2025-07-15,Display_Prospecting,Display,Prospecting,1381.37,9516,87,1,1537.23,845.48,2025-07
2025-07-15,Display_Retention,Display,Retention,877.31,6829,54,0,0.0,0.0,2025-07
2025-07-15,Affiliate_Prospecting,Affiliate,Prospecting,3516.94,8942,233,12,24303.66,13367.01,2025-07
2025-07-15,Affiliate_Retention,Affiliate,Retention,5043.6,14297,352,27,54071.18,29739.15,2025-07
2025-07-16,Search_Prospecting,Search,Prospecting,5772.22,6024,213,17,34931.67,19212.42,2025-07
2025-07-16,Search_Retention,Search,Retention,6466.96,6826,224,16,33780.17,18579.09,2025-07
2025-07-16,Social_Prospecting,Social,Prospecting,4375.17,10889,235,4,7453.6,4099.48,2025-07
2025-07-16,Social_Retention,Social,Retention,8114.49,17999,416,15,26335.96,14484.78,2025-07
2025-07-16,Email_Prospecting,Email,Prospecting,1251.63,4185,313,30,49518.59,27235.22,2025-07
2025-07-16,Email_Retention,Email,Retention,4413.06,15679,1096,95,178050.12,97927.57,2025-07
2025-07-16,Display_Prospecting,Display,Prospecting,2016.96,12669,122,0,0.0,0.0,2025-07
2025-07-16,Display_Retention,Display,Retention,2216.36,16021,138,1,1948.87,1071.88,2025-07
2025-07-16,Affiliate_Prospecting,Affiliate,Prospecting,5009.43,13159,364,14,26481.86,14565.02,2025-07
2025-07-16,Affiliate_Retention,Affiliate,Retention,3056.84,7765,199,13,24161.98,13289.09,2025-07
2025-07-17,Search_Prospecting,Search,Prospecting,14546.68,16068,528,33,53535.69,29444.63,2025-07
2025-07-17,Search_Retention,Search,Retention,15942.5,17242,569,35,65428.57,35985.71,2025-07
2025-07-17,Social_Prospecting,Social,Prospecting,6121.83,14864,323,13,29084.47,15996.46,2025-07
2025-07-17,Social_Retention,Social,Retention,6543.53,12673,298,10,22175.05,12196.28,2025-07
2025-07-17,Email_Prospecting,Email,Prospecting,2311.8,8972,616,42,68173.02,37495.16,2025-07
2025-07-17,Email_Retention,Email,Retention,5045.68,16947,1175,110,233639.81,128501.9,2025-07
2025-07-17,Display_Prospecting,Display,Prospecting,1820.2,11610,111,3,5855.17,3220.34,2025-07
2025-07-17,Display_Retention,Display,Retention,1356.81,7562,76,2,4204.97,2312.73,2025-07
2025-07-17,Affiliate_Prospecting,Affiliate,Prospecting,4539.89,12288,331,9,16208.8,8914.84,2025-07
2025-07-17,Affiliate_Retention,Affiliate,Retention,3681.52,8988,241,9,18336.53,10085.09,2025-07
2025-07-18,Search_Prospecting,Search,Prospecting,4331.58,4733,148,13,24987.88,13743.33,2025-07
2025-07-18,Search_Retention,Search,Retention,15671.99,15085,512,44,98082.07,53945.14,2025-07
2025-07-18,Social_Prospecting,Social,Prospecting,7426.53,16326,387,9,16978.53,9338.19,2025-07
2025-07-18,Social_Retention,Social,Retention,1751.19,4036,85,0,0.0,0.0,2025-07
2025-07-18,Email_Prospecting,Email,Prospecting,2128.97,8169,589,39,75489.4,41519.17,2025-07
2025-07-18,Email_Retention,Email,Retention,4680.64,17969,1238,102,192202.45,105711.35,2025-07
2025-07-18,Display_Prospecting,Display,Prospecting,2685.27,15503,148,1,2052.8,1129.04,2025-07
2025-07-18,Display_Retention,Display,Retention,1028.71,6281,57,0,0.0,0.0,2025-07
2025-07-18,Affiliate_Prospecting,Affiliate,Prospecting,5817.47,16074,405,21,33454.88,18400.18,2025-07
2025-07-18,Affiliate_Retention,Affiliate,Retention,2249.32,5757,159,10,16728.79,9200.83,2025-07
2025-07-19,Search_Prospecting,Search,Prospecting,15071.99,14998,531,31,70458.66,38752.26,2025-07
2025-07-19,Search_Retention,Search,Retention,3927.71,4451,153,11,23628.78,12995.83,2025-07
2025-07-19,Social_Prospecting,Social,Prospecting,7209.98,14008,335,8,13378.76,7358.32,2025-07
2025-07-19,Social_Retention,Social,Retention,5534.13,12181,260,8,16117.06,8864.38,2025-07
2025-07-19,Email_Prospecting,Email,Prospecting,1704.88,5671,407,33,51621.48,28391.81,2025-07
2025-07-19,Email_Retention,Email,Retention,4754.61,16866,1142,87,165765.09,91170.8,2025-07
2025-07-19,Display_Prospecting,Display,Prospecting,1245.63,8555,77,0,0.0,0.0,2025-07
2025-07-19,Display_Retention,Display,Retention,2379.9,15963,145,3,4748.79,2611.83,2025-07
2025-07-19,Affiliate_Prospecting,Affiliate,Prospecting,2786.96,7207,196,13,26427.28,14535.0,2025-07
2025-07-19,Affiliate_Retention,Affiliate,Retention,2675.92,6836,173,3,4891.72,2690.45,2025-07
2025-07-20,Search_Prospecting,Search,Prospecting,17957.18,16249,588,28,48510.7,26680.89,2025-07
2025-07-20,Search_Retention,Search,Retention,6157.72,6524,228,17,33013.14,18157.23,2025-07
2025-07-20,Social_Prospecting,Social,Prospecting,1711.33,4388,80,3,4979.08,2738.49,2025-07
2025-07-20,Social_Retention,Social,Retention,2106.78,5161,108,3,6008.55,3304.7,2025-07
2025-07-20,Email_Prospecting,Email,Prospecting,3655.82,12035,895,65,110813.31,60947.32,2025-07
2025-07-20,Email_Retention,Email,Retention,3058.67,11079,777,77,137173.33,75445.33,2025-07
2025-07-20,Display_Prospecting,Display,Prospecting,1517.18,9379,87,3,5098.51,2804.18,2025-07
2025-07-20,Display_Retention,Display,Retention,2552.27,17860,137,2,3445.75,1895.16,2025-07
2025-07-20,Affiliate_Prospecting,Affiliate,Prospecting,2142.41,4970,136,7,14064.18,7735.3,2025-07
2025-07-20,Affiliate_Retention,Affiliate,Retention,4488.83,10565,299,16,33864.34,18625.39,2025-07
2025-07-21,Search_Prospecting,Search,Prospecting,4461.55,4197,146,10,18378.82,10108.35,2025-07
2025-07-21,Search_Retention,Search,Retention,13677.22,12964,476,30,66722.57,36697.41,2025-07
2025-07-21,Social_Prospecting,Social,Prospecting,2608.74,6187,140,5,10677.32,5872.53,2025-07
2025-07-21,Social_Retention,Social,Retention,4255.46,8393,194,5,10388.67,5713.77,2025-07
2025-07-21,Email_Prospecting,Email,Prospecting,4150.16,14914,1073,77,160388.58,88213.72,2025-07
2025-07-21,Email_Retention,Email,Retention,3481.35,14892,965,79,168238.62,92531.24,2025-07
2025-07-21,Display_Prospecting,Display,Prospecting,2164.91,14104,132,2,3450.41,1897.73,2025-07
2025-07-21,Display_Retention,Display,Retention,1640.42,11359,100,1,1653.84,909.61,2025-07
2025-07-21,Affiliate_Prospecting,Affiliate,Prospecting,7128.06,17991,460,15,25712.52,14141.89,2025-07
2025-07-21,Affiliate_Retention,Affiliate,Retention,4658.28,9979,285,18,30193.13,16606.22,2025-07
2025-07-22,Search_Prospecting,Search,Prospecting,6263.19,6857,238,15,27837.17,15310.44,2025-07
2025-07-22,Search_Retention,Search,Retention,15022.12,17344,578,36,71480.63,39314.35,2025-07
2025-07-22,Social_Prospecting,Social,Prospecting,7573.07,17892,400,12,23499.02,12924.46,2025-07
2025-07-22,Social_Retention,Social,Retention,4011.4,8309,216,3,4786.37,2632.5,2025-07
2025-07-22,Email_Prospecting,Email,Prospecting,1558.68,5708,379,23,40041.72,22022.95,2025-07
2025-07-22,Email_Retention,Email,Retention,3086.44,10485,727,66,135522.72,74537.5,2025-07
2025-07-22,Display_Prospecting,Display,Prospecting,1218.87,8681,77,0,0.0,0.0,2025-07
2025-07-22,Display_Retention,Display,Retention,2191.51,14520,125,1,1910.58,1050.82,2025-07
2025-07-22,Affiliate_Prospecting,Affiliate,Prospecting,5157.86,13186,351,18,30352.79,16694.03,2025-07
2025-07-22,Affiliate_Retention,Affiliate,Retention,2856.97,6134,174,4,6308.51,3469.68,2025-07
2025-07-23,Search_Prospecting,Search,Prospecting,18216.09,17083,616,31,71157.57,39136.66,2025-07
2025-07-23,Search_Retention,Search,Retention,5519.65,5748,189,11,24268.14,13347.48,2025-07
2025-07-23,Social_Prospecting,Social,Prospecting,6373.9,16278,348,12,26168.46,14392.65,2025-07
2025-07-23,Social_Retention,Social,Retention,3117.01,6390,144,4,6418.54,3530.2,2025-07
2025-07-23,Email_Prospecting,Email,Prospecting,3093.61,12116,806,68,122754.43,67514.94,2025-07
2025-07-23,Email_Retention,Email,Retention,3453.18,12039,827,65,121308.97,66719.93,2025-07
2025-07-23,Display_Prospecting,Display,Prospecting,1638.88,11821,104,2,3880.21,2134.12,2025-07
2025-07-23,Display_Retention,Display,Retention,861.63,5795,51,0,0.0,0.0,2025-07
2025-07-23,Affiliate_Prospecting,Affiliate,Prospecting,5837.68,16337,423,22,45939.92,25266.96,2025-07
2025-07-23,Affiliate_Retention,Affiliate,Retention,3539.88,8627,244,14,28955.8,15925.69,2025-07
2025-07-24,Search_Prospecting,Search,Prospecting,14133.93,16012,543,32,60682.74,33375.51,2025-07
2025-07-24,Search_Retention,Search,Retention,14785.69,14915,514,29,65131.47,35822.31,2025-07
2025-07-24,Social_Prospecting,Social,Prospecting,2697.33,6484,143,4,8970.58,4933.82,2025-07
2025-07-24,Social_Retention,Social,Retention,5079.88,13172,280,10,17124.52,9418.49,2025-07
2025-07-24,Email_Prospecting,Email,Prospecting,4450.57,16238,1106,96,158766.04,87321.32,2025-07
2025-07-24,Email_Retention,Email,Retention,1849.11,6894,496,34,71210.71,39165.89,2025-07
2025-07-24,Display_Prospecting,Display,Prospecting,1630.8,11209,103,0,0.0,0.0,2025-07
2025-07-24,Display_Retention,Display,Retention,765.18,5885,45,0,0.0,0.0,2025-07
2025-07-24,Affiliate_Prospecting,Affiliate,Prospecting,6289.25,17126,448,17,32780.96,18029.53,2025-07
2025-07-24,Affiliate_Retention,Affiliate,Retention,4866.96,11932,317,10,20685.43,11376.99,2025-07
2025-07-25,Search_Prospecting,Search,Prospecting,6435.86,6424,224,18,27547.91,15151.35,2025-07
2025-07-25,Search_Retention,Search,Retention,17572.53,17606,583,36,61639.22,33901.57,2025-07
2025-07-25,Social_Prospecting,Social,Prospecting,5800.16,14191,314,12,18233.72,10028.55,2025-07
2025-07-25,Social_Retention,Social,Retention,6190.23,13538,292,9,14795.54,8137.55,2025-07
2025-07-25,Email_Prospecting,Email,Prospecting,3538.93,11567,827,49,86136.19,47374.9,2025-07
2025-07-25,Email_Retention,Email,Retention,3763.11,13104,883,82,141216.24,77668.93,2025-07
2025-07-25,Display_Prospecting,Display,Prospecting,643.11,4246,39,1,1693.85,931.62,2025-07
2025-07-25,Display_Retention,Display,Retention,919.39,5667,54,0,0.0,0.0,2025-07
2025-07-25,Affiliate_Prospecting,Affiliate,Prospecting,7775.92,17769,518,31,67289.33,37009.13,2025-07
2025-07-25,Affiliate_Retention,Affiliate,Retention,3449.77,8057,212,12,19721.26,10846.69,2025-07
2025-07-26,Search_Prospecting,Search,Prospecting,7392.9,6663,259,9,17469.85,9608.42,2025-07
2025-07-26,Search_Retention,Search,Retention,7750.58,6863,252,19,32691.87,17980.53,2025-07
2025-07-26,Social_Prospecting,Social,Prospecting,3892.91,8855,188,4,7426.84,4084.76,2025-07
2025-07-26,Social_Retention,Social,Retention,3801.03,8528,191,6,10281.48,5654.81,2025-07
2025-07-26,Email_Prospecting,Email,Prospecting,3814.73,14815,1006,84,161923.87,89058.13,2025-07
2025-07-26,Email_Retention,Email,Retention,3613.09,11222,826,76,165389.36,90964.15,2025-07
2025-07-26,Display_Prospecting,Display,Prospecting,1002.48,5751,58,1,1661.16,913.64,2025-07
2025-07-26,Display_Retention,Display,Retention,848.8,6095,51,0,0.0,0.0,2025-07
2025-07-26,Affiliate_Prospecting,Affiliate,Prospecting,4980.0,12365,332,16,25911.79,14251.48,2025-07
2025-07-26,Affiliate_Retention,Affiliate,Retention,6693.12,15820,425,17,33770.51,18573.78,2025-07
2025-07-27,Search_Prospecting,Search,Prospecting,16645.69,17939,630,29,54500.0,29975.0,2025-07
2025-07-27,Search_Retention,Search,Retention,10125.94,9522,341,18,32465.1,17855.81,2025-07
2025-07-27,Social_Prospecting,Social,Prospecting,6624.91,15979,339,9,18569.03,10212.97,2025-07
2025-07-27,Social_Retention,Social,Retention,7230.24,16420,356,11,21649.44,11907.19,2025-07
2025-07-27,Email_Prospecting,Email,Prospecting,1980.29,7130,477,39,72511.75,39881.46,2025-07
2025-07-27,Email_Retention,Email,Retention,2917.51,9956,714,48,76321.14,41976.63,2025-07
2025-07-27,Display_Prospecting,Display,Prospecting,1597.03,11535,99,1,1779.74,978.86,2025-07
2025-07-27,Display_Retention,Display,Retention,708.14,5511,45,0,0.0,0.0,2025-07
2025-07-27,Affiliate_Prospecting,Affiliate,Prospecting,7493.37,15474,455,15,34207.02,18813.86,2025-07
2025-07-27,Affiliate_Retention,Affiliate,Retention,6439.07,13749,393,24,50951.03,28023.07,2025-07
2025-07-28,Search_Prospecting,Search,Prospecting,9321.43,10330,358,14,30305.09,16667.8,2025-07
2025-07-28,Search_Retention,Search,Retention,11634.72,12738,438,26,39535.02,21744.26,2025-07
2025-07-28,Social_Prospecting,Social,Prospecting,3308.41,6809,152,3,5919.23,3255.58,2025-07
2025-07-28,Social_Retention,Social,Retention,6379.77,11927,302,2,4323.81,2378.1,2025-07
2025-07-28,Email_Prospecting,Email,Prospecting,1616.48,5953,426,31,46908.0,25799.4,2025-07
2025-07-28,Email_Retention,Email,Retention,1555.82,4821,354,22,40707.98,22389.39,2025-07
2025-07-28,Display_Prospecting,Display,Prospecting,1528.89,9698,86,1,1785.21,981.87,2025-07
2025-07-28,Display_Retention,Display,Retention,1302.98,9985,79,3,6156.84,3386.26,2025-07
2025-07-28,Affiliate_Prospecting,Affiliate,Prospecting,5920.6,16727,433,20,32798.56,18039.21,2025-07
2025-07-28,Affiliate_Retention,Affiliate,Retention,4074.85,10893,291,9,16463.51,9054.93,2025-07
2025-07-29,Search_Prospecting,Search,Prospecting,3795.45,4094,140,11,23543.31,12948.82,2025-07
2025-07-29,Search_Retention,Search,Retention,12295.01,14050,481,33,52265.45,28746.0,2025-07
2025-07-29,Social_Prospecting,Social,Prospecting,4841.5,10899,236,6,9885.52,5437.04,2025-07
2025-07-29,Social_Retention,Social,Retention,7824.85,15700,360,17,28199.58,15509.77,2025-07
2025-07-29,Email_Prospecting,Email,Prospecting,4828.53,15977,1139,79,140318.29,77175.06,2025-07
2025-07-29,Email_Retention,Email,Retention,3928.3,12681,922,85,175144.6,96329.53,2025-07
2025-07-29,Display_Prospecting,Display,Prospecting,2000.59,15524,130,2,4542.27,2498.25,2025-07
2025-07-29,Display_Retention,Display,Retention,623.26,4098,35,0,0.0,0.0,2025-07
2025-07-29,Affiliate_Prospecting,Affiliate,Prospecting,4524.98,10206,280,12,18329.98,10081.49,2025-07
2025-07-29,Affiliate_Retention,Affiliate,Retention,3531.79,9561,253,17,29379.8,16158.89,2025-07
2025-07-30,Search_Prospecting,Search,Prospecting,4845.37,5254,183,10,22939.31,12616.62,2025-07
2025-07-30,Search_Retention,Search,Retention,10965.47,12806,423,27,43059.3,23682.62,2025-07
2025-07-30,Social_Prospecting,Social,Prospecting,2223.59,4786,112,6,13458.29,7402.06,2025-07
2025-07-30,Social_Retention,Social,Retention,4655.4,11004,244,8,13183.6,7250.98,2025-07
2025-07-30,Email_Prospecting,Email,Prospecting,3682.81,14630,983,67,119498.34,65724.09,2025-07
2025-07-30,Email_Retention,Email,Retention,1594.12,5325,374,30,45004.75,24752.61,2025-07
2025-07-30,Display_Prospecting,Display,Prospecting,1713.09,11403,103,1,2213.56,1217.46,2025-07
2025-07-30,Display_Retention,Display,Retention,1715.36,11470,104,3,5684.55,3126.5,2025-07
2025-07-30,Affiliate_Prospecting,Affiliate,Prospecting,5532.58,13213,363,23,45756.35,25165.99,2025-07
2025-07-30,Affiliate_Retention,Affiliate,Retention,4051.86,9458,262,16,26741.08,14707.59,2025-07
2025-07-31,Search_Prospecting,Search,Prospecting,14125.15,15575,539,30,62633.61,34448.49,2025-07
2025-07-31,Search_Retention,Search,Retention,12408.12,12154,430,31,65073.43,35790.39,2025-07
2025-07-31,Social_Prospecting,Social,Prospecting,6460.45,16791,350,7,11234.93,6179.21,2025-07
2025-07-31,Social_Retention,Social,Retention,2687.18,6894,140,2,4473.17,2460.24,2025-07
2025-07-31,Email_Prospecting,Email,Prospecting,1505.54,6279,417,28,51108.28,28109.55,2025-07
2025-07-31,Email_Retention,Email,Retention,4984.7,17486,1199,100,153736.39,84555.01,2025-07
2025-07-31,Display_Prospecting,Display,Prospecting,2122.34,13417,129,1,1658.7,912.29,2025-07
2025-07-31,Display_Retention,Display,Retention,2579.79,16563,154,3,6376.08,3506.84,2025-07
2025-07-31,Affiliate_Prospecting,Affiliate,Prospecting,5744.53,13849,374,14,31617.28,17389.5,2025-07
2025-07-31,Affiliate_Retention,Affiliate,Retention,3296.86,8214,217,10,17488.29,9618.56,2025-07
2025-08-01,Search_Prospecting,Search,Prospecting,5419.09,4341,177,14,27359.69,15047.83,2025-08
2025-08-01,Search_Retention,Search,Retention,3688.22,4052,146,7,11938.02,6565.91,2025-08
2025-08-01,Social_Prospecting,Social,Prospecting,6764.4,15199,328,10,22150.12,12182.57,2025-08
2025-08-01,Social_Retention,Social,Retention,4686.94,10089,249,9,20292.85,11161.07,2025-08
2025-08-01,Email_Prospecting,Email,Prospecting,4286.06,16477,1146,74,128551.9,70703.54,2025-08
2025-08-01,Email_Retention,Email,Retention,1713.29,6448,456,47,71339.2,39236.56,2025-08
2025-08-01,Display_Prospecting,Display,Prospecting,825.44,5002,51,1,1860.87,1023.48,2025-08
2025-08-01,Display_Retention,Display,Retention,2389.32,14896,144,3,4771.34,2624.24,2025-08
2025-08-01,Affiliate_Prospecting,Affiliate,Prospecting,5708.87,16744,414,14,21691.53,11930.34,2025-08
2025-08-01,Affiliate_Retention,Affiliate,Retention,6905.39,16134,432,28,59542.48,32748.36,2025-08
2025-08-02,Search_Prospecting,Search,Prospecting,7354.95,7102,267,10,15733.49,8653.42,2025-08
2025-08-02,Search_Retention,Search,Retention,13784.39,12605,450,27,48684.92,26776.71,2025-08
2025-08-02,Social_Prospecting,Social,Prospecting,7311.48,15726,356,11,16740.62,9207.34,2025-08
2025-08-02,Social_Retention,Social,Retention,3935.53,7372,181,7,15581.93,8570.06,2025-08
2025-08-02,Email_Prospecting,Email,Prospecting,3985.01,15502,1101,91,184476.12,101461.87,2025-08
2025-08-02,Email_Retention,Email,Retention,2184.68,6879,497,32,68309.96,37570.48,2025-08
2025-08-02,Display_Prospecting,Display,Prospecting,1215.14,6557,66,0,0.0,0.0,2025-08
2025-08-02,Display_Retention,Display,Retention,2345.63,16168,146,2,3745.99,2060.29,2025-08
2025-08-02,Affiliate_Prospecting,Affiliate,Prospecting,1935.14,5502,138,6,11912.28,6551.75,2025-08
2025-08-02,Affiliate_Retention,Affiliate,Retention,3451.94,9052,243,16,33434.44,18388.94,2025-08
2025-08-03,Search_Prospecting,Search,Prospecting,15699.95,16855,591,44,84889.71,46689.34,2025-08
2025-08-03,Search_Retention,Search,Retention,7515.73,7822,267,28,52119.18,28665.55,2025-08
2025-08-03,Social_Prospecting,Social,Prospecting,3325.28,5798,152,2,4537.41,2495.58,2025-08
2025-08-03,Social_Retention,Social,Retention,4305.77,8802,202,8,15190.61,8354.84,2025-08
2025-08-03,Email_Prospecting,Email,Prospecting,3448.19,13306,936,63,114575.05,63016.28,2025-08
2025-08-03,Email_Retention,Email,Retention,2254.05,8631,609,51,112602.04,61931.12,2025-08
2025-08-03,Display_Prospecting,Display,Prospecting,1540.59,9809,90,1,1663.2,914.76,2025-08
2025-08-03,Display_Retention,Display,Retention,708.68,4869,41,1,1885.55,1037.05,2025-08
2025-08-03,Affiliate_Prospecting,Affiliate,Prospecting,3401.68,7922,219,8,12491.3,6870.22,2025-08
2025-08-03,Affiliate_Retention,Affiliate,Retention,1708.4,4765,120,4,8082.74,4445.51,2025-08
2025-08-04,Search_Prospecting,Search,Prospecting,15514.69,15615,544,29,54027.72,29715.25,2025-08
2025-08-04,Search_Retention,Search,Retention,13187.26,14203,505,45,77007.02,42353.86,2025-08
2025-08-04,Social_Prospecting,Social,Prospecting,6731.5,16984,362,8,15344.85,8439.67,2025-08
2025-08-04,Social_Retention,Social,Retention,2552.61,6074,134,4,7363.58,4049.97,2025-08
2025-08-04,Email_Prospecting,Email,Prospecting,2790.07,10405,737,56,89710.23,49340.63,2025-08
2025-08-04,Email_Retention,Email,Retention,1718.94,5334,404,44,78971.36,43434.25,2025-08
2025-08-04,Display_Prospecting,Display,Prospecting,1924.88,14828,123,1,1832.8,1008.04,2025-08
2025-08-04,Display_Retention,Display,Retention,1521.83,9163,94,1,1580.67,869.37,2025-08
2025-08-04,Affiliate_Prospecting,Affiliate,Prospecting,5058.23,12425,319,15,23395.56,12867.56,2025-08
2025-08-04,Affiliate_Retention,Affiliate,Retention,5384.05,14302,362,20,41962.82,23079.55,2025-08
2025-08-05,Search_Prospecting,Search,Prospecting,5000.03,5008,163,5,8159.41,4487.68,2025-08
2025-08-05,Search_Retention,Search,Retention,15983.53,16635,595,30,52814.69,29048.08,2025-08
2025-08-05,Social_Prospecting,Social,Prospecting,3368.15,7616,154,1,2241.85,1233.02,2025-08
2025-08-05,Social_Retention,Social,Retention,3532.73,7905,165,12,24865.28,13675.9,2025-08
2025-08-05,Email_Prospecting,Email,Prospecting,1476.1,5482,357,25,52283.63,28756.0,2025-08
2025-08-05,Email_Retention,Email,Retention,1366.39,4314,318,27,47651.45,26208.3,2025-08
2025-08-05,Display_Prospecting,Display,Prospecting,978.42,4788,54,1,1828.93,1005.91,2025-08
2025-08-05,Display_Retention,Display,Retention,877.76,4877,53,0,0.0,0.0,2025-08
2025-08-05,Affiliate_Prospecting,Affiliate,Prospecting,7219.74,17303,484,30,63809.34,35095.14,2025-08
2025-08-05,Affiliate_Retention,Affiliate,Retention,5786.71,13230,374,13,26182.99,14400.64,2025-08
2025-08-06,Search_Prospecting,Search,Prospecting,15405.79,16542,568,32,63919.38,35155.66,2025-08
2025-08-06,Search_Retention,Search,Retention,5977.15,5748,226,14,23235.19,12779.35,2025-08
2025-08-06,Social_Prospecting,Social,Prospecting,5662.59,14923,295,7,15651.86,8608.52,2025-08
2025-08-06,Social_Retention,Social,Retention,6295.29,13169,293,11,17641.73,9702.95,2025-08
2025-08-06,Email_Prospecting,Email,Prospecting,4370.08,15405,1102,78,127263.46,69994.9,2025-08
2025-08-06,Email_Retention,Email,Retention,1291.08,5143,339,34,74253.55,40839.45,2025-08
2025-08-06,Display_Prospecting,Display,Prospecting,1438.24,11120,91,1,1684.0,926.2,2025-08
2025-08-06,Display_Retention,Display,Retention,969.21,5976,62,2,3732.97,2053.13,2025-08
2025-08-06,Affiliate_Prospecting,Affiliate,Prospecting,4654.54,11601,321,13,21428.92,11785.91,2025-08
2025-08-06,Affiliate_Retention,Affiliate,Retention,5018.52,15159,362,21,41748.59,22961.72,2025-08
2025-08-07,Search_Prospecting,Search,Prospecting,3712.67,4797,138,10,19631.52,10797.34,2025-08
2025-08-07,Search_Retention,Search,Retention,12670.63,11774,448,25,57410.33,31575.68,2025-08
2025-08-07,Social_Prospecting,Social,Prospecting,5519.1,13495,295,4,6476.55,3562.1,2025-08
2025-08-07,Social_Retention,Social,Retention,4070.96,10862,218,6,11458.77,6302.32,2025-08
2025-08-07,Email_Prospecting,Email,Prospecting,3699.62,14138,1003,65,108895.4,59892.47,2025-08
2025-08-07,Email_Retention,Email,Retention,2254.0,8528,594,53,82095.52,45152.54,2025-08
2025-08-07,Display_Prospecting,Display,Prospecting,754.52,4739,48,1,2118.47,1165.16,2025-08
2025-08-07,Display_Retention,Display,Retention,2170.15,16187,137,6,9966.57,5481.61,2025-08
2025-08-07,Affiliate_Prospecting,Affiliate,Prospecting,6629.55,15731,475,23,46301.71,25465.94,2025-08
2025-08-07,Affiliate_Retention,Affiliate,Retention,4914.42,12406,326,12,20279.09,11153.5,2025-08
2025-08-08,Search_Prospecting,Search,Prospecting,6130.71,6777,214,16,29393.22,16166.27,2025-08
2025-08-08,Search_Retention,Search,Retention,13218.41,13543,468,40,79146.21,43530.42,2025-08
2025-08-08,Social_Prospecting,Social,Prospecting,5284.6,11081,258,7,13430.93,7387.01,2025-08
2025-08-08,Social_Retention,Social,Retention,6546.26,12818,305,8,18012.25,9906.74,2025-08
2025-08-08,Email_Prospecting,Email,Prospecting,2713.9,9514,658,52,103866.64,57126.65,2025-08
2025-08-08,Email_Retention,Email,Retention,3161.68,9962,725,69,125317.53,68924.64,2025-08
2025-08-08,Display_Prospecting,Display,Prospecting,1267.78,8445,80,2,3950.87,2172.98,2025-08
2025-08-08,Display_Retention,Display,Retention,1640.94,12485,107,3,6514.74,3583.11,2025-08
2025-08-08,Affiliate_Prospecting,Affiliate,Prospecting,4938.65,11157,321,11,20371.47,11204.31,2025-08
2025-08-08,Affiliate_Retention,Affiliate,Retention,5541.9,13844,389,22,44199.18,24309.55,2025-08
2025-08-09,Search_Prospecting,Search,Prospecting,7471.71,7546,277,16,33875.62,18631.59,2025-08
2025-08-09,Search_Retention,Search,Retention,3899.86,4676,154,11,16816.67,9249.17,2025-08
2025-08-09,Social_Prospecting,Social,Prospecting,4786.91,10471,230,3,6162.52,3389.39,2025-08
2025-08-09,Social_Retention,Social,Retention,4038.62,8315,212,9,19305.42,10617.98,2025-08
2025-08-09,Email_Prospecting,Email,Prospecting,2245.05,7304,544,43,78681.37,43274.75,2025-08
2025-08-09,Email_Retention,Email,Retention,5301.62,17951,1241,105,219491.73,120720.45,2025-08
2025-08-09,Display_Prospecting,Display,Prospecting,1498.53,8677,88,1,1590.57,874.81,2025-08
2025-08-09,Display_Retention,Display,Retention,2266.87,15044,124,1,1695.95,932.77,2025-08
2025-08-09,Affiliate_Prospecting,Affiliate,Prospecting,6184.99,15641,440,18,35209.45,19365.2,2025-08
2025-08-09,Affiliate_Retention,Affiliate,Retention,5179.58,10887,322,17,31653.99,17409.69,2025-08
2025-08-10,Search_Prospecting,Search,Prospecting,6190.07,6645,239,10,19891.97,10940.58,2025-08
2025-08-10,Search_Retention,Search,Retention,15142.21,15637,549,49,108562.57,59709.41,2025-08
2025-08-10,Social_Prospecting,Social,Prospecting,5821.33,13118,305,6,12747.01,7010.86,2025-08
2025-08-10,Social_Retention,Social,Retention,7089.39,16548,356,9,16035.16,8819.34,2025-08
2025-08-10,Email_Prospecting,Email,Prospecting,3369.29,11321,781,51,112677.5,61972.63,2025-08
2025-08-10,Email_Retention,Email,Retention,3100.52,11050,800,77,139572.17,76764.69,2025-08
2025-08-10,Display_Prospecting,Display,Prospecting,1600.83,10610,94,2,3086.36,1697.5,2025-08
2025-08-10,Display_Retention,Display,Retention,1970.48,11826,112,2,3022.27,1662.25,2025-08
2025-08-10,Affiliate_Prospecting,Affiliate,Prospecting,2095.91,6421,153,8,15599.6,8579.78,2025-08
2025-08-10,Affiliate_Retention,Affiliate,Retention,6293.82,16229,419,26,47939.37,26366.65,2025-08
2025-08-11,Search_Prospecting,Search,Prospecting,13157.6,13389,487,25,51608.39,28384.61,2025-08
2025-08-11,Search_Retention,Search,Retention,18935.8,17942,627,42,88840.88,48862.48,2025-08
2025-08-11,Social_Prospecting,Social,Prospecting,4465.93,10290,211,2,4292.81,2361.05,2025-08
2025-08-11,Social_Retention,Social,Retention,3675.59,8796,170,5,10652.7,5858.99,2025-08
2025-08-11,Email_Prospecting,Email,Prospecting,4731.48,17516,1270,94,210924.14,116008.28,2025-08
2025-08-11,Email_Retention,Email,Retention,4899.37,16609,1122,102,187447.23,103095.98,2025-08
2025-08-11,Display_Prospecting,Display,Prospecting,1467.35,10824,90,3,4557.94,2506.87,2025-08
2025-08-11,Display_Retention,Display,Retention,2169.16,13752,134,4,9019.82,4960.9,2025-08
2025-08-11,Affiliate_Prospecting,Affiliate,Prospecting,6375.42,14989,388,20,36036.03,19819.82,2025-08
2025-08-11,Affiliate_Retention,Affiliate,Retention,6175.71,17605,436,28,58254.06,32039.73,2025-08
2025-08-12,Search_Prospecting,Search,Prospecting,8449.04,8644,318,16,27518.02,15134.91,2025-08
2025-08-12,Search_Retention,Search,Retention,4293.41,4009,151,10,20688.89,11378.89,2025-08
2025-08-12,Social_Prospecting,Social,Prospecting,4125.94,8358,192,7,15981.78,8789.98,2025-08
2025-08-12,Social_Retention,Social,Retention,6982.83,13480,320,13,27781.3,15279.72,2025-08
2025-08-12,Email_Prospecting,Email,Prospecting,3553.67,12014,854,63,107093.91,58901.65,2025-08
2025-08-12,Email_Retention,Email,Retention,2888.44,9820,719,57,118779.06,65328.48,2025-08
2025-08-12,Display_Prospecting,Display,Prospecting,1691.72,11255,105,2,3763.89,2070.14,2025-08
2025-08-12,Display_Retention,Display,Retention,1652.14,14235,101,3,5824.58,3203.52,2025-08
2025-08-12,Affiliate_Prospecting,Affiliate,Prospecting,4974.85,11169,305,23,42415.21,23328.37,2025-08
2025-08-12,Affiliate_Retention,Affiliate,Retention,6737.28,15593,412,27,58464.11,32155.26,2025-08
2025-08-13,Search_Prospecting,Search,Prospecting,4918.84,5763,190,9,14262.14,7844.18,2025-08
2025-08-13,Search_Retention,Search,Retention,9158.08,9554,335,25,46238.76,25431.32,2025-08
2025-08-13,Social_Prospecting,Social,Prospecting,4278.97,8050,204,6,12452.6,6848.93,2025-08
2025-08-13,Social_Retention,Social,Retention,5438.68,12377,285,8,14273.36,7850.35,2025-08
2025-08-13,Email_Prospecting,Email,Prospecting,3889.25,13973,997,72,148718.94,81795.42,2025-08
2025-08-13,Email_Retention,Email,Retention,2715.58,9999,724,61,115637.57,63600.66,2025-08
2025-08-13,Display_Prospecting,Display,Prospecting,1493.5,8163,90,0,0.0,0.0,2025-08
2025-08-13,Display_Retention,Display,Retention,1561.43,12038,100,2,3386.67,1862.67,2025-08
2025-08-13,Affiliate_Prospecting,Affiliate,Prospecting,4088.35,10675,279,10,20577.35,11317.54,2025-08
2025-08-13,Affiliate_Retention,Affiliate,Retention,7094.41,16688,501,27,49209.61,27065.29,2025-08
2025-08-14,Search_Prospecting,Search,Prospecting,5346.01,5291,200,12,22570.65,12413.86,2025-08
2025-08-14,Search_Retention,Search,Retention,4922.92,4882,171,12,27026.75,14864.71,2025-08
2025-08-14,Social_Prospecting,Social,Prospecting,7339.39,15593,342,7,15862.31,8724.27,2025-08
2025-08-14,Social_Retention,Social,Retention,3985.42,8650,182,6,10205.38,5612.96,2025-08
2025-08-14,Email_Prospecting,Email,Prospecting,4728.22,15913,1148,83,177829.78,97806.38,2025-08
2025-08-14,Email_Retention,Email,Retention,4413.19,15095,1052,93,202860.74,111573.41,2025-08
2025-08-14,Display_Prospecting,Display,Prospecting,2000.04,9931,110,2,4122.71,2267.49,2025-08
2025-08-14,Display_Retention,Display,Retention,2233.25,14351,125,3,5804.56,3192.51,2025-08
2025-08-14,Affiliate_Prospecting,Affiliate,Prospecting,6205.07,14821,409,20,33637.08,18500.39,2025-08
2025-08-14,Affiliate_Retention,Affiliate,Retention,6057.37,14885,407,26,40683.05,22375.68,2025-08
2025-08-15,Search_Prospecting,Search,Prospecting,5798.27,5124,191,9,14620.69,8041.38,2025-08
2025-08-15,Search_Retention,Search,Retention,11354.47,10822,380,28,43311.75,23821.46,2025-08
2025-08-15,Social_Prospecting,Social,Prospecting,2156.61,6123,112,1,2249.06,1236.98,2025-08
2025-08-15,Social_Retention,Social,Retention,7373.4,15088,343,16,33311.95,18321.57,2025-08
2025-08-15,Email_Prospecting,Email,Prospecting,1755.01,6602,437,31,48648.14,26756.48,2025-08
2025-08-15,Email_Retention,Email,Retention,4736.68,16351,1147,98,204617.51,112539.63,2025-08
2025-08-15,Display_Prospecting,Display,Prospecting,3115.25,17721,168,5,9193.36,5056.35,2025-08
2025-08-15,Display_Retention,Display,Retention,700.39,4189,38,0,0.0,0.0,2025-08
2025-08-15,Affiliate_Prospecting,Affiliate,Prospecting,4214.38,9454,258,11,21652.0,11908.6,2025-08
2025-08-15,Affiliate_Retention,Affiliate,Retention,6083.16,15139,444,17,36647.13,20155.92,2025-08
2025-08-16,Search_Prospecting,Search,Prospecting,17397.28,17163,593,29,48957.55,26926.65,2025-08
2025-08-16,Search_Retention,Search,Retention,7263.81,7315,238,21,31541.35,17347.74,2025-08
2025-08-16,Social_Prospecting,Social,Prospecting,6706.11,15277,328,9,14958.04,8226.92,2025-08
2025-08-16,Social_Retention,Social,Retention,4543.14,10409,213,8,17405.97,9573.28,2025-08
2025-08-16,Email_Prospecting,Email,Prospecting,2373.37,8706,602,43,80001.86,44001.02,2025-08
2025-08-16,Email_Retention,Email,Retention,3198.01,12834,869,74,131090.82,72099.95,2025-08
2025-08-16,Display_Prospecting,Display,Prospecting,822.34,6853,45,1,1840.61,1012.34,2025-08
2025-08-16,Display_Retention,Display,Retention,890.46,9213,57,1,1948.74,1071.81,2025-08
2025-08-16,Affiliate_Prospecting,Affiliate,Prospecting,5018.34,10986,308,12,22526.73,12389.7,2025-08
2025-08-16,Affiliate_Retention,Affiliate,Retention,6474.22,17401,443,23,35143.29,19328.81,2025-08
2025-08-17,Search_Prospecting,Search,Prospecting,13745.65,13766,488,28,54953.88,30224.63,2025-08
2025-08-17,Search_Retention,Search,Retention,6173.75,6496,229,16,26288.42,14458.63,2025-08
2025-08-17,Social_Prospecting,Social,Prospecting,6023.82,14906,329,10,15272.38,8399.81,2025-08
2025-08-17,Social_Retention,Social,Retention,8185.74,17526,384,12,21282.93,11705.61,2025-08
2025-08-17,Email_Prospecting,Email,Prospecting,4725.68,16925,1220,98,177450.02,97597.51,2025-08
2025-08-17,Email_Retention,Email,Retention,2357.4,9985,654,70,147049.59,80877.27,2025-08
2025-08-17,Display_Prospecting,Display,Prospecting,1516.22,12286,96,3,6813.7,3747.54,2025-08
2025-08-17,Display_Retention,Display,Retention,1644.31,12023,104,1,2274.24,1250.83,2025-08
2025-08-17,Affiliate_Prospecting,Affiliate,Prospecting,3884.42,9273,239,14,31449.43,17297.19,2025-08
2025-08-17,Affiliate_Retention,Affiliate,Retention,4341.98,12009,310,12,22164.74,12190.61,2025-08
2025-08-18,Search_Prospecting,Search,Prospecting,15396.11,15582,544,30,55155.21,30335.37,2025-08
2025-08-18,Search_Retention,Search,Retention,7457.0,7971,259,11,21206.93,11663.81,2025-08
2025-08-18,Social_Prospecting,Social,Prospecting,4409.63,9617,224,7,12993.5,7146.43,2025-08
2025-08-18,Social_Retention,Social,Retention,3830.36,9703,204,4,8285.28,4556.9,2025-08
2025-08-18,Email_Prospecting,Email,Prospecting,1854.54,7683,515,42,66156.32,36385.98,2025-08
2025-08-18,Email_Retention,Email,Retention,1472.85,5762,391,41,91759.23,50467.58,2025-08
2025-08-18,Display_Prospecting,Display,Prospecting,2066.86,14242,123,1,1586.92,872.81,2025-08
2025-08-18,Display_Retention,Display,Retention,1711.03,11929,104,3,6155.04,3385.27,2025-08
2025-08-18,Affiliate_Prospecting,Affiliate,Prospecting,4363.67,10858,313,17,34996.37,19248.0,2025-08
2025-08-18,Affiliate_Retention,Affiliate,Retention,6251.16,15272,405,18,28807.4,15844.07,2025-08
2025-08-19,Search_Prospecting,Search,Prospecting,14621.01,15586,570,23,45016.5,24759.08,2025-08
2025-08-19,Search_Retention,Search,Retention,5792.82,6376,217,12,23494.4,12921.92,2025-08
2025-08-19,Social_Prospecting,Social,Prospecting,3408.26,8448,165,6,9627.12,5294.92,2025-08
2025-08-19,Social_Retention,Social,Retention,3861.08,9126,200,10,15159.03,8337.47,2025-08
2025-08-19,Email_Prospecting,Email,Prospecting,3271.74,11232,766,66,101509.55,55830.25,2025-08
2025-08-19,Email_Retention,Email,Retention,1714.58,5982,414,39,63756.89,35066.29,2025-08
2025-08-19,Display_Prospecting,Display,Prospecting,1645.83,9531,93,2,4413.89,2427.64,2025-08
2025-08-19,Display_Retention,Display,Retention,2954.13,15421,158,4,6780.18,3729.1,2025-08
2025-08-19,Affiliate_Prospecting,Affiliate,Prospecting,4863.45,11009,325,20,44288.65,24358.76,2025-08
2025-08-19,Affiliate_Retention,Affiliate,Retention,4041.92,10620,295,19,38042.08,20923.14,2025-08
2025-08-20,Search_Prospecting,Search,Prospecting,14660.67,15920,510,30,58259.16,32042.54,2025-08
2025-08-20,Search_Retention,Search,Retention,17315.91,16935,604,39,68303.55,37566.95,2025-08
2025-08-20,Social_Prospecting,Social,Prospecting,3425.34,8178,167,9,20307.02,11168.86,2025-08
2025-08-20,Social_Retention,Social,Retention,3769.27,8219,200,4,6307.87,3469.33,2025-08
2025-08-20,Email_Prospecting,Email,Prospecting,4216.59,14201,961,67,151591.22,83375.17,2025-08
2025-08-20,Email_Retention,Email,Retention,3325.24,12160,916,71,111438.87,61291.38,2025-08
2025-08-20,Display_Prospecting,Display,Prospecting,1770.21,10052,98,1,1991.06,1095.08,2025-08
2025-08-20,Display_Retention,Display,Retention,647.68,4305,41,2,3484.24,1916.33,2025-08
2025-08-20,Affiliate_Prospecting,Affiliate,Prospecting,4363.81,11158,305,10,22877.14,12582.43,2025-08
2025-08-20,Affiliate_Retention,Affiliate,Retention,4923.43,11235,347,16,30206.26,16613.44,2025-08
2025-08-21,Search_Prospecting,Search,Prospecting,4948.9,5968,185,6,12731.73,7002.45,2025-08
2025-08-21,Search_Retention,Search,Retention,7403.96,7132,250,18,31422.37,17282.3,2025-08
2025-08-21,Social_Prospecting,Social,Prospecting,3972.29,8573,183,5,11428.37,6285.6,2025-08
2025-08-21,Social_Retention,Social,Retention,5694.15,14233,298,7,13427.81,7385.3,2025-08
2025-08-21,Email_Prospecting,Email,Prospecting,3219.86,12292,851,50,96257.92,52941.86,2025-08
2025-08-21,Email_Retention,Email,Retention,4202.89,14387,988,95,145925.43,80258.99,2025-08
2025-08-21,Display_Prospecting,Display,Prospecting,1341.95,8652,72,1,2098.82,1154.35,2025-08
2025-08-21,Display_Retention,Display,Retention,1452.51,9032,86,2,3339.83,1836.91,2025-08
2025-08-21,Affiliate_Prospecting,Affiliate,Prospecting,6038.8,15352,398,20,35075.66,19291.61,2025-08
2025-08-21,Affiliate_Retention,Affiliate,Retention,1765.96,4640,123,10,21692.41,11930.83,2025-08
2025-08-22,Search_Prospecting,Search,Prospecting,9094.49,9029,329,13,25861.1,14223.6,2025-08
2025-08-22,Search_Retention,Search,Retention,16627.82,16507,577,43,80773.81,44425.6,2025-08
2025-08-22,Social_Prospecting,Social,Prospecting,5775.98,13312,317,8,17291.43,9510.29,2025-08
2025-08-22,Social_Retention,Social,Retention,6178.86,15066,329,10,19313.76,10622.57,2025-08
2025-08-22,Email_Prospecting,Email,Prospecting,2557.67,8442,596,41,87331.83,48032.51,2025-08
2025-08-22,Email_Retention,Email,Retention,2999.32,10449,712,63,138462.97,76154.63,2025-08
2025-08-22,Display_Prospecting,Display,Prospecting,1507.72,10362,84,0,0.0,0.0,2025-08
2025-08-22,Display_Retention,Display,Retention,2383.73,16831,139,3,6831.37,3757.25,2025-08
2025-08-22,Affiliate_Prospecting,Affiliate,Prospecting,2335.71,5570,172,5,8833.25,4858.29,2025-08
2025-08-22,Affiliate_Retention,Affiliate,Retention,4983.5,13192,355,21,41607.79,22884.28,2025-08
2025-08-23,Search_Prospecting,Search,Prospecting,7860.67,8334,279,9,18839.08,10361.49,2025-08
2025-08-23,Search_Retention,Search,Retention,16203.3,16837,575,35,55636.72,30600.2,2025-08
2025-08-23,Social_Prospecting,Social,Prospecting,6083.98,14947,328,7,14651.32,8058.23,2025-08
2025-08-23,Social_Retention,Social,Retention,8148.13,17291,407,15,26683.17,14675.74,2025-08
2025-08-23,Email_Prospecting,Email,Prospecting,3315.23,11912,853,78,146010.96,80306.03,2025-08
2025-08-23,Email_Retention,Email,Retention,3833.16,15016,985,89,196145.25,107879.89,2025-08
2025-08-23,Display_Prospecting,Display,Prospecting,1340.83,8681,87,3,5514.73,3033.1,2025-08
2025-08-23,Display_Retention,Display,Retention,2474.22,16983,154,3,4990.93,2745.01,2025-08
2025-08-23,Affiliate_Prospecting,Affiliate,Prospecting,6275.08,16676,434,16,27549.37,15152.15,2025-08
2025-08-23,Affiliate_Retention,Affiliate,Retention,6240.64,15249,395,15,25479.75,14013.86,2025-08
2025-08-24,Search_Prospecting,Search,Prospecting,7392.55,7939,260,15,32280.18,17754.1,2025-08
2025-08-24,Search_Retention,Search,Retention,16150.65,16852,577,29,56444.83,31044.66,2025-08
2025-08-24,Social_Prospecting,Social,Prospecting,2272.36,4594,114,4,6377.48,3507.61,2025-08
2025-08-24,Social_Retention,Social,Retention,5537.95,14694,303,8,15882.17,8735.19,2025-08
2025-08-24,Email_Prospecting,Email,Prospecting,2782.66,8665,641,45,77122.99,42417.64,2025-08
2025-08-24,Email_Retention,Email,Retention,4278.4,14250,1017,87,196102.29,107856.26,2025-08
2025-08-24,Display_Prospecting,Display,Prospecting,1294.19,7689,78,1,2227.31,1225.02,2025-08
2025-08-24,Display_Retention,Display,Retention,1610.32,11295,103,4,7410.71,4075.89,2025-08
2025-08-24,Affiliate_Prospecting,Affiliate,Prospecting,1902.5,4882,134,9,19940.99,10967.54,2025-08
2025-08-24,Affiliate_Retention,Affiliate,Retention,6696.12,16512,444,22,33867.43,18627.09,2025-08
2025-08-25,Search_Prospecting,Search,Prospecting,8640.18,9435,340,20,32682.7,17975.49,2025-08
2025-08-25,Search_Retention,Search,Retention,4389.08,4913,169,9,17802.53,9791.39,2025-08
2025-08-25,Social_Prospecting,Social,Prospecting,2167.41,5059,106,5,9958.67,5477.27,2025-08
2025-08-25,Social_Retention,Social,Retention,6064.41,14414,320,10,20504.62,11277.54,2025-08
2025-08-25,Email_Prospecting,Email,Prospecting,1624.7,6403,451,32,61884.73,34036.6,2025-08
2025-08-25,Email_Retention,Email,Retention,2339.22,8319,576,62,113736.29,62554.96,2025-08
2025-08-25,Display_Prospecting,Display,Prospecting,966.85,4651,54,0,0.0,0.0,2025-08
2025-08-25,Display_Retention,Display,Retention,2298.6,13777,128,1,2051.62,1128.39,2025-08
2025-08-25,Affiliate_Prospecting,Affiliate,Prospecting,1569.63,4292,112,4,8707.12,4788.92,2025-08
2025-08-25,Affiliate_Retention,Affiliate,Retention,4302.11,11866,311,11,16854.4,9269.92,2025-08
2025-08-26,Search_Prospecting,Search,Prospecting,8460.34,8653,310,12,21341.24,11737.68,2025-08
2025-08-26,Search_Retention,Search,Retention,12288.63,12428,446,23,46322.27,25477.25,2025-08
2025-08-26,Social_Prospecting,Social,Prospecting,5346.42,13438,295,7,11746.65,6460.66,2025-08
2025-08-26,Social_Retention,Social,Retention,3377.5,7624,170,8,15026.7,8264.69,2025-08
2025-08-26,Email_Prospecting,Email,Prospecting,4639.94,16403,1167,80,171802.04,94491.12,2025-08
2025-08-26,Email_Retention,Email,Retention,4473.3,14787,1049,100,157616.91,86689.3,2025-08
2025-08-26,Display_Prospecting,Display,Prospecting,1848.92,12543,103,0,0.0,0.0,2025-08
2025-08-26,Display_Retention,Display,Retention,2385.94,16629,150,4,8549.37,4702.15,2025-08
2025-08-26,Affiliate_Prospecting,Affiliate,Prospecting,1967.05,5299,133,8,16853.94,9269.67,2025-08
2025-08-26,Affiliate_Retention,Affiliate,Retention,3982.62,10180,254,12,21541.62,11847.89,2025-08
2025-08-27,Search_Prospecting,Search,Prospecting,14167.15,16191,546,34,52500.84,28875.46,2025-08
2025-08-27,Search_Retention,Search,Retention,7559.33,6381,256,19,33855.22,18620.37,2025-08
2025-08-27,Social_Prospecting,Social,Prospecting,6242.8,14129,321,11,21480.57,11814.31,2025-08
2025-08-27,Social_Retention,Social,Retention,6376.09,15184,310,15,32837.04,18060.37,2025-08
2025-08-27,Email_Prospecting,Email,Prospecting,4328.32,14097,1000,76,122927.96,67610.38,2025-08
2025-08-27,Email_Retention,Email,Retention,4158.12,15554,1082,84,183591.95,100975.57,2025-08
2025-08-27,Display_Prospecting,Display,Prospecting,1086.58,7243,64,2,3274.52,1800.99,2025-08
2025-08-27,Display_Retention,Display,Retention,1243.31,8865,74,1,1622.46,892.35,2025-08
2025-08-27,Affiliate_Prospecting,Affiliate,Prospecting,2703.62,6441,168,7,10676.77,5872.22,2025-08
2025-08-27,Affiliate_Retention,Affiliate,Retention,3374.62,8263,214,16,32574.28,17915.85,2025-08
2025-08-28,Search_Prospecting,Search,Prospecting,15056.87,16152,521,28,55166.78,30341.73,2025-08
2025-08-28,Search_Retention,Search,Retention,16884.99,15417,564,39,58772.09,32324.65,2025-08
2025-08-28,Social_Prospecting,Social,Prospecting,5967.66,14318,304,11,23736.66,13055.16,2025-08
2025-08-28,Social_Retention,Social,Retention,7374.71,16167,342,12,18898.77,10394.32,2025-08
2025-08-28,Email_Prospecting,Email,Prospecting,3661.58,13711,955,48,109482.76,60215.52,2025-08
2025-08-28,Email_Retention,Email,Retention,2314.53,8740,640,53,117157.82,64436.8,2025-08
2025-08-28,Display_Prospecting,Display,Prospecting,2411.63,16994,147,3,6324.79,3478.63,2025-08
2025-08-28,Display_Retention,Display,Retention,985.38,6434,55,0,0.0,0.0,2025-08
2025-08-28,Affiliate_Prospecting,Affiliate,Prospecting,2605.34,6219,164,5,9794.34,5386.89,2025-08
2025-08-28,Affiliate_Retention,Affiliate,Retention,4773.45,11392,310,14,25372.52,13954.89,2025-08
2025-08-29,Search_Prospecting,Search,Prospecting,10167.33,10912,366,22,37188.3,20453.57,2025-08
2025-08-29,Search_Retention,Search,Retention,15249.96,14413,496,34,75828.63,41705.75,2025-08
2025-08-29,Social_Prospecting,Social,Prospecting,5415.93,11466,274,11,20182.25,11100.24,2025-08
2025-08-29,Social_Retention,Social,Retention,2055.99,4475,97,1,1892.97,1041.13,2025-08
2025-08-29,Email_Prospecting,Email,Prospecting,3653.77,12286,864,63,97450.7,53597.89,2025-08
2025-08-29,Email_Retention,Email,Retention,3434.86,11930,817,71,129916.83,71454.26,2025-08
2025-08-29,Display_Prospecting,Display,Prospecting,2528.83,12740,153,2,3170.32,1743.68,2025-08
2025-08-29,Display_Retention,Display,Retention,2314.85,11847,125,2,3056.28,1680.95,2025-08
2025-08-29,Affiliate_Prospecting,Affiliate,Prospecting,3512.77,7801,221,11,19309.83,10620.41,2025-08
2025-08-29,Affiliate_Retention,Affiliate,Retention,6553.24,17732,473,20,33996.88,18698.28,2025-08
2025-08-30,Search_Prospecting,Search,Prospecting,5099.68,5495,194,8,16162.89,8889.59,2025-08
2025-08-30,Search_Retention,Search,Retention,12844.87,14377,481,25,38350.84,21092.96,2025-08
2025-08-30,Social_Prospecting,Social,Prospecting,2539.94,5536,120,5,9901.54,5445.85,2025-08
2025-08-30,Social_Retention,Social,Retention,6340.75,11873,298,5,8385.18,4611.85,2025-08
2025-08-30,Email_Prospecting,Email,Prospecting,4779.45,16994,1173,93,195414.74,107478.11,2025-08
2025-08-30,Email_Retention,Email,Retention,1427.26,6467,388,33,59288.18,32608.5,2025-08
2025-08-30,Display_Prospecting,Display,Prospecting,2554.41,15747,146,3,6563.08,3609.69,2025-08
2025-08-30,Display_Retention,Display,Retention,1772.46,12743,110,3,5990.78,3294.93,2025-08
2025-08-30,Affiliate_Prospecting,Affiliate,Prospecting,1930.1,4491,122,5,7502.77,4126.52,2025-08
2025-08-30,Affiliate_Retention,Affiliate,Retention,5952.24,13452,383,22,41819.83,23000.91,2025-08
2025-08-31,Search_Prospecting,Search,Prospecting,9207.88,10018,355,22,46578.46,25618.15,2025-08
2025-08-31,Search_Retention,Search,Retention,11438.12,11588,408,24,36748.6,20211.73,2025-08
2025-08-31,Social_Prospecting,Social,Prospecting,3371.39,7433,159,5,7861.18,4323.65,2025-08
2025-08-31,Social_Retention,Social,Retention,7629.05,16775,363,8,12983.29,7140.81,2025-08
2025-08-31,Email_Prospecting,Email,Prospecting,4356.3,16454,1162,78,129334.47,71133.96,2025-08
2025-08-31,Email_Retention,Email,Retention,4280.98,16135,1124,122,199630.14,109796.58,2025-08
2025-08-31,Display_Prospecting,Display,Prospecting,1643.26,10759,105,0,0.0,0.0,2025-08
2025-08-31,Display_Retention,Display,Retention,783.44,4264,45,1,2205.59,1213.07,2025-08
2025-08-31,Affiliate_Prospecting,Affiliate,Prospecting,3938.27,7869,241,7,15063.96,8285.18,2025-08
2025-08-31,Affiliate_Retention,Affiliate,Retention,2528.04,6575,181,15,31825.24,17503.88,2025-08
2025-09-01,Search_Prospecting,Search,Prospecting,9626.88,10462,343,21,46626.36,25644.5,2025-09
2025-09-01,Search_Retention,Search,Retention,8820.17,9673,344,19,43398.29,23869.06,2025-09
2025-09-01,Social_Prospecting,Social,Prospecting,3645.61,9401,193,4,8151.39,4483.26,2025-09
2025-09-01,Social_Retention,Social,Retention,2336.65,5719,122,5,9891.69,5440.43,2025-09
2025-09-01,Email_Prospecting,Email,Prospecting,4337.69,15022,1036,81,125422.17,68982.19,2025-09
2025-09-01,Email_Retention,Email,Retention,5052.51,16130,1164,113,197976.34,108886.99,2025-09
2025-09-01,Display_Prospecting,Display,Prospecting,2743.02,17956,151,1,2046.21,1125.42,2025-09
2025-09-01,Display_Retention,Display,Retention,951.84,7855,62,0,0.0,0.0,2025-09
2025-09-01,Affiliate_Prospecting,Affiliate,Prospecting,5687.33,11883,346,12,23245.84,12785.21,2025-09
2025-09-01,Affiliate_Retention,Affiliate,Retention,2644.3,6868,179,15,27604.15,15182.28,2025-09
2025-09-02,Search_Prospecting,Search,Prospecting,8397.69,7740,278,16,33417.34,18379.54,2025-09
2025-09-02,Search_Retention,Search,Retention,9585.11,10455,356,12,24426.02,13434.31,2025-09
2025-09-02,Social_Prospecting,Social,Prospecting,7235.91,14806,336,10,20462.48,11254.36,2025-09
2025-09-02,Social_Retention,Social,Retention,4128.25,8063,192,5,7715.54,4243.55,2025-09
2025-09-02,Email_Prospecting,Email,Prospecting,3879.59,15552,1069,75,133699.13,73534.52,2025-09
2025-09-02,Email_Retention,Email,Retention,5202.65,17180,1220,102,161630.93,88897.01,2025-09
2025-09-02,Display_Prospecting,Display,Prospecting,1965.14,13591,125,2,3751.65,2063.41,2025-09
2025-09-02,Display_Retention,Display,Retention,1635.2,12122,102,2,4482.35,2465.29,2025-09
2025-09-02,Affiliate_Prospecting,Affiliate,Prospecting,1869.13,5244,130,4,7235.08,3979.29,2025-09
2025-09-02,Affiliate_Retention,Affiliate,Retention,6489.54,15520,401,22,37239.4,20481.67,2025-09
2025-09-03,Search_Prospecting,Search,Prospecting,14754.94,13977,505,36,76930.32,42311.68,2025-09
2025-09-03,Search_Retention,Search,Retention,5990.25,6383,217,10,21632.15,11897.68,2025-09
2025-09-03,Social_Prospecting,Social,Prospecting,2521.42,6337,125,2,3023.81,1663.1,2025-09
2025-09-03,Social_Retention,Social,Retention,4177.45,8627,200,9,13759.4,7567.67,2025-09
2025-09-03,Email_Prospecting,Email,Prospecting,1304.35,4326,334,21,37378.71,20558.29,2025-09
2025-09-03,Email_Retention,Email,Retention,4509.93,15053,1036,84,173058.24,95182.03,2025-09
2025-09-03,Display_Prospecting,Display,Prospecting,1201.98,10408,71,1,2238.9,1231.4,2025-09
2025-09-03,Display_Retention,Display,Retention,1318.64,7725,72,2,3183.81,1751.1,2025-09
2025-09-03,Affiliate_Prospecting,Affiliate,Prospecting,4677.9,13356,321,13,24383.15,13410.73,2025-09
2025-09-03,Affiliate_Retention,Affiliate,Retention,2570.74,6938,188,13,28662.13,15764.17,2025-09
2025-09-04,Search_Prospecting,Search,Prospecting,6862.47,7142,250,11,22268.24,12247.53,2025-09
2025-09-04,Search_Retention,Search,Retention,4884.85,4605,181,12,25686.53,14127.59,2025-09
2025-09-04,Social_Prospecting,Social,Prospecting,4659.32,9964,229,4,6403.07,3521.69,2025-09
2025-09-04,Social_Retention,Social,Retention,2227.11,5546,109,1,1781.61,979.89,2025-09
2025-09-04,Email_Prospecting,Email,Prospecting,1815.65,7340,473,47,95796.6,52688.13,2025-09
2025-09-04,Email_Retention,Email,Retention,4906.0,16549,1204,116,262801.16,144540.64,2025-09
2025-09-04,Display_Prospecting,Display,Prospecting,1465.58,10698,94,1,1981.4,1089.77,2025-09
2025-09-04,Display_Retention,Display,Retention,1533.87,9832,89,2,3367.71,1852.24,2025-09
2025-09-04,Affiliate_Prospecting,Affiliate,Prospecting,4206.1,11869,303,13,26097.6,14353.68,2025-09
2025-09-04,Affiliate_Retention,Affiliate,Retention,6191.52,14509,412,26,44943.69,24719.03,2025-09
2025-09-05,Search_Prospecting,Search,Prospecting,5424.89,6354,193,7,10695.73,5882.65,2025-09
2025-09-05,Search_Retention,Search,Retention,15937.55,17350,602,43,83108.55,45709.7,2025-09
2025-09-05,Social_Prospecting,Social,Prospecting,7158.1,15910,341,8,16493.05,9071.18,2025-09
2025-09-05,Social_Retention,Social,Retention,6325.53,15236,307,11,22491.16,12370.14,2025-09
2025-09-05,Email_Prospecting,Email,Prospecting,2543.07,9705,697,42,93339.31,51336.62,2025-09
2025-09-05,Email_Retention,Email,Retention,3188.81,12053,839,85,192220.14,105721.08,2025-09
2025-09-05,Display_Prospecting,Display,Prospecting,2349.95,16262,136,0,0.0,0.0,2025-09
2025-09-05,Display_Retention,Display,Retention,1081.11,7856,69,2,4281.64,2354.9,2025-09
2025-09-05,Affiliate_Prospecting,Affiliate,Prospecting,1859.46,4414,117,3,5779.1,3178.51,2025-09
2025-09-05,Affiliate_Retention,Affiliate,Retention,5014.5,12750,325,17,25973.88,14285.63,2025-09
2025-09-06,Search_Prospecting,Search,Prospecting,13807.27,15022,516,30,50185.62,27602.09,2025-09
2025-09-06,Search_Retention,Search,Retention,4025.94,4495,146,10,16912.69,9301.98,2025-09
2025-09-06,Social_Prospecting,Social,Prospecting,6710.99,15959,342,6,11450.05,6297.53,2025-09
2025-09-06,Social_Retention,Social,Retention,5041.41,11284,231,9,14962.51,8229.38,2025-09
2025-09-06,Email_Prospecting,Email,Prospecting,1769.42,6291,422,25,38259.8,21042.89,2025-09
2025-09-06,Email_Retention,Email,Retention,2001.69,6921,498,45,72322.84,39777.56,2025-09
2025-09-06,Display_Prospecting,Display,Prospecting,1602.8,9986,96,0,0.0,0.0,2025-09
2025-09-06,Display_Retention,Display,Retention,2193.42,16344,129,1,2127.74,1170.26,2025-09
2025-09-06,Affiliate_Prospecting,Affiliate,Prospecting,3534.14,8549,220,12,21059.08,11582.49,2025-09
2025-09-06,Affiliate_Retention,Affiliate,Retention,5006.29,12462,316,14,28614.68,15738.07,2025-09
2025-09-07,Search_Prospecting,Search,Prospecting,12756.01,11423,443,31,51007.26,28053.99,2025-09
2025-09-07,Search_Retention,Search,Retention,14794.71,14824,579,38,76249.27,41937.1,2025-09
2025-09-07,Social_Prospecting,Social,Prospecting,3178.87,7904,176,7,14682.31,8075.27,2025-09
2025-09-07,Social_Retention,Social,Retention,4995.76,11496,270,11,18970.93,10434.01,2025-09
2025-09-07,Email_Prospecting,Email,Prospecting,5287.67,17711,1250,91,200881.33,110484.73,2025-09
2025-09-07,Email_Retention,Email,Retention,5070.05,17254,1166,93,162045.3,89124.91,2025-09
2025-09-07,Display_Prospecting,Display,Prospecting,1154.35,7234,62,1,1746.48,960.56,2025-09
2025-09-07,Display_Retention,Display,Retention,1995.06,15587,119,2,4140.18,2277.1,2025-09
2025-09-07,Affiliate_Prospecting,Affiliate,Prospecting,7280.71,17518,487,26,52987.47,29143.11,2025-09
2025-09-07,Affiliate_Retention,Affiliate,Retention,5545.9,12461,352,24,54178.98,29798.44,2025-09
2025-09-08,Search_Prospecting,Search,Prospecting,8304.92,7860,270,20,36667.8,20167.29,2025-09
2025-09-08,Search_Retention,Search,Retention,8159.77,7270,273,20,42778.39,23528.11,2025-09
2025-09-08,Social_Prospecting,Social,Prospecting,7003.51,14871,333,9,17889.17,9839.04,2025-09
2025-09-08,Social_Retention,Social,Retention,4010.19,8841,193,6,11468.04,6307.42,2025-09
2025-09-08,Email_Prospecting,Email,Prospecting,2337.4,8903,588,38,65066.5,35786.58,2025-09
2025-09-08,Email_Retention,Email,Retention,2472.22,8977,644,61,139982.81,76990.55,2025-09
2025-09-08,Display_Prospecting,Display,Prospecting,1960.95,13115,128,1,2183.91,1201.15,2025-09
2025-09-08,Display_Retention,Display,Retention,1331.94,9401,87,4,8160.13,4488.07,2025-09
2025-09-08,Affiliate_Prospecting,Affiliate,Prospecting,6636.94,15202,403,12,23576.02,12966.81,2025-09
2025-09-08,Affiliate_Retention,Affiliate,Retention,2487.46,5660,166,9,15050.28,8277.65,2025-09
2025-09-09,Search_Prospecting,Search,Prospecting,5354.73,6270,192,9,19150.4,10532.72,2025-09
2025-09-09,Search_Retention,Search,Retention,9498.1,10866,327,20,30720.39,16896.21,2025-09
2025-09-09,Social_Prospecting,Social,Prospecting,1884.37,5034,93,3,5529.36,3041.15,2025-09
2025-09-09,Social_Retention,Social,Retention,7327.73,14037,344,14,21245.0,11684.75,2025-09
2025-09-09,Email_Prospecting,Email,Prospecting,2734.87,10219,695,60,91227.12,50174.92,2025-09
2025-09-09,Email_Retention,Email,Retention,1292.85,4765,332,31,61766.43,33971.54,2025-09
2025-09-09,Display_Prospecting,Display,Prospecting,1644.8,11050,89,1,1982.7,1090.49,2025-09
2025-09-09,Display_Retention,Display,Retention,1444.33,10077,79,0,0.0,0.0,2025-09
2025-09-09,Affiliate_Prospecting,Affiliate,Prospecting,2145.12,5590,156,6,13458.45,7402.15,2025-09
2025-09-09,Affiliate_Retention,Affiliate,Retention,6195.44,13733,376,16,36064.82,19835.65,2025-09
2025-09-10,Search_Prospecting,Search,Prospecting,14023.78,13599,458,24,53303.36,29316.85,2025-09
2025-09-10,Search_Retention,Search,Retention,9249.32,8892,301,22,39569.95,21763.47,2025-09
2025-09-10,Social_Prospecting,Social,Prospecting,2978.53,7697,162,5,9416.18,5178.9,2025-09
2025-09-10,Social_Retention,Social,Retention,6568.3,16341,347,16,36167.27,19892.0,2025-09
2025-09-10,Email_Prospecting,Email,Prospecting,4276.91,15545,1085,88,152293.88,83761.63,2025-09
2025-09-10,Email_Retention,Email,Retention,1383.91,5398,376,28,49773.19,27375.25,2025-09
2025-09-10,Display_Prospecting,Display,Prospecting,2518.25,15675,139,3,4930.42,2711.73,2025-09
2025-09-10,Display_Retention,Display,Retention,1892.11,12823,120,2,3509.76,1930.37,2025-09
2025-09-10,Affiliate_Prospecting,Affiliate,Prospecting,5382.24,14608,354,5,8166.64,4491.65,2025-09
2025-09-10,Affiliate_Retention,Affiliate,Retention,6622.52,15766,430,31,53137.85,29225.82,2025-09
2025-09-11,Search_Prospecting,Search,Prospecting,11329.13,11814,386,9,14128.04,7770.42,2025-09
2025-09-11,Search_Retention,Search,Retention,12177.45,12999,466,34,68290.58,37559.82,2025-09
2025-09-11,Social_Prospecting,Social,Prospecting,4159.98,11702,231,5,11106.76,6108.72,2025-09
2025-09-11,Social_Retention,Social,Retention,4826.13,10957,246,5,10080.24,5544.13,2025-09
2025-09-11,Email_Prospecting,Email,Prospecting,967.29,4154,268,17,29333.93,16133.66,2025-09
2025-09-11,Email_Retention,Email,Retention,2055.63,7513,507,43,72255.26,39740.39,2025-09
2025-09-11,Display_Prospecting,Display,Prospecting,957.96,6886,55,1,2280.09,1254.05,2025-09
2025-09-11,Display_Retention,Display,Retention,1400.69,9957,87,2,3084.62,1696.54,2025-09
2025-09-11,Affiliate_Prospecting,Affiliate,Prospecting,1947.5,5013,131,7,13503.82,7427.1,2025-09
2025-09-11,Affiliate_Retention,Affiliate,Retention,4887.1,12624,356,24,54812.51,30146.88,2025-09
2025-09-12,Search_Prospecting,Search,Prospecting,10080.57,11279,378,15,24347.72,13391.25,2025-09
2025-09-12,Search_Retention,Search,Retention,4531.63,4468,148,7,11104.34,6107.39,2025-09
2025-09-12,Social_Prospecting,Social,Prospecting,4124.77,9489,213,10,20990.13,11544.57,2025-09
2025-09-12,Social_Retention,Social,Retention,5162.02,12372,273,8,12535.14,6894.33,2025-09
2025-09-12,Email_Prospecting,Email,Prospecting,3954.47,14503,948,71,126524.15,69588.28,2025-09
2025-09-12,Email_Retention,Email,Retention,1416.79,5424,376,34,51083.71,28096.04,2025-09
2025-09-12,Display_Prospecting,Display,Prospecting,2378.85,16130,136,5,11352.56,6243.91,2025-09
2025-09-12,Display_Retention,Display,Retention,1896.6,13663,121,4,6968.71,3832.79,2025-09
2025-09-12,Affiliate_Prospecting,Affiliate,Prospecting,2469.24,5522,164,6,9365.37,5150.95,2025-09
2025-09-12,Affiliate_Retention,Affiliate,Retention,3406.37,7649,238,10,21384.67,11761.57,2025-09
2025-09-13,Search_Prospecting,Search,Prospecting,16247.11,15457,556,39,72415.22,39828.37,2025-09
2025-09-13,Search_Retention,Search,Retention,14600.11,12876,495,41,75394.98,41467.24,2025-09
2025-09-13,Social_Prospecting,Social,Prospecting,5681.2,13810,293,7,15810.08,8695.54,2025-09
2025-09-13,Social_Retention,Social,Retention,4112.02,11102,227,6,9194.22,5056.82,2025-09
2025-09-13,Email_Prospecting,Email,Prospecting,4116.0,15698,1118,80,124026.6,68214.63,2025-09
2025-09-13,Email_Retention,Email,Retention,2795.93,10008,679,69,119492.17,65720.69,2025-09
2025-09-13,Display_Prospecting,Display,Prospecting,1663.76,13067,100,1,1564.75,860.61,2025-09
2025-09-13,Display_Retention,Display,Retention,1099.22,7501,65,2,3491.95,1920.57,2025-09
2025-09-13,Affiliate_Prospecting,Affiliate,Prospecting,1527.69,4146,98,2,4391.15,2415.13,2025-09
2025-09-13,Affiliate_Retention,Affiliate,Retention,3351.81,9124,247,19,34763.89,19120.14,2025-09
2025-09-14,Search_Prospecting,Search,Prospecting,4134.3,4480,163,14,23106.04,12708.32,2025-09
2025-09-14,Search_Retention,Search,Retention,6586.3,6857,245,21,38065.52,20936.04,2025-09
2025-09-14,Social_Prospecting,Social,Prospecting,5263.19,14023,280,6,10964.15,6030.28,2025-09
2025-09-14,Social_Retention,Social,Retention,4707.43,10367,233,12,21511.41,11831.28,2025-09
2025-09-14,Email_Prospecting,Email,Prospecting,4857.18,17397,1292,101,171517.6,94334.68,2025-09
2025-09-14,Email_Retention,Email,Retention,1882.79,6790,472,41,76433.35,42038.34,2025-09
2025-09-14,Display_Prospecting,Display,Prospecting,779.66,5024,42,2,3289.57,1809.26,2025-09
2025-09-14,Display_Retention,Display,Retention,2120.39,15608,136,1,1558.96,857.43,2025-09
2025-09-14,Affiliate_Prospecting,Affiliate,Prospecting,4016.58,9234,253,17,26553.46,14604.4,2025-09
2025-09-14,Affiliate_Retention,Affiliate,Retention,5599.31,12486,356,25,51230.9,28177.0,2025-09
2025-09-15,Search_Prospecting,Search,Prospecting,5545.47,5775,189,15,28127.16,15469.94,2025-09
2025-09-15,Search_Retention,Search,Retention,14122.61,13557,476,29,65504.41,36027.43,2025-09
2025-09-15,Social_Prospecting,Social,Prospecting,5006.31,10294,237,13,24499.43,13474.69,2025-09
2025-09-15,Social_Retention,Social,Retention,2829.98,6455,151,3,5212.74,2867.01,2025-09
2025-09-15,Email_Prospecting,Email,Prospecting,2736.03,10506,760,58,121193.26,66656.29,2025-09
2025-09-15,Email_Retention,Email,Retention,2250.94,7460,545,42,85357.68,46946.72,2025-09
2025-09-15,Display_Prospecting,Display,Prospecting,2064.72,14917,121,1,1911.67,1051.42,2025-09
2025-09-15,Display_Retention,Display,Retention,1901.99,10124,102,2,4431.14,2437.13,2025-09
2025-09-15,Affiliate_Prospecting,Affiliate,Prospecting,4650.54,11235,331,19,34969.17,19233.04,2025-09
2025-09-15,Affiliate_Retention,Affiliate,Retention,3451.43,7392,211,7,13575.7,7466.64,2025-09
2025-09-16,Search_Prospecting,Search,Prospecting,13299.6,13534,491,24,46269.39,25448.16,2025-09
2025-09-16,Search_Retention,Search,Retention,16223.82,16328,557,21,39233.53,21578.44,2025-09
2025-09-16,Social_Prospecting,Social,Prospecting,3486.37,8482,190,6,12950.62,7122.84,2025-09
2025-09-16,Social_Retention,Social,Retention,2576.72,4989,118,6,9208.65,5064.76,2025-09
2025-09-16,Email_Prospecting,Email,Prospecting,3512.84,11972,822,55,125547.02,69050.86,2025-09
2025-09-16,Email_Retention,Email,Retention,5458.18,17304,1255,114,233348.81,128341.85,2025-09
2025-09-16,Display_Prospecting,Display,Prospecting,967.92,5919,55,1,1870.46,1028.75,2025-09
2025-09-16,Display_Retention,Display,Retention,608.9,4706,37,1,1728.04,950.42,2025-09
2025-09-16,Affiliate_Prospecting,Affiliate,Prospecting,5185.68,13066,371,16,36311.85,19971.52,2025-09
2025-09-16,Affiliate_Retention,Affiliate,Retention,3246.76,7774,208,8,14791.22,8135.17,2025-09
2025-09-17,Search_Prospecting,Search,Prospecting,5652.89,5051,185,16,33021.07,18161.59,2025-09
2025-09-17,Search_Retention,Search,Retention,11713.04,9791,402,41,80942.03,44518.12,2025-09
2025-09-17,Social_Prospecting,Social,Prospecting,1936.69,4859,103,3,5963.79,3280.08,2025-09
2025-09-17,Social_Retention,Social,Retention,4252.35,9784,207,7,11313.47,6222.41,2025-09
2025-09-17,Email_Prospecting,Email,Prospecting,1562.62,5410,370,35,73379.89,40358.94,2025-09
2025-09-17,Email_Retention,Email,Retention,1424.32,5338,387,46,88686.85,48777.77,2025-09
2025-09-17,Display_Prospecting,Display,Prospecting,1929.54,12829,125,2,3692.47,2030.86,2025-09
2025-09-17,Display_Retention,Display,Retention,2159.83,13455,133,3,6642.66,3653.46,2025-09
2025-09-17,Affiliate_Prospecting,Affiliate,Prospecting,5272.85,13217,350,14,31335.2,17234.36,2025-09
2025-09-17,Affiliate_Retention,Affiliate,Retention,5582.11,13961,375,26,45612.09,25086.65,2025-09
2025-09-18,Search_Prospecting,Search,Prospecting,12012.44,12740,449,23,41292.0,22710.6,2025-09
2025-09-18,Search_Retention,Search,Retention,4255.71,4522,167,9,16017.39,8809.56,2025-09
2025-09-18,Social_Prospecting,Social,Prospecting,3412.28,8223,172,2,3562.34,1959.29,2025-09
2025-09-18,Social_Retention,Social,Retention,7824.8,17983,392,14,30456.54,16751.1,2025-09
2025-09-18,Email_Prospecting,Email,Prospecting,1180.71,4556,309,17,31167.27,17142.0,2025-09
2025-09-18,Email_Retention,Email,Retention,4786.89,16669,1183,100,189239.24,104081.58,2025-09
2025-09-18,Display_Prospecting,Display,Prospecting,744.52,4626,44,1,1623.07,892.69,2025-09
2025-09-18,Display_Retention,Display,Retention,1540.6,8191,91,2,4089.25,2249.09,2025-09
2025-09-18,Affiliate_Prospecting,Affiliate,Prospecting,5103.52,13412,333,17,32047.32,17626.03,2025-09
2025-09-18,Affiliate_Retention,Affiliate,Retention,3510.15,10105,253,12,19209.84,10565.41,2025-09
2025-09-19,Search_Prospecting,Search,Prospecting,5568.73,5364,184,13,21253.09,11689.2,2025-09
2025-09-19,Search_Retention,Search,Retention,3991.52,4298,143,14,25243.39,13883.86,2025-09
2025-09-19,Social_Prospecting,Social,Prospecting,6665.75,14876,355,12,24176.61,13297.14,2025-09
2025-09-19,Social_Retention,Social,Retention,3691.33,8123,193,4,8453.29,4649.31,2025-09
2025-09-19,Email_Prospecting,Email,Prospecting,3120.93,10679,737,49,108525.67,59689.12,2025-09
2025-09-19,Email_Retention,Email,Retention,3798.58,14205,1022,86,133082.87,73195.58,2025-09
2025-09-19,Display_Prospecting,Display,Prospecting,1843.29,12596,115,3,6774.6,3726.03,2025-09
2025-09-19,Display_Retention,Display,Retention,1422.44,8399,86,2,4297.48,2363.61,2025-09
2025-09-19,Affiliate_Prospecting,Affiliate,Prospecting,2565.53,5230,157,12,23950.28,13172.65,2025-09
2025-09-19,Affiliate_Retention,Affiliate,Retention,6934.78,15534,466,23,35344.69,19439.58,2025-09
2025-09-20,Search_Prospecting,Search,Prospecting,12221.75,11013,418,20,42697.44,23483.59,2025-09
2025-09-20,Search_Retention,Search,Retention,12823.66,11687,463,27,57648.75,31706.81,2025-09
2025-09-20,Social_Prospecting,Social,Prospecting,7168.12,17470,375,6,9797.94,5388.87,2025-09
2025-09-20,Social_Retention,Social,Retention,3455.62,7955,169,3,5903.44,3246.89,2025-09
2025-09-20,Email_Prospecting,Email,Prospecting,1921.46,7491,525,43,65780.85,36179.47,2025-09
2025-09-20,Email_Retention,Email,Retention,3311.04,11533,843,81,178625.75,98244.16,2025-09
2025-09-20,Display_Prospecting,Display,Prospecting,1909.83,14696,116,2,4429.79,2436.38,2025-09
2025-09-20,Display_Retention,Display,Retention,1489.49,9597,88,1,1683.54,925.95,2025-09
2025-09-20,Affiliate_Prospecting,Affiliate,Prospecting,3592.63,8383,238,8,13648.58,7506.72,2025-09
2025-09-20,Affiliate_Retention,Affiliate,Retention,4342.36,12710,317,16,30513.11,16782.21,2025-09
2025-09-21,Search_Prospecting,Search,Prospecting,8318.65,8740,275,15,23150.92,12733.01,2025-09
2025-09-21,Search_Retention,Search,Retention,18986.04,17680,627,45,79101.77,43505.97,2025-09
2025-09-21,Social_Prospecting,Social,Prospecting,3590.1,8105,170,1,2192.66,1205.96,2025-09
2025-09-21,Social_Retention,Social,Retention,1612.81,4724,89,7,14559.82,8007.9,2025-09
2025-09-21,Email_Prospecting,Email,Prospecting,1356.64,4883,348,26,45852.93,25219.11,2025-09
2025-09-21,Email_Retention,Email,Retention,4490.74,17987,1217,114,228043.61,125423.99,2025-09
2025-09-21,Display_Prospecting,Display,Prospecting,543.38,4566,33,0,0.0,0.0,2025-09
2025-09-21,Display_Retention,Display,Retention,1027.59,5523,59,2,4246.85,2335.77,2025-09
2025-09-21,Affiliate_Prospecting,Affiliate,Prospecting,1717.05,4630,127,7,14412.37,7926.8,2025-09
2025-09-21,Affiliate_Retention,Affiliate,Retention,4952.71,13751,365,15,22681.44,12474.79,2025-09
2025-09-22,Search_Prospecting,Search,Prospecting,4418.09,4677,161,9,20561.39,11308.76,2025-09
2025-09-22,Search_Retention,Search,Retention,6157.8,6214,223,14,25055.71,13780.64,2025-09
2025-09-22,Social_Prospecting,Social,Prospecting,3329.33,7265,156,3,6814.49,3747.97,2025-09
2025-09-22,Social_Retention,Social,Retention,4591.5,10938,230,10,15701.98,8636.09,2025-09
2025-09-22,Email_Prospecting,Email,Prospecting,3689.45,13574,972,61,116435.09,64039.3,2025-09
2025-09-22,Email_Retention,Email,Retention,4808.95,15006,1102,105,234015.42,128708.48,2025-09
2025-09-22,Display_Prospecting,Display,Prospecting,2331.84,14143,129,4,7236.74,3980.21,2025-09
2025-09-22,Display_Retention,Display,Retention,870.81,5567,50,0,0.0,0.0,2025-09
2025-09-22,Affiliate_Prospecting,Affiliate,Prospecting,6911.16,16089,435,15,29495.66,16222.61,2025-09
2025-09-22,Affiliate_Retention,Affiliate,Retention,5359.41,15140,382,20,33126.34,18219.49,2025-09
2025-09-23,Search_Prospecting,Search,Prospecting,16539.69,15130,573,32,57491.24,31620.18,2025-09
2025-09-23,Search_Retention,Search,Retention,14981.85,14997,536,33,61660.18,33913.1,2025-09
2025-09-23,Social_Prospecting,Social,Prospecting,5195.67,12391,272,7,14022.58,7712.42,2025-09
2025-09-23,Social_Retention,Social,Retention,5226.69,11640,267,10,16260.9,8943.5,2025-09
2025-09-23,Email_Prospecting,Email,Prospecting,3929.52,13478,924,62,98154.22,53984.82,2025-09
2025-09-23,Email_Retention,Email,Retention,4690.41,15323,1077,106,218429.61,120136.29,2025-09
2025-09-23,Display_Prospecting,Display,Prospecting,1036.84,8634,60,0,0.0,0.0,2025-09
2025-09-23,Display_Retention,Display,Retention,2922.98,17522,183,4,7650.45,4207.75,2025-09
2025-09-23,Affiliate_Prospecting,Affiliate,Prospecting,3587.31,8383,241,11,23991.14,13195.13,2025-09
2025-09-23,Affiliate_Retention,Affiliate,Retention,4119.01,8795,250,19,30430.72,16736.9,2025-09
2025-09-24,Search_Prospecting,Search,Prospecting,16217.1,14673,533,46,105160.01,57838.01,2025-09
2025-09-24,Search_Retention,Search,Retention,12794.44,13598,463,39,74620.86,41041.47,2025-09
2025-09-24,Social_Prospecting,Social,Prospecting,6057.95,14698,325,2,3828.78,2105.83,2025-09
2025-09-24,Social_Retention,Social,Retention,1740.88,4540,83,0,0.0,0.0,2025-09
2025-09-24,Email_Prospecting,Email,Prospecting,2782.96,9710,697,58,107976.42,59387.03,2025-09
2025-09-24,Email_Retention,Email,Retention,4045.72,13024,935,86,171989.42,94594.18,2025-09
2025-09-24,Display_Prospecting,Display,Prospecting,1885.23,12213,102,4,8706.97,4788.83,2025-09
2025-09-24,Display_Retention,Display,Retention,604.25,4684,37,1,2298.25,1264.04,2025-09
2025-09-24,Affiliate_Prospecting,Affiliate,Prospecting,7709.34,17078,493,23,34752.76,19114.02,2025-09
2025-09-24,Affiliate_Retention,Affiliate,Retention,5510.66,13616,354,16,25675.53,14121.54,2025-09
2025-09-25,Search_Prospecting,Search,Prospecting,9662.93,9592,352,19,33749.08,18561.99,2025-09
2025-09-25,Search_Retention,Search,Retention,16258.08,15536,563,29,62389.87,34314.43,2025-09
2025-09-25,Social_Prospecting,Social,Prospecting,3611.46,8006,184,3,6362.1,3499.16,2025-09
2025-09-25,Social_Retention,Social,Retention,3325.45,6300,157,6,10888.65,5988.76,2025-09
2025-09-25,Email_Prospecting,Email,Prospecting,1162.69,4018,274,24,53049.33,29177.13,2025-09
2025-09-25,Email_Retention,Email,Retention,1900.02,7430,521,49,98733.67,54303.52,2025-09
2025-09-25,Display_Prospecting,Display,Prospecting,1993.43,13338,113,5,7727.84,4250.31,2025-09
2025-09-25,Display_Retention,Display,Retention,2487.25,17231,143,2,3344.99,1839.74,2025-09
2025-09-25,Affiliate_Prospecting,Affiliate,Prospecting,6713.22,16507,470,21,43032.0,23667.6,2025-09
2025-09-25,Affiliate_Retention,Affiliate,Retention,1969.53,4534,141,10,17635.28,9699.4,2025-09
2025-09-26,Search_Prospecting,Search,Prospecting,8596.85,8109,290,19,43651.87,24008.53,2025-09
2025-09-26,Search_Retention,Search,Retention,6921.22,9003,274,14,26953.0,14824.15,2025-09
2025-09-26,Social_Prospecting,Social,Prospecting,5760.29,11884,267,7,13029.37,7166.15,2025-09
2025-09-26,Social_Retention,Social,Retention,6522.0,16047,330,10,21147.2,11630.96,2025-09
2025-09-26,Email_Prospecting,Email,Prospecting,4369.68,16605,1184,92,150118.63,82565.25,2025-09
2025-09-26,Email_Retention,Email,Retention,3826.87,14561,1028,98,217215.56,119468.56,2025-09
2025-09-26,Display_Prospecting,Display,Prospecting,2425.57,15462,140,3,6387.38,3513.06,2025-09
2025-09-26,Display_Retention,Display,Retention,658.38,5432,41,1,2282.19,1255.2,2025-09
2025-09-26,Affiliate_Prospecting,Affiliate,Prospecting,5561.84,12338,345,12,25935.66,14264.61,2025-09
2025-09-26,Affiliate_Retention,Affiliate,Retention,7060.91,17156,507,29,47324.46,26028.45,2025-09
2025-09-27,Search_Prospecting,Search,Prospecting,13788.88,14095,475,33,57744.96,31759.73,2025-09
2025-09-27,Search_Retention,Search,Retention,8844.73,10631,350,22,42467.08,23356.89,2025-09
2025-09-27,Social_Prospecting,Social,Prospecting,9229.2,17408,421,7,11337.09,6235.4,2025-09
2025-09-27,Social_Retention,Social,Retention,6496.14,14651,298,14,30239.73,16631.85,2025-09
2025-09-27,Email_Prospecting,Email,Prospecting,2067.47,7185,510,36,74821.09,41151.6,2025-09
2025-09-27,Email_Retention,Email,Retention,2143.42,6868,492,50,105211.46,57866.3,2025-09
2025-09-27,Display_Prospecting,Display,Prospecting,1499.45,12455,94,0,0.0,0.0,2025-09
2025-09-27,Display_Retention,Display,Retention,861.9,6815,51,2,4021.46,2211.8,2025-09
2025-09-27,Affiliate_Prospecting,Affiliate,Prospecting,4442.15,10825,289,20,43297.36,23813.55,2025-09
2025-09-27,Affiliate_Retention,Affiliate,Retention,3099.18,8165,200,11,19652.2,10808.71,2025-09
2025-09-28,Search_Prospecting,Search,Prospecting,7328.85,8102,283,19,28712.56,15791.91,2025-09
2025-09-28,Search_Retention,Search,Retention,13518.81,12692,477,37,71537.22,39345.47,2025-09
2025-09-28,Social_Prospecting,Social,Prospecting,4161.71,9485,210,7,14953.23,8224.28,2025-09
2025-09-28,Social_Retention,Social,Retention,4395.77,8901,200,8,12606.71,6933.69,2025-09
2025-09-28,Email_Prospecting,Email,Prospecting,4902.57,16368,1180,99,171296.19,94212.9,2025-09
2025-09-28,Email_Retention,Email,Retention,5079.16,16100,1158,109,175892.47,96740.86,2025-09
2025-09-28,Display_Prospecting,Display,Prospecting,752.47,5002,49,0,0.0,0.0,2025-09
2025-09-28,Display_Retention,Display,Retention,2265.45,15320,132,2,3109.71,1710.34,2025-09
2025-09-28,Affiliate_Prospecting,Affiliate,Prospecting,6825.44,17224,468,25,45962.2,25279.21,2025-09
2025-09-28,Affiliate_Retention,Affiliate,Retention,5461.98,15066,365,18,31125.94,17119.27,2025-09
2025-09-29,Search_Prospecting,Search,Prospecting,15316.38,15837,595,41,90002.84,49501.56,2025-09
2025-09-29,Search_Retention,Search,Retention,11166.22,11216,372,25,56862.51,31274.38,2025-09
2025-09-29,Social_Prospecting,Social,Prospecting,3159.83,7358,160,0,0.0,0.0,2025-09
2025-09-29,Social_Retention,Social,Retention,3742.08,7935,177,2,3453.07,1899.19,2025-09
2025-09-29,Email_Prospecting,Email,Prospecting,3187.92,11315,822,75,128701.64,70785.9,2025-09
2025-09-29,Email_Retention,Email,Retention,4154.13,15539,1075,89,183631.76,100997.47,2025-09
2025-09-29,Display_Prospecting,Display,Prospecting,1536.49,10669,83,0,0.0,0.0,2025-09
2025-09-29,Display_Retention,Display,Retention,1243.65,9344,78,2,3947.35,2171.04,2025-09
2025-09-29,Affiliate_Prospecting,Affiliate,Prospecting,6913.66,17980,505,23,47288.42,26008.63,2025-09
2025-09-29,Affiliate_Retention,Affiliate,Retention,2131.61,6525,150,7,11177.75,6147.76,2025-09
2025-09-30,Search_Prospecting,Search,Prospecting,15788.27,15327,513,26,49583.52,27270.94,2025-09
2025-09-30,Search_Retention,Search,Retention,15507.51,16230,562,45,69563.35,38259.84,2025-09
2025-09-30,Social_Prospecting,Social,Prospecting,6236.7,14728,298,6,9718.62,5345.24,2025-09
2025-09-30,Social_Retention,Social,Retention,6180.9,14048,318,9,17870.54,9828.8,2025-09
2025-09-30,Email_Prospecting,Email,Prospecting,3258.71,10688,763,61,95194.99,52357.24,2025-09
2025-09-30,Email_Retention,Email,Retention,3762.93,14413,1021,85,136775.01,75226.26,2025-09
2025-09-30,Display_Prospecting,Display,Prospecting,1440.88,8938,91,1,2194.21,1206.82,2025-09
2025-09-30,Display_Retention,Display,Retention,2426.52,13019,132,2,4418.95,2430.42,2025-09
2025-09-30,Affiliate_Prospecting,Affiliate,Prospecting,2993.23,7724,186,6,13296.91,7313.3,2025-09
2025-09-30,Affiliate_Retention,Affiliate,Retention,1883.43,4967,119,8,17067.62,9387.19,2025-09
2025-10-01,Search_Prospecting,Search,Prospecting,9660.23,11808,358,20,48337.97,26585.88,2025-10
2025-10-01,Search_Retention,Search,Retention,10132.87,11101,376,28,53073.07,29190.19,2025-10
2025-10-01,Social_Prospecting,Social,Prospecting,4218.18,10111,209,5,12614.61,6938.04,2025-10
2025-10-01,Social_Retention,Social,Retention,3698.58,7675,173,8,18781.77,10329.97,2025-10
2025-10-01,Email_Prospecting,Email,Prospecting,3528.58,14535,978,61,115108.21,63309.52,2025-10
2025-10-01,Email_Retention,Email,Retention,3069.62,11236,827,81,162055.6,89130.58,2025-10
2025-10-01,Display_Prospecting,Display,Prospecting,738.31,4611,45,1,1986.89,1092.79,2025-10
2025-10-01,Display_Retention,Display,Retention,2618.65,15388,147,3,6541.58,3597.87,2025-10
2025-10-01,Affiliate_Prospecting,Affiliate,Prospecting,1894.37,5465,140,8,16811.08,9246.09,2025-10
2025-10-01,Affiliate_Retention,Affiliate,Retention,1705.43,4051,111,3,7585.32,4171.93,2025-10
2025-10-02,Search_Prospecting,Search,Prospecting,11892.97,10660,391,15,38310.74,21070.91,2025-10
2025-10-02,Search_Retention,Search,Retention,8247.99,9204,291,15,34314.21,18872.82,2025-10
2025-10-02,Social_Prospecting,Social,Prospecting,3428.42,6822,156,2,3725.36,2048.95,2025-10
2025-10-02,Social_Retention,Social,Retention,3389.84,9026,173,5,9635.01,5299.26,2025-10
2025-10-02,Email_Prospecting,Email,Prospecting,3942.36,14650,1023,61,154925.42,85208.98,2025-10
2025-10-02,Email_Retention,Email,Retention,1224.52,4361,283,21,44820.57,24651.31,2025-10
2025-10-02,Display_Prospecting,Display,Prospecting,1598.79,9354,86,1,1697.55,933.65,2025-10
2025-10-02,Display_Retention,Display,Retention,2652.64,16466,146,3,6401.5,3520.83,2025-10
2025-10-02,Affiliate_Prospecting,Affiliate,Prospecting,5762.73,15375,407,16,38924.09,21408.25,2025-10
2025-10-02,Affiliate_Retention,Affiliate,Retention,1754.5,4834,114,10,22403.14,12321.73,2025-10
2025-10-03,Search_Prospecting,Search,Prospecting,13863.67,15163,550,30,57829.98,31806.49,2025-10
2025-10-03,Search_Retention,Search,Retention,4764.2,6086,189,9,17300.82,9515.45,2025-10
2025-10-03,Social_Prospecting,Social,Prospecting,6752.68,12984,307,9,19836.37,10910.0,2025-10
2025-10-03,Social_Retention,Social,Retention,5729.19,11686,263,12,20601.19,11330.65,2025-10
2025-10-03,Email_Prospecting,Email,Prospecting,2328.99,9645,644,40,88795.28,48837.4,2025-10
2025-10-03,Email_Retention,Email,Retention,1995.87,6869,477,37,92852.35,51068.79,2025-10
2025-10-03,Display_Prospecting,Display,Prospecting,932.44,5476,55,2,5027.07,2764.89,2025-10
2025-10-03,Display_Retention,Display,Retention,2565.92,15114,144,0,0.0,0.0,2025-10
2025-10-03,Affiliate_Prospecting,Affiliate,Prospecting,2537.55,5258,167,6,10232.74,5628.01,2025-10
2025-10-03,Affiliate_Retention,Affiliate,Retention,5355.99,12429,334,8,19188.23,10553.53,2025-10
2025-10-04,Search_Prospecting,Search,Prospecting,10230.68,10684,385,21,40700.9,22385.5,2025-10
2025-10-04,Search_Retention,Search,Retention,6417.08,5485,211,12,28001.74,15400.96,2025-10
2025-10-04,Social_Prospecting,Social,Prospecting,6900.76,17561,374,9,21419.87,11780.93,2025-10
2025-10-04,Social_Retention,Social,Retention,6122.07,14305,298,10,19628.01,10795.41,2025-10
2025-10-04,Email_Prospecting,Email,Prospecting,3937.03,14436,1051,69,126365.33,69500.93,2025-10
2025-10-04,Email_Retention,Email,Retention,1285.01,4330,301,24,50971.25,28034.19,2025-10
2025-10-04,Display_Prospecting,Display,Prospecting,1144.12,8953,71,0,0.0,0.0,2025-10
2025-10-04,Display_Retention,Display,Retention,1654.23,9987,96,1,1992.38,1095.81,2025-10
2025-10-04,Affiliate_Prospecting,Affiliate,Prospecting,4880.6,13927,341,10,25055.92,13780.76,2025-10
2025-10-04,Affiliate_Retention,Affiliate,Retention,3061.64,8593,222,13,31259.12,17192.52,2025-10
2025-10-05,Search_Prospecting,Search,Prospecting,9013.92,9106,331,14,33320.54,18326.3,2025-10
2025-10-05,Search_Retention,Search,Retention,6976.44,7501,243,14,31283.07,17205.69,2025-10
2025-10-05,Social_Prospecting,Social,Prospecting,6719.67,14748,332,10,22235.38,12229.46,2025-10
2025-10-05,Social_Retention,Social,Retention,5086.28,10590,249,5,12553.74,6904.56,2025-10
2025-10-05,Email_Prospecting,Email,Prospecting,2372.54,8120,592,52,99556.78,54756.23,2025-10
2025-10-05,Email_Retention,Email,Retention,1319.84,4360,302,26,46234.95,25429.22,2025-10
2025-10-05,Display_Prospecting,Display,Prospecting,2401.58,16881,149,3,7152.26,3933.74,2025-10
2025-10-05,Display_Retention,Display,Retention,1643.93,11951,95,1,1991.19,1095.15,2025-10
2025-10-05,Affiliate_Prospecting,Affiliate,Prospecting,2091.14,5422,143,1,2420.44,1331.24,2025-10
2025-10-05,Affiliate_Retention,Affiliate,Retention,5106.91,12536,345,20,49138.01,27025.91,2025-10
2025-10-06,Search_Prospecting,Search,Prospecting,11526.11,13351,423,22,50297.69,27663.73,2025-10
2025-10-06,Search_Retention,Search,Retention,8430.16,9646,324,18,42508.44,23379.64,2025-10
2025-10-06,Social_Prospecting,Social,Prospecting,3703.98,8012,170,6,11039.74,6071.86,2025-10
2025-10-06,Social_Retention,Social,Retention,5786.25,14001,312,11,20386.44,11212.54,2025-10
2025-10-06,Email_Prospecting,Email,Prospecting,1921.74,6691,494,44,89697.46,49333.6,2025-10
2025-10-06,Email_Retention,Email,Retention,3858.69,14926,1050,83,199688.61,109828.74,2025-10
2025-10-06,Display_Prospecting,Display,Prospecting,835.0,5286,53,1,2282.31,1255.27,2025-10
2025-10-06,Display_Retention,Display,Retention,2862.65,16313,159,3,6622.69,3642.48,2025-10
2025-10-06,Affiliate_Prospecting,Affiliate,Prospecting,1885.32,4252,128,6,11120.61,6116.34,2025-10
2025-10-06,Affiliate_Retention,Affiliate,Retention,4902.46,11415,350,17,43757.97,24066.88,2025-10
2025-10-07,Search_Prospecting,Search,Prospecting,15509.65,15814,531,24,50729.73,27901.35,2025-10
2025-10-07,Search_Retention,Search,Retention,13761.64,15984,540,48,121291.47,66710.31,2025-10
2025-10-07,Social_Prospecting,Social,Prospecting,2320.0,5399,124,2,3562.74,1959.51,2025-10
2025-10-07,Social_Retention,Social,Retention,2276.37,5985,123,6,13846.53,7615.59,2025-10
2025-10-07,Email_Prospecting,Email,Prospecting,3332.45,12675,859,63,143459.9,78902.95,2025-10
2025-10-07,Email_Retention,Email,Retention,2647.35,9776,724,86,159328.77,87630.82,2025-10
2025-10-07,Display_Prospecting,Display,Prospecting,1169.1,9369,68,2,4839.77,2661.87,2025-10
2025-10-07,Display_Retention,Display,Retention,2195.18,15408,125,9,16699.65,9184.81,2025-10
2025-10-07,Affiliate_Prospecting,Affiliate,Prospecting,3961.66,10612,282,9,19251.53,10588.34,2025-10
2025-10-07,Affiliate_Retention,Affiliate,Retention,2253.94,6022,165,11,25584.64,14071.55,2025-10
2025-10-08,Search_Prospecting,Search,Prospecting,12090.16,11800,424,26,52663.45,28964.9,2025-10
2025-10-08,Search_Retention,Search,Retention,5054.01,5235,192,11,19819.55,10900.75,2025-10
2025-10-08,Social_Prospecting,Social,Prospecting,5935.33,13488,299,7,14982.01,8240.11,2025-10
2025-10-08,Social_Retention,Social,Retention,6440.43,14338,329,10,19181.44,10549.79,2025-10
2025-10-08,Email_Prospecting,Email,Prospecting,4102.64,15275,1042,79,162942.54,89618.4,2025-10
2025-10-08,Email_Retention,Email,Retention,3822.61,13939,1007,99,237410.43,130575.74,2025-10
2025-10-08,Display_Prospecting,Display,Prospecting,2202.04,14293,128,6,12709.0,6989.95,2025-10
2025-10-08,Display_Retention,Display,Retention,1182.67,7912,74,4,6782.75,3730.51,2025-10
2025-10-08,Affiliate_Prospecting,Affiliate,Prospecting,2131.37,4843,133,4,9304.8,5117.64,2025-10
2025-10-08,Affiliate_Retention,Affiliate,Retention,5577.08,15500,371,29,64867.03,35676.87,2025-10
2025-10-09,Search_Prospecting,Search,Prospecting,8903.96,9185,327,15,34634.79,19049.13,2025-10
2025-10-09,Search_Retention,Search,Retention,11837.97,13437,443,26,59835.51,32909.53,2025-10
2025-10-09,Social_Prospecting,Social,Prospecting,4156.4,8466,212,5,8754.09,4814.75,2025-10
2025-10-09,Social_Retention,Social,Retention,3448.09,7009,157,9,16107.11,8858.91,2025-10
2025-10-09,Email_Prospecting,Email,Prospecting,3128.5,11893,838,58,143447.27,78896.0,2025-10
2025-10-09,Email_Retention,Email,Retention,3767.25,13562,949,71,141015.87,77558.73,2025-10
2025-10-09,Display_Prospecting,Display,Prospecting,1571.18,10485,95,2,4948.81,2721.85,2025-10
2025-10-09,Display_Retention,Display,Retention,2775.57,17246,163,4,10064.08,5535.24,2025-10
2025-10-09,Affiliate_Prospecting,Affiliate,Prospecting,5047.55,12449,331,14,26963.33,14829.83,2025-10
2025-10-09,Affiliate_Retention,Affiliate,Retention,4095.5,9923,265,13,24506.21,13478.42,2025-10
2025-10-10,Search_Prospecting,Search,Prospecting,15060.48,16221,558,36,67319.26,37025.59,2025-10
2025-10-10,Search_Retention,Search,Retention,14661.01,15218,559,38,92225.25,50723.89,2025-10
2025-10-10,Social_Prospecting,Social,Prospecting,3062.33,6748,165,3,6881.99,3785.09,2025-10
2025-10-10,Social_Retention,Social,Retention,2234.05,5679,123,3,7087.34,3898.04,2025-10
2025-10-10,Email_Prospecting,Email,Prospecting,2548.28,9151,603,29,71098.78,39104.33,2025-10
2025-10-10,Email_Retention,Email,Retention,3531.26,12113,869,78,174459.8,95952.89,2025-10
2025-10-10,Display_Prospecting,Display,Prospecting,1181.64,7526,74,2,4087.11,2247.91,2025-10
2025-10-10,Display_Retention,Display,Retention,1238.98,7304,77,3,6222.46,3422.35,2025-10
2025-10-10,Affiliate_Prospecting,Affiliate,Prospecting,1701.58,4151,113,3,5413.02,2977.16,2025-10
2025-10-10,Affiliate_Retention,Affiliate,Retention,4476.11,11005,301,9,19093.16,10501.24,2025-10
2025-10-11,Search_Prospecting,Search,Prospecting,11356.54,11861,403,26,61148.42,33631.63,2025-10
2025-10-11,Search_Retention,Search,Retention,13375.77,14083,475,32,67259.46,36992.7,2025-10
2025-10-11,Social_Prospecting,Social,Prospecting,1859.2,4276,97,4,9326.61,5129.64,2025-10
2025-10-11,Social_Retention,Social,Retention,6735.15,12938,313,12,28940.58,15917.32,2025-10
2025-10-11,Email_Prospecting,Email,Prospecting,1893.43,6493,449,32,79925.63,43959.1,2025-10
2025-10-11,Email_Retention,Email,Retention,1155.9,4124,314,29,51174.51,28145.98,2025-10
2025-10-11,Display_Prospecting,Display,Prospecting,1140.53,5404,68,1,1970.99,1084.04,2025-10
2025-10-11,Display_Retention,Display,Retention,677.19,5000,40,0,0.0,0.0,2025-10
2025-10-11,Affiliate_Prospecting,Affiliate,Prospecting,4793.23,11596,326,11,27971.92,15384.56,2025-10
2025-10-11,Affiliate_Retention,Affiliate,Retention,6163.86,13813,377,28,50784.05,27931.23,2025-10
2025-10-12,Search_Prospecting,Search,Prospecting,7073.89,6464,231,13,23990.93,13195.01,2025-10
2025-10-12,Search_Retention,Search,Retention,13911.54,14772,500,31,63675.09,35021.3,2025-10
2025-10-12,Social_Prospecting,Social,Prospecting,6446.32,15493,340,8,20091.87,11050.53,2025-10
2025-10-12,Social_Retention,Social,Retention,4070.21,11026,207,12,24325.1,13378.81,2025-10
2025-10-12,Email_Prospecting,Email,Prospecting,2463.98,9517,672,56,142587.34,78423.04,2025-10
2025-10-12,Email_Retention,Email,Retention,4562.21,16836,1166,97,229679.03,126323.47,2025-10
2025-10-12,Display_Prospecting,Display,Prospecting,2806.52,17024,158,1,2422.35,1332.29,2025-10
2025-10-12,Display_Retention,Display,Retention,1902.52,11397,104,1,2544.83,1399.66,2025-10
2025-10-12,Affiliate_Prospecting,Affiliate,Prospecting,5419.88,14593,382,27,61580.05,33869.03,2025-10
2025-10-12,Affiliate_Retention,Affiliate,Retention,5272.06,14541,351,20,50244.35,27634.39,2025-10
2025-10-13,Search_Prospecting,Search,Prospecting,10493.49,9145,346,22,47814.27,26297.85,2025-10
2025-10-13,Search_Retention,Search,Retention,9953.09,9526,347,27,51723.6,28447.98,2025-10
2025-10-13,Social_Prospecting,Social,Prospecting,4199.09,10416,228,9,23031.64,12667.4,2025-10
2025-10-13,Social_Retention,Social,Retention,7288.95,16283,354,14,27617.78,15189.78,2025-10
2025-10-13,Email_Prospecting,Email,Prospecting,2158.38,8267,564,40,72278.63,39753.25,2025-10
2025-10-13,Email_Retention,Email,Retention,1238.91,4378,289,27,52976.55,29137.1,2025-10
2025-10-13,Display_Prospecting,Display,Prospecting,1747.94,11077,95,2,4120.48,2266.26,2025-10
2025-10-13,Display_Retention,Display,Retention,984.71,5914,54,2,4178.97,2298.43,2025-10
2025-10-13,Affiliate_Prospecting,Affiliate,Prospecting,1807.95,4940,123,9,20366.6,11201.63,2025-10
2025-10-13,Affiliate_Retention,Affiliate,Retention,1846.84,4833,131,10,22870.79,12578.93,2025-10
2025-10-14,Search_Prospecting,Search,Prospecting,7166.5,8308,253,11,25042.31,13773.27,2025-10
2025-10-14,Search_Retention,Search,Retention,14562.77,15865,528,31,52095.39,28652.46,2025-10
2025-10-14,Social_Prospecting,Social,Prospecting,4113.07,8372,203,9,17309.63,9520.3,2025-10
2025-10-14,Social_Retention,Social,Retention,5619.07,11606,279,5,11199.48,6159.71,2025-10
2025-10-14,Email_Prospecting,Email,Prospecting,3132.43,11528,855,65,134721.81,74097.0,2025-10
2025-10-14,Email_Retention,Email,Retention,3421.17,11153,797,76,154680.0,85074.0,2025-10
2025-10-14,Display_Prospecting,Display,Prospecting,1199.19,6785,65,1,1915.69,1053.63,2025-10
2025-10-14,Display_Retention,Display,Retention,2400.75,14242,133,2,4147.2,2280.96,2025-10
2025-10-14,Affiliate_Prospecting,Affiliate,Prospecting,6227.41,16095,407,24,60975.88,33536.73,2025-10
2025-10-14,Affiliate_Retention,Affiliate,Retention,4309.81,10807,292,20,40251.15,22138.13,2025-10
2025-10-15,Search_Prospecting,Search,Prospecting,15544.47,16401,600,27,50913.37,28002.35,2025-10
2025-10-15,Search_Retention,Search,Retention,14652.19,14560,508,28,50985.18,28041.85,2025-10
2025-10-15,Social_Prospecting,Social,Prospecting,3483.27,8379,176,2,4428.36,2435.6,2025-10
2025-10-15,Social_Retention,Social,Retention,3331.13,9330,176,5,8653.49,4759.42,2025-10
2025-10-15,Email_Prospecting,Email,Prospecting,3030.05,11614,803,62,132101.36,72655.75,2025-10
2025-10-15,Email_Retention,Email,Retention,2300.96,7886,571,47,102630.17,56446.59,2025-10
2025-10-15,Display_Prospecting,Display,Prospecting,1033.23,7260,65,3,5855.24,3220.38,2025-10
2025-10-15,Display_Retention,Display,Retention,705.1,4109,38,1,1754.54,965.0,2025-10
2025-10-15,Affiliate_Prospecting,Affiliate,Prospecting,4814.3,11618,300,17,41761.51,22968.83,2025-10
2025-10-15,Affiliate_Retention,Affiliate,Retention,5474.91,15067,377,13,27606.57,15183.61,2025-10
2025-10-16,Search_Prospecting,Search,Prospecting,17458.61,14674,568,22,52209.5,28715.23,2025-10
2025-10-16,Search_Retention,Search,Retention,8792.21,8236,301,28,67426.68,37084.67,2025-10
2025-10-16,Social_Prospecting,Social,Prospecting,2038.02,4205,103,0,0.0,0.0,2025-10
2025-10-16,Social_Retention,Social,Retention,6889.08,15105,344,9,21833.63,12008.5,2025-10
2025-10-16,Email_Prospecting,Email,Prospecting,1281.73,4620,318,24,58181.95,32000.07,2025-10
2025-10-16,Email_Retention,Email,Retention,3664.45,12910,955,87,177987.06,97892.88,2025-10
2025-10-16,Display_Prospecting,Display,Prospecting,850.79,6175,47,0,0.0,0.0,2025-10
2025-10-16,Display_Retention,Display,Retention,775.88,4570,47,0,0.0,0.0,2025-10
2025-10-16,Affiliate_Prospecting,Affiliate,Prospecting,7504.46,17544,475,17,31680.77,17424.42,2025-10
2025-10-16,Affiliate_Retention,Affiliate,Retention,6700.69,16879,432,29,52981.73,29139.95,2025-10
2025-10-17,Search_Prospecting,Search,Prospecting,9046.59,10305,348,22,54660.51,30063.28,2025-10
2025-10-17,Search_Retention,Search,Retention,8764.6,9336,322,14,23705.41,13037.98,2025-10
2025-10-17,Social_Prospecting,Social,Prospecting,2981.41,6680,142,5,11268.5,6197.68,2025-10
2025-10-17,Social_Retention,Social,Retention,6523.21,14058,330,5,8603.66,4732.01,2025-10
2025-10-17,Email_Prospecting,Email,Prospecting,2076.44,7034,513,46,115442.25,63493.24,2025-10
2025-10-17,Email_Retention,Email,Retention,2808.16,10564,746,65,159804.48,87892.46,2025-10
2025-10-17,Display_Prospecting,Display,Prospecting,694.61,5136,39,0,0.0,0.0,2025-10
2025-10-17,Display_Retention,Display,Retention,1343.14,8260,81,2,4143.57,2278.96,2025-10
2025-10-17,Affiliate_Prospecting,Affiliate,Prospecting,3064.87,9016,220,18,36416.68,20029.17,2025-10
2025-10-17,Affiliate_Retention,Affiliate,Retention,2677.01,6291,171,8,14706.94,8088.82,2025-10
2025-10-18,Search_Prospecting,Search,Prospecting,10275.56,10942,376,28,66541.86,36598.02,2025-10
2025-10-18,Search_Retention,Search,Retention,7022.0,7693,277,22,54008.64,29704.75,2025-10
2025-10-18,Social_Prospecting,Social,Prospecting,4184.96,9118,191,4,10075.9,5541.74,2025-10
2025-10-18,Social_Retention,Social,Retention,4489.0,10792,239,10,23358.29,12847.06,2025-10
2025-10-18,Email_Prospecting,Email,Prospecting,3523.34,12994,896,62,117837.69,64810.73,2025-10
2025-10-18,Email_Retention,Email,Retention,1479.54,5808,409,31,79044.52,43474.49,2025-10
2025-10-18,Display_Prospecting,Display,Prospecting,2079.1,14809,115,2,4139.56,2276.76,2025-10
2025-10-18,Display_Retention,Display,Retention,1375.29,8903,80,1,1928.93,1060.91,2025-10
2025-10-18,Affiliate_Prospecting,Affiliate,Prospecting,2003.85,5026,122,4,7650.98,4208.04,2025-10
2025-10-18,Affiliate_Retention,Affiliate,Retention,3901.65,8657,245,15,31745.42,17459.98,2025-10
2025-10-19,Search_Prospecting,Search,Prospecting,4865.18,4851,166,10,19212.66,10566.96,2025-10
2025-10-19,Search_Retention,Search,Retention,8833.54,9136,327,16,32704.8,17987.64,2025-10
2025-10-19,Social_Prospecting,Social,Prospecting,4359.93,10461,242,5,8490.59,4669.82,2025-10
2025-10-19,Social_Retention,Social,Retention,6837.67,14863,335,7,15557.42,8556.58,2025-10
2025-10-19,Email_Prospecting,Email,Prospecting,4471.59,15288,1113,79,135139.96,74326.98,2025-10
2025-10-19,Email_Retention,Email,Retention,1390.16,4626,318,25,51526.58,28339.62,2025-10
2025-10-19,Display_Prospecting,Display,Prospecting,2657.63,15489,144,2,4976.26,2736.94,2025-10
2025-10-19,Display_Retention,Display,Retention,712.07,4295,41,0,0.0,0.0,2025-10
2025-10-19,Affiliate_Prospecting,Affiliate,Prospecting,4796.39,11042,295,10,19945.9,10970.25,2025-10
2025-10-19,Affiliate_Retention,Affiliate,Retention,3598.68,7803,222,11,22825.52,12554.04,2025-10
2025-10-20,Search_Prospecting,Search,Prospecting,17225.13,16176,589,32,64473.28,35460.3,2025-10
2025-10-20,Search_Retention,Search,Retention,14784.02,14427,528,34,65235.86,35879.72,2025-10
2025-10-20,Social_Prospecting,Social,Prospecting,3587.7,8847,198,9,20671.29,11369.21,2025-10
2025-10-20,Social_Retention,Social,Retention,6437.5,13611,296,6,15119.51,8315.73,2025-10
2025-10-20,Email_Prospecting,Email,Prospecting,2936.51,9630,678,49,91801.53,50490.84,2025-10
2025-10-20,Email_Retention,Email,Retention,3021.01,11271,746,71,171902.76,94546.52,2025-10
2025-10-20,Display_Prospecting,Display,Prospecting,527.02,4298,32,0,0.0,0.0,2025-10
2025-10-20,Display_Retention,Display,Retention,1010.91,4850,55,2,5026.89,2764.79,2025-10
2025-10-20,Affiliate_Prospecting,Affiliate,Prospecting,6541.94,17524,457,21,42538.72,23396.3,2025-10
2025-10-20,Affiliate_Retention,Affiliate,Retention,5817.34,14473,389,24,46080.03,25344.02,2025-10
2025-10-21,Search_Prospecting,Search,Prospecting,9108.34,8427,309,16,39061.68,21483.92,2025-10
2025-10-21,Search_Retention,Search,Retention,5691.6,5223,187,10,21888.57,12038.71,2025-10
2025-10-21,Social_Prospecting,Social,Prospecting,5801.47,14059,293,7,16038.52,8821.19,2025-10
2025-10-21,Social_Retention,Social,Retention,6102.46,14074,328,11,21330.85,11731.97,2025-10
2025-10-21,Email_Prospecting,Email,Prospecting,2732.99,11343,744,55,124001.86,68201.02,2025-10
2025-10-21,Email_Retention,Email,Retention,4458.2,16535,1137,106,269260.57,148093.31,2025-10
2025-10-21,Display_Prospecting,Display,Prospecting,1448.81,9676,87,1,2360.86,1298.47,2025-10
2025-10-21,Display_Retention,Display,Retention,1560.5,12028,100,2,5015.31,2758.42,2025-10
2025-10-21,Affiliate_Prospecting,Affiliate,Prospecting,5765.97,14302,401,13,29219.81,16070.9,2025-10
2025-10-21,Affiliate_Retention,Affiliate,Retention,1856.76,5801,135,11,27038.49,14871.17,2025-10
2025-10-22,Search_Prospecting,Search,Prospecting,4917.87,5002,170,12,22724.99,12498.74,2025-10
2025-10-22,Search_Retention,Search,Retention,8291.99,8599,288,23,41224.23,22673.33,2025-10
2025-10-22,Social_Prospecting,Social,Prospecting,6286.69,15162,325,10,18248.69,10036.78,2025-10
2025-10-22,Social_Retention,Social,Retention,6684.9,15343,347,9,21205.32,11662.93,2025-10
2025-10-22,Email_Prospecting,Email,Prospecting,3040.15,11340,745,48,107629.87,59196.43,2025-10
2025-10-22,Email_Retention,Email,Retention,2552.92,9751,660,51,95947.57,52771.16,2025-10
2025-10-22,Display_Prospecting,Display,Prospecting,1239.45,9475,76,1,1735.61,954.59,2025-10
2025-10-22,Display_Retention,Display,Retention,2182.81,14805,133,0,0.0,0.0,2025-10
2025-10-22,Affiliate_Prospecting,Affiliate,Prospecting,6658.01,17136,474,15,29454.96,16200.23,2025-10
2025-10-22,Affiliate_Retention,Affiliate,Retention,3799.76,10021,266,20,36617.72,20139.75,2025-10
2025-10-23,Search_Prospecting,Search,Prospecting,17268.83,15228,563,22,55455.9,30500.75,2025-10
2025-10-23,Search_Retention,Search,Retention,13283.23,13306,472,27,65000.93,35750.51,2025-10
2025-10-23,Social_Prospecting,Social,Prospecting,3016.46,6627,154,4,7908.17,4349.49,2025-10
2025-10-23,Social_Retention,Social,Retention,3310.39,6618,156,3,5652.21,3108.72,2025-10
2025-10-23,Email_Prospecting,Email,Prospecting,3181.88,10016,751,44,105821.55,58201.85,2025-10
2025-10-23,Email_Retention,Email,Retention,4121.7,14317,990,93,180733.2,99403.26,2025-10
2025-10-23,Display_Prospecting,Display,Prospecting,899.63,5683,57,2,3698.66,2034.26,2025-10
2025-10-23,Display_Retention,Display,Retention,2154.19,12515,124,4,9670.41,5318.73,2025-10
2025-10-23,Affiliate_Prospecting,Affiliate,Prospecting,2704.25,7238,196,9,19463.74,10705.06,2025-10
2025-10-23,Affiliate_Retention,Affiliate,Retention,1768.46,4959,123,6,14759.81,8117.9,2025-10
2025-10-24,Search_Prospecting,Search,Prospecting,7334.16,7931,274,17,38335.18,21084.35,2025-10
2025-10-24,Search_Retention,Search,Retention,14097.03,12388,463,21,47878.78,26333.33,2025-10
2025-10-24,Social_Prospecting,Social,Prospecting,7057.66,17795,385,8,18600.16,10230.09,2025-10
2025-10-24,Social_Retention,Social,Retention,2085.16,4241,108,2,4556.81,2506.25,2025-10
2025-10-24,Email_Prospecting,Email,Prospecting,3878.47,14347,996,72,147949.89,81372.44,2025-10
2025-10-24,Email_Retention,Email,Retention,2747.52,10602,746,86,177520.99,97636.54,2025-10
2025-10-24,Display_Prospecting,Display,Prospecting,797.99,5706,47,1,2083.26,1145.79,2025-10
2025-10-24,Display_Retention,Display,Retention,1759.83,11654,96,2,4257.97,2341.88,2025-10
2025-10-24,Affiliate_Prospecting,Affiliate,Prospecting,4954.61,11438,312,20,48379.81,26608.9,2025-10
2025-10-24,Affiliate_Retention,Affiliate,Retention,2794.73,6203,179,11,20695.84,11382.71,2025-10
2025-10-25,Search_Prospecting,Search,Prospecting,10870.66,10218,360,15,37597.26,20678.49,2025-10
2025-10-25,Search_Retention,Search,Retention,12035.38,10869,414,23,45270.41,24898.73,2025-10
2025-10-25,Social_Prospecting,Social,Prospecting,4488.8,9497,206,5,10372.24,5704.73,2025-10
2025-10-25,Social_Retention,Social,Retention,1548.08,4855,84,2,4001.7,2200.93,2025-10
2025-10-25,Email_Prospecting,Email,Prospecting,4205.9,15724,1096,78,149204.38,82062.41,2025-10
2025-10-25,Email_Retention,Email,Retention,2304.19,8717,600,46,94872.29,52179.76,2025-10
2025-10-25,Display_Prospecting,Display,Prospecting,639.07,4231,35,1,2106.0,1158.3,2025-10
2025-10-25,Display_Retention,Display,Retention,1939.48,11378,112,2,4112.5,2261.88,2025-10
2025-10-25,Affiliate_Prospecting,Affiliate,Prospecting,7362.02,17321,483,19,48190.03,26504.52,2025-10
2025-10-25,Affiliate_Retention,Affiliate,Retention,2347.03,6035,168,7,16122.3,8867.26,2025-10
2025-10-26,Search_Prospecting,Search,Prospecting,14783.99,12698,487,27,60554.01,33304.71,2025-10
2025-10-26,Search_Retention,Search,Retention,3560.64,4080,135,8,13866.4,7626.52,2025-10
2025-10-26,Social_Prospecting,Social,Prospecting,3421.95,7180,161,4,6768.08,3722.44,2025-10
2025-10-26,Social_Retention,Social,Retention,3070.08,6085,146,6,14935.62,8214.59,2025-10
2025-10-26,Email_Prospecting,Email,Prospecting,1154.66,4520,314,26,57982.91,31890.6,2025-10
2025-10-26,Email_Retention,Email,Retention,1510.86,5307,374,31,68412.4,37626.82,2025-10
2025-10-26,Display_Prospecting,Display,Prospecting,2392.87,15875,133,4,9604.3,5282.36,2025-10
2025-10-26,Display_Retention,Display,Retention,1102.94,9639,71,2,4287.49,2358.12,2025-10
2025-10-26,Affiliate_Prospecting,Affiliate,Prospecting,3510.67,8693,238,10,17900.23,9845.13,2025-10
2025-10-26,Affiliate_Retention,Affiliate,Retention,2105.21,4741,130,10,25344.08,13939.24,2025-10
2025-10-27,Search_Prospecting,Search,Prospecting,6001.95,5891,206,12,28611.25,15736.19,2025-10
2025-10-27,Search_Retention,Search,Retention,5176.11,5403,195,19,45603.21,25081.77,2025-10
2025-10-27,Social_Prospecting,Social,Prospecting,3252.17,7755,154,6,10761.53,5918.84,2025-10
2025-10-27,Social_Retention,Social,Retention,5369.9,13965,291,6,12231.9,6727.55,2025-10
2025-10-27,Email_Prospecting,Email,Prospecting,2640.3,9779,662,50,106392.08,58515.64,2025-10
2025-10-27,Email_Retention,Email,Retention,1147.62,4075,282,24,47841.78,26312.98,2025-10
2025-10-27,Display_Prospecting,Display,Prospecting,3072.08,17029,171,4,6956.09,3825.85,2025-10
2025-10-27,Display_Retention,Display,Retention,1994.57,14009,112,2,4971.1,2734.11,2025-10
2025-10-27,Affiliate_Prospecting,Affiliate,Prospecting,6495.3,16522,452,17,41518.92,22835.41,2025-10
2025-10-27,Affiliate_Retention,Affiliate,Retention,6666.89,17854,471,18,32983.28,18140.8,2025-10
2025-10-28,Search_Prospecting,Search,Prospecting,6255.65,6205,211,19,44868.31,24677.57,2025-10
2025-10-28,Search_Retention,Search,Retention,9925.87,11378,392,28,57927.6,31860.18,2025-10
2025-10-28,Social_Prospecting,Social,Prospecting,2006.94,5558,107,1,1855.11,1020.31,2025-10
2025-10-28,Social_Retention,Social,Retention,8000.37,17000,411,16,39398.93,21669.41,2025-10
2025-10-28,Email_Prospecting,Email,Prospecting,1513.1,5155,365,31,55382.84,30460.56,2025-10
2025-10-28,Email_Retention,Email,Retention,3519.0,12147,867,77,156366.66,86001.66,2025-10
2025-10-28,Display_Prospecting,Display,Prospecting,2534.84,16835,141,2,4957.09,2726.4,2025-10
2025-10-28,Display_Retention,Display,Retention,2358.5,15601,134,0,0.0,0.0,2025-10
2025-10-28,Affiliate_Prospecting,Affiliate,Prospecting,1493.23,4474,107,4,7283.08,4005.69,2025-10
2025-10-28,Affiliate_Retention,Affiliate,Retention,4316.14,9951,263,14,33038.62,18171.24,2025-10
2025-10-29,Search_Prospecting,Search,Prospecting,14451.12,15321,563,27,48000.25,26400.14,2025-10
2025-10-29,Search_Retention,Search,Retention,13074.33,11660,435,23,41154.44,22634.94,2025-10
2025-10-29,Social_Prospecting,Social,Prospecting,2448.01,6065,136,0,0.0,0.0,2025-10
2025-10-29,Social_Retention,Social,Retention,6548.31,13878,327,9,16212.62,8916.94,2025-10
2025-10-29,Email_Prospecting,Email,Prospecting,4866.95,16015,1129,93,195793.61,107686.49,2025-10
2025-10-29,Email_Retention,Email,Retention,3570.16,11648,814,68,171676.43,94422.04,2025-10
2025-10-29,Display_Prospecting,Display,Prospecting,2524.64,15861,146,5,8484.85,4666.67,2025-10
2025-10-29,Display_Retention,Display,Retention,1228.11,7938,71,2,4508.08,2479.44,2025-10
2025-10-29,Affiliate_Prospecting,Affiliate,Prospecting,5056.15,13219,360,14,26313.31,14472.32,2025-10
2025-10-29,Affiliate_Retention,Affiliate,Retention,2918.67,6649,194,12,29128.54,16020.7,2025-10
2025-10-30,Search_Prospecting,Search,Prospecting,12569.6,12140,421,13,29565.8,16261.19,2025-10
2025-10-30,Search_Retention,Search,Retention,11491.91,11118,374,29,65699.8,36134.89,2025-10
2025-10-30,Social_Prospecting,Social,Prospecting,5365.27,12691,265,9,17567.87,9662.33,2025-10
2025-10-30,Social_Retention,Social,Retention,3396.93,7531,159,4,8786.24,4832.43,2025-10
2025-10-30,Email_Prospecting,Email,Prospecting,1170.72,4536,314,23,51220.56,28171.31,2025-10
2025-10-30,Email_Retention,Email,Retention,2320.18,7968,602,58,120582.81,66320.55,2025-10
2025-10-30,Display_Prospecting,Display,Prospecting,715.67,4264,40,1,2475.97,1361.78,2025-10
2025-10-30,Display_Retention,Display,Retention,2697.27,15367,146,6,15439.85,8491.92,2025-10
2025-10-30,Affiliate_Prospecting,Affiliate,Prospecting,5254.21,14818,383,20,40294.94,22162.22,2025-10
2025-10-30,Affiliate_Retention,Affiliate,Retention,2610.7,6190,184,12,29198.91,16059.4,2025-10
2025-10-31,Search_Prospecting,Search,Prospecting,9542.29,9538,345,17,41445.86,22795.22,2025-10
2025-10-31,Search_Retention,Search,Retention,8810.5,8875,336,25,52887.81,29088.3,2025-10
2025-10-31,Social_Prospecting,Social,Prospecting,5024.01,11580,276,6,12310.81,6770.95,2025-10
2025-10-31,Social_Retention,Social,Retention,4452.61,10559,241,4,9090.84,4999.96,2025-10
2025-10-31,Email_Prospecting,Email,Prospecting,4120.34,16193,1120,78,136022.46,74812.35,2025-10
2025-10-31,Email_Retention,Email,Retention,3667.51,11436,836,81,137246.32,75485.48,2025-10
2025-10-31,Display_Prospecting,Display,Prospecting,2348.05,14809,145,1,2304.5,1267.48,2025-10
2025-10-31,Display_Retention,Display,Retention,906.6,5781,53,2,3806.32,2093.48,2025-10
2025-10-31,Affiliate_Prospecting,Affiliate,Prospecting,5649.91,13695,346,18,34489.38,18969.16,2025-10
2025-10-31,Affiliate_Retention,Affiliate,Retention,6127.82,15093,420,18,43385.15,23861.83,2025-10
2025-11-01,Search_Prospecting,Search,Prospecting,13147.22,13083,454,31,74096.1,40752.86,2025-11
2025-11-01,Search_Retention,Search,Retention,5798.29,5843,196,13,25131.65,13822.41,2025-11
2025-11-01,Social_Prospecting,Social,Prospecting,6730.53,14813,336,12,28575.57,15716.56,2025-11
2025-11-01,Social_Retention,Social,Retention,2349.27,5490,113,2,3620.06,1991.03,2025-11
2025-11-01,Email_Prospecting,Email,Prospecting,4232.71,15425,1060,69,170278.63,93653.25,2025-11
2025-11-01,Email_Retention,Email,Retention,4119.42,14572,1017,98,246953.73,135824.55,2025-11
2025-11-01,Display_Prospecting,Display,Prospecting,2623.89,17743,155,5,9014.83,4958.16,2025-11
2025-11-01,Display_Retention,Display,Retention,1648.79,11378,101,2,4488.1,2468.46,2025-11
2025-11-01,Affiliate_Prospecting,Affiliate,Prospecting,5551.59,14523,385,21,53336.33,29334.98,2025-11
2025-11-01,Affiliate_Retention,Affiliate,Retention,3719.69,9445,248,21,45119.33,24815.63,2025-11
2025-11-02,Search_Prospecting,Search,Prospecting,3758.79,4729,139,13,24546.26,13500.44,2025-11
2025-11-02,Search_Retention,Search,Retention,15521.44,16733,571,36,84607.65,46534.21,2025-11
2025-11-02,Social_Prospecting,Social,Prospecting,5006.28,12603,276,12,27461.5,15103.83,2025-11
2025-11-02,Social_Retention,Social,Retention,2501.89,5460,120,4,9731.24,5352.18,2025-11
2025-11-02,Email_Prospecting,Email,Prospecting,1179.19,4759,326,19,40939.03,22516.47,2025-11
2025-11-02,Email_Retention,Email,Retention,4155.02,13875,1025,101,205018.94,112760.42,2025-11
2025-11-02,Display_Prospecting,Display,Prospecting,1882.85,12001,102,2,3767.64,2072.2,2025-11
2025-11-02,Display_Retention,Display,Retention,873.08,6820,52,3,6600.59,3630.32,2025-11
2025-11-02,Affiliate_Prospecting,Affiliate,Prospecting,6112.31,15977,431,22,40595.82,22327.7,2025-11
2025-11-02,Affiliate_Retention,Affiliate,Retention,1784.75,4406,118,6,13193.02,7256.16,2025-11
2025-11-03,Search_Prospecting,Search,Prospecting,11965.58,13026,451,22,53800.44,29590.24,2025-11
2025-11-03,Search_Retention,Search,Retention,8594.37,10410,331,19,32557.06,17906.38,2025-11
2025-11-03,Social_Prospecting,Social,Prospecting,7054.64,15420,369,7,13409.98,7375.49,2025-11
2025-11-03,Social_Retention,Social,Retention,7620.34,15933,365,16,39936.26,21964.94,2025-11
2025-11-03,Email_Prospecting,Email,Prospecting,2992.53,10153,722,51,89693.82,49331.6,2025-11
2025-11-03,Email_Retention,Email,Retention,4301.35,16079,1154,99,219984.04,120991.22,2025-11
2025-11-03,Display_Prospecting,Display,Prospecting,1952.83,13114,118,2,5086.78,2797.73,2025-11
2025-11-03,Display_Retention,Display,Retention,994.28,8339,62,0,0.0,0.0,2025-11
2025-11-03,Affiliate_Prospecting,Affiliate,Prospecting,2032.85,4827,128,3,7565.45,4161.0,2025-11
2025-11-03,Affiliate_Retention,Affiliate,Retention,5995.18,14193,398,23,46784.76,25731.62,2025-11
2025-11-04,Search_Prospecting,Search,Prospecting,9130.07,9711,358,23,55396.76,30468.22,2025-11
2025-11-04,Search_Retention,Search,Retention,14738.8,16119,560,32,82317.94,45274.87,2025-11
2025-11-04,Social_Prospecting,Social,Prospecting,1990.85,4203,98,4,9760.79,5368.43,2025-11
2025-11-04,Social_Retention,Social,Retention,2002.4,4128,109,2,4912.34,2701.79,2025-11
2025-11-04,Email_Prospecting,Email,Prospecting,1700.12,5693,410,39,80746.52,44410.59,2025-11
2025-11-04,Email_Retention,Email,Retention,2251.55,7431,533,61,104513.19,57482.25,2025-11
2025-11-04,Display_Prospecting,Display,Prospecting,2824.23,17292,154,0,0.0,0.0,2025-11
2025-11-04,Display_Retention,Display,Retention,2498.73,15933,153,2,3594.8,1977.14,2025-11
2025-11-04,Affiliate_Prospecting,Affiliate,Prospecting,3999.81,9708,271,14,24636.46,13550.05,2025-11
2025-11-04,Affiliate_Retention,Affiliate,Retention,4838.04,10493,297,17,40249.27,22137.1,2025-11
2025-11-05,Search_Prospecting,Search,Prospecting,14253.05,15649,544,35,78447.07,43145.89,2025-11
2025-11-05,Search_Retention,Search,Retention,10497.63,11543,394,26,59509.62,32730.29,2025-11
2025-11-05,Social_Prospecting,Social,Prospecting,2232.34,4555,104,5,12039.44,6621.69,2025-11
2025-11-05,Social_Retention,Social,Retention,5195.03,10667,253,11,22230.38,12226.71,2025-11
2025-11-05,Email_Prospecting,Email,Prospecting,3953.78,13567,922,63,148865.34,81875.94,2025-11
2025-11-05,Email_Retention,Email,Retention,4547.29,17657,1255,116,210900.43,115995.24,2025-11
2025-11-05,Display_Prospecting,Display,Prospecting,2623.64,16182,162,3,5722.65,3147.46,2025-11
2025-11-05,Display_Retention,Display,Retention,1440.1,8710,93,3,6998.56,3849.21,2025-11
2025-11-05,Affiliate_Prospecting,Affiliate,Prospecting,6872.91,15740,422,18,41664.63,22915.55,2025-11
2025-11-05,Affiliate_Retention,Affiliate,Retention,2751.72,6497,185,13,22686.73,12477.7,2025-11
2025-11-06,Search_Prospecting,Search,Prospecting,10851.42,9340,374,29,56527.96,31090.38,2025-11
2025-11-06,Search_Retention,Search,Retention,4765.06,5443,186,12,22630.96,12447.03,2025-11
2025-11-06,Social_Prospecting,Social,Prospecting,3362.82,8215,169,3,7160.43,3938.24,2025-11
2025-11-06,Social_Retention,Social,Retention,6167.0,16044,320,14,34440.51,18942.28,2025-11
2025-11-06,Email_Prospecting,Email,Prospecting,1917.65,5997,452,45,87676.8,48222.24,2025-11
2025-11-06,Email_Retention,Email,Retention,3905.74,13544,915,95,178941.82,98418.0,2025-11
2025-11-06,Display_Prospecting,Display,Prospecting,1644.91,11728,100,1,2056.31,1130.97,2025-11
2025-11-06,Display_Retention,Display,Retention,2467.32,16302,161,2,3637.77,2000.77,2025-11
2025-11-06,Affiliate_Prospecting,Affiliate,Prospecting,5147.33,13475,379,25,52845.33,29064.93,2025-11
2025-11-06,Affiliate_Retention,Affiliate,Retention,7126.36,17701,459,26,49879.18,27433.55,2025-11
2025-11-07,Search_Prospecting,Search,Prospecting,9297.14,8747,310,23,54762.41,30119.33,2025-11
2025-11-07,Search_Retention,Search,Retention,16147.3,15350,553,35,81906.73,45048.7,2025-11
2025-11-07,Social_Prospecting,Social,Prospecting,4894.53,11982,244,7,15319.94,8425.97,2025-11
2025-11-07,Social_Retention,Social,Retention,4915.88,11880,242,4,7326.62,4029.64,2025-11
2025-11-07,Email_Prospecting,Email,Prospecting,1685.64,6466,465,43,74435.56,40939.56,2025-11
2025-11-07,Email_Retention,Email,Retention,1918.53,6907,471,35,90107.96,49559.38,2025-11
2025-11-07,Display_Prospecting,Display,Prospecting,1969.55,10426,110,5,12239.33,6731.63,2025-11
2025-11-07,Display_Retention,Display,Retention,790.68,6408,51,1,1941.26,1067.69,2025-11
2025-11-07,Affiliate_Prospecting,Affiliate,Prospecting,1928.0,4604,134,4,8869.72,4878.35,2025-11
2025-11-07,Affiliate_Retention,Affiliate,Retention,2791.27,7025,188,9,15427.15,8484.93,2025-11
2025-11-08,Search_Prospecting,Search,Prospecting,10853.69,10176,362,20,41786.02,22982.31,2025-11
2025-11-08,Search_Retention,Search,Retention,18978.62,17988,618,34,87460.63,48103.35,2025-11
2025-11-08,Social_Prospecting,Social,Prospecting,4383.96,9801,202,10,18730.89,10301.99,2025-11
2025-11-08,Social_Retention,Social,Retention,5289.46,11867,265,11,21811.79,11996.48,2025-11
2025-11-08,Email_Prospecting,Email,Prospecting,3789.01,13420,909,76,170951.91,94023.55,2025-11
2025-11-08,Email_Retention,Email,Retention,2630.3,8547,605,47,92903.51,51096.93,2025-11
2025-11-08,Display_Prospecting,Display,Prospecting,1971.15,10861,109,3,6941.22,3817.67,2025-11
2025-11-08,Display_Retention,Display,Retention,2429.56,14936,150,4,8320.04,4576.02,2025-11
2025-11-08,Affiliate_Prospecting,Affiliate,Prospecting,2176.99,4832,135,7,13732.04,7552.62,2025-11
2025-11-08,Affiliate_Retention,Affiliate,Retention,3112.64,7394,217,11,24139.32,13276.63,2025-11
2025-11-09,Search_Prospecting,Search,Prospecting,6252.87,6791,240,15,29857.91,16421.85,2025-11
2025-11-09,Search_Retention,Search,Retention,15875.55,16719,572,49,91510.14,50330.58,2025-11
2025-11-09,Social_Prospecting,Social,Prospecting,4360.46,12791,240,8,14359.75,7897.86,2025-11
2025-11-09,Social_Retention,Social,Retention,3616.91,8343,173,4,7320.41,4026.23,2025-11
2025-11-09,Email_Prospecting,Email,Prospecting,4175.6,13675,969,78,170837.3,93960.51,2025-11
2025-11-09,Email_Retention,Email,Retention,3438.85,12579,873,73,131321.36,72226.75,2025-11
2025-11-09,Display_Prospecting,Display,Prospecting,2226.49,15986,137,3,6837.68,3760.72,2025-11
2025-11-09,Display_Retention,Display,Retention,1435.92,10221,90,2,4594.2,2526.81,2025-11
2025-11-09,Affiliate_Prospecting,Affiliate,Prospecting,5442.87,13312,348,17,40990.59,22544.82,2025-11
2025-11-09,Affiliate_Retention,Affiliate,Retention,4543.04,12914,336,16,35625.04,19593.77,2025-11
2025-11-10,Search_Prospecting,Search,Prospecting,8095.01,7689,267,18,45750.24,25162.63,2025-11
2025-11-10,Search_Retention,Search,Retention,6960.91,7383,258,20,40501.77,22275.97,2025-11
2025-11-10,Social_Prospecting,Social,Prospecting,4035.61,9829,223,5,11696.87,6433.28,2025-11
2025-11-10,Social_Retention,Social,Retention,3034.16,7321,139,3,6733.99,3703.69,2025-11
2025-11-10,Email_Prospecting,Email,Prospecting,1837.56,6750,471,40,95906.02,52748.31,2025-11
2025-11-10,Email_Retention,Email,Retention,3541.52,12336,861,74,148977.55,81937.65,2025-11
2025-11-10,Display_Prospecting,Display,Prospecting,704.66,4218,44,1,2488.89,1368.89,2025-11
2025-11-10,Display_Retention,Display,Retention,1179.91,7866,73,0,0.0,0.0,2025-11
2025-11-10,Affiliate_Prospecting,Affiliate,Prospecting,3916.8,8930,242,10,20135.05,11074.28,2025-11
2025-11-10,Affiliate_Retention,Affiliate,Retention,4289.07,11704,306,8,13954.42,7674.93,2025-11
2025-11-11,Search_Prospecting,Search,Prospecting,12505.82,12251,465,21,40816.16,22448.89,2025-11
2025-11-11,Search_Retention,Search,Retention,11328.95,11169,389,31,60304.32,33167.38,2025-11
2025-11-11,Social_Prospecting,Social,Prospecting,6787.65,14638,314,8,18766.65,10321.66,2025-11
2025-11-11,Social_Retention,Social,Retention,4000.91,7687,184,7,12249.5,6737.23,2025-11
2025-11-11,Email_Prospecting,Email,Prospecting,1460.64,5349,358,22,41644.06,22904.23,2025-11
2025-11-11,Email_Retention,Email,Retention,4174.24,15880,1121,90,205795.9,113187.75,2025-11
2025-11-11,Display_Prospecting,Display,Prospecting,2145.7,12729,123,5,8795.16,4837.34,2025-11
2025-11-11,Display_Retention,Display,Retention,895.68,5736,54,0,0.0,0.0,2025-11
2025-11-11,Affiliate_Prospecting,Affiliate,Prospecting,7529.22,16103,471,14,27135.41,14924.48,2025-11
2025-11-11,Affiliate_Retention,Affiliate,Retention,6698.05,17217,458,20,49147.37,27031.05,2025-11
2025-11-12,Search_Prospecting,Search,Prospecting,16131.77,14309,543,27,63728.11,35050.46,2025-11
2025-11-12,Search_Retention,Search,Retention,13299.11,13099,498,30,77186.67,42452.67,2025-11
2025-11-12,Social_Prospecting,Social,Prospecting,2525.2,5443,118,2,4497.68,2473.72,2025-11
2025-11-12,Social_Retention,Social,Retention,8387.53,17681,392,12,22132.08,12172.64,2025-11
2025-11-12,Email_Prospecting,Email,Prospecting,2541.46,8009,591,40,102017.34,56109.54,2025-11
2025-11-12,Email_Retention,Email,Retention,1916.63,6799,490,56,123264.43,67795.44,2025-11
2025-11-12,Display_Prospecting,Display,Prospecting,1167.92,6451,63,2,4501.46,2475.8,2025-11
2025-11-12,Display_Retention,Display,Retention,2057.83,14976,126,1,1708.31,939.57,2025-11
2025-11-12,Affiliate_Prospecting,Affiliate,Prospecting,3011.33,6861,195,7,13573.12,7465.22,2025-11
2025-11-12,Affiliate_Retention,Affiliate,Retention,4493.31,10825,281,18,37853.98,20819.69,2025-11
2025-11-13,Search_Prospecting,Search,Prospecting,17543.72,17368,640,39,98747.99,54311.39,2025-11
2025-11-13,Search_Retention,Search,Retention,12918.7,13955,477,28,48240.98,26532.54,2025-11
2025-11-13,Social_Prospecting,Social,Prospecting,7937.22,17777,373,8,13699.27,7534.6,2025-11
2025-11-13,Social_Retention,Social,Retention,5015.49,10039,245,9,19613.24,10787.28,2025-11
2025-11-13,Email_Prospecting,Email,Prospecting,5503.89,17319,1255,86,178080.67,97944.37,2025-11
2025-11-13,Email_Retention,Email,Retention,3672.1,12841,885,75,133920.6,73656.33,2025-11
2025-11-13,Display_Prospecting,Display,Prospecting,1394.59,11150,90,2,3961.25,2178.69,2025-11
2025-11-13,Display_Retention,Display,Retention,1067.71,8719,63,1,2569.6,1413.28,2025-11
2025-11-13,Affiliate_Prospecting,Affiliate,Prospecting,4472.23,10315,287,17,31265.99,17196.29,2025-11
2025-11-13,Affiliate_Retention,Affiliate,Retention,6454.35,14110,418,19,43293.78,23811.58,2025-11
2025-11-14,Search_Prospecting,Search,Prospecting,9835.67,10344,329,24,59787.43,32883.09,2025-11
2025-11-14,Search_Retention,Search,Retention,4142.14,4056,142,8,15757.59,8666.67,2025-11
2025-11-14,Social_Prospecting,Social,Prospecting,8235.73,17535,397,11,23577.48,12967.61,2025-11
2025-11-14,Social_Retention,Social,Retention,6674.36,13940,324,13,28533.02,15693.16,2025-11
2025-11-14,Email_Prospecting,Email,Prospecting,3535.66,11993,879,53,129268.56,71097.71,2025-11
2025-11-14,Email_Retention,Email,Retention,3046.41,10095,747,65,133380.92,73359.51,2025-11
2025-11-14,Display_Prospecting,Display,Prospecting,1504.54,10715,91,3,6394.18,3516.8,2025-11
2025-11-14,Display_Retention,Display,Retention,1865.53,12925,112,2,4640.66,2552.36,2025-11
2025-11-14,Affiliate_Prospecting,Affiliate,Prospecting,1738.48,4178,120,8,15928.08,8760.44,2025-11
2025-11-14,Affiliate_Retention,Affiliate,Retention,4531.76,12566,323,15,31965.57,17581.06,2025-11
2025-11-15,Search_Prospecting,Search,Prospecting,7991.19,8631,291,15,30031.96,16517.58,2025-11
2025-11-15,Search_Retention,Search,Retention,14975.85,14505,501,36,65111.41,35811.28,2025-11
2025-11-15,Social_Prospecting,Social,Prospecting,7065.73,14133,332,10,17488.76,9618.82,2025-11
2025-11-15,Social_Retention,Social,Retention,3153.96,5975,144,7,15946.28,8770.45,2025-11
2025-11-15,Email_Prospecting,Email,Prospecting,3604.99,13096,910,68,152221.46,83721.8,2025-11
2025-11-15,Email_Retention,Email,Retention,4699.7,17779,1243,124,318604.52,175232.49,2025-11
2025-11-15,Display_Prospecting,Display,Prospecting,2283.87,14987,142,6,13557.34,7456.54,2025-11
2025-11-15,Display_Retention,Display,Retention,1379.31,8842,79,2,4578.85,2518.37,2025-11
2025-11-15,Affiliate_Prospecting,Affiliate,Prospecting,2219.58,4518,153,6,14139.28,7776.6,2025-11
2025-11-15,Affiliate_Retention,Affiliate,Retention,2678.89,7233,191,4,6900.15,3795.08,2025-11
2025-11-16,Search_Prospecting,Search,Prospecting,5818.65,6250,227,11,28127.62,15470.19,2025-11
2025-11-16,Search_Retention,Search,Retention,16110.87,15858,532,39,78378.11,43107.96,2025-11
2025-11-16,Social_Prospecting,Social,Prospecting,5166.26,12161,265,6,10421.19,5731.65,2025-11
2025-11-16,Social_Retention,Social,Retention,4041.65,8945,209,9,22868.43,12577.64,2025-11
2025-11-16,Email_Prospecting,Email,Prospecting,1896.02,7099,487,36,82494.78,45372.13,2025-11
2025-11-16,Email_Retention,Email,Retention,3677.88,13583,904,80,170035.54,93519.55,2025-11
2025-11-16,Display_Prospecting,Display,Prospecting,2252.29,17583,145,4,9359.52,5147.74,2025-11
2025-11-16,Display_Retention,Display,Retention,982.86,7785,59,1,2451.88,1348.53,2025-11
2025-11-16,Affiliate_Prospecting,Affiliate,Prospecting,5603.66,13726,348,14,28164.18,15490.3,2025-11
2025-11-16,Affiliate_Retention,Affiliate,Retention,6196.15,15838,413,25,59105.4,32507.97,2025-11
2025-11-17,Search_Prospecting,Search,Prospecting,9805.04,9985,338,17,43221.63,23771.9,2025-11
2025-11-17,Search_Retention,Search,Retention,4334.59,4493,143,10,22829.98,12556.49,2025-11
2025-11-17,Social_Prospecting,Social,Prospecting,6005.74,13427,286,5,12349.38,6792.16,2025-11
2025-11-17,Social_Retention,Social,Retention,6675.19,15244,362,15,31629.66,17396.31,2025-11
2025-11-17,Email_Prospecting,Email,Prospecting,4605.0,15451,1102,76,148051.59,81428.37,2025-11
2025-11-17,Email_Retention,Email,Retention,3827.5,13555,905,95,242064.71,133135.59,2025-11
2025-11-17,Display_Prospecting,Display,Prospecting,1005.85,6465,57,2,3407.02,1873.86,2025-11
2025-11-17,Display_Retention,Display,Retention,1623.2,11969,87,1,2326.62,1279.64,2025-11
2025-11-17,Affiliate_Prospecting,Affiliate,Prospecting,3093.78,7628,215,12,24530.99,13492.04,2025-11
2025-11-17,Affiliate_Retention,Affiliate,Retention,6043.23,15556,394,23,43711.18,24041.15,2025-11
2025-11-18,Search_Prospecting,Search,Prospecting,15981.42,16060,546,27,46643.54,25653.95,2025-11
2025-11-18,Search_Retention,Search,Retention,11884.69,12610,431,21,44350.81,24392.95,2025-11
2025-11-18,Social_Prospecting,Social,Prospecting,5601.39,13361,303,2,4705.55,2588.05,2025-11
2025-11-18,Social_Retention,Social,Retention,8206.26,16905,388,18,32084.47,17646.46,2025-11
2025-11-18,Email_Prospecting,Email,Prospecting,2205.52,7998,570,49,115277.36,63402.55,2025-11
2025-11-18,Email_Retention,Email,Retention,1854.16,7765,501,42,82842.29,45563.26,2025-11
2025-11-18,Display_Prospecting,Display,Prospecting,907.5,6761,53,0,0.0,0.0,2025-11
2025-11-18,Display_Retention,Display,Retention,961.1,6574,53,0,0.0,0.0,2025-11
2025-11-18,Affiliate_Prospecting,Affiliate,Prospecting,6805.76,17652,465,22,38550.17,21202.59,2025-11
2025-11-18,Affiliate_Retention,Affiliate,Retention,6545.6,15114,402,19,48942.95,26918.62,2025-11
2025-11-19,Search_Prospecting,Search,Prospecting,5105.88,5246,179,11,20545.1,11299.81,2025-11
2025-11-19,Search_Retention,Search,Retention,4974.66,6011,196,10,19185.39,10551.96,2025-11
2025-11-19,Social_Prospecting,Social,Prospecting,5884.85,12963,273,7,15489.73,8519.35,2025-11
2025-11-19,Social_Retention,Social,Retention,5474.51,10727,255,6,14273.05,7850.18,2025-11
2025-11-19,Email_Prospecting,Email,Prospecting,3969.74,14851,1010,74,141004.15,77552.28,2025-11
2025-11-19,Email_Retention,Email,Retention,2819.89,10263,693,51,88513.84,48682.61,2025-11
2025-11-19,Display_Prospecting,Display,Prospecting,1805.79,12456,104,3,7680.09,4224.05,2025-11
2025-11-19,Display_Retention,Display,Retention,1527.22,9362,90,3,5971.27,3284.2,2025-11
2025-11-19,Affiliate_Prospecting,Affiliate,Prospecting,7467.1,16864,455,16,30914.21,17002.82,2025-11
2025-11-19,Affiliate_Retention,Affiliate,Retention,2238.16,4773,138,6,11074.78,6091.13,2025-11
2025-11-20,Search_Prospecting,Search,Prospecting,11509.16,10589,376,14,28597.71,15728.74,2025-11
2025-11-20,Search_Retention,Search,Retention,8499.42,7976,306,17,38843.93,21364.16,2025-11
2025-11-20,Social_Prospecting,Social,Prospecting,7952.13,16726,380,11,19810.07,10895.54,2025-11
2025-11-20,Social_Retention,Social,Retention,4189.86,8105,192,10,17075.22,9391.37,2025-11
2025-11-20,Email_Prospecting,Email,Prospecting,4655.31,16062,1136,95,239833.86,131908.62,2025-11
2025-11-20,Email_Retention,Email,Retention,2994.39,9382,733,57,97651.02,53708.06,2025-11
2025-11-20,Display_Prospecting,Display,Prospecting,726.02,4807,41,1,2285.71,1257.14,2025-11
2025-11-20,Display_Retention,Display,Retention,1298.22,7336,77,0,0.0,0.0,2025-11
2025-11-20,Affiliate_Prospecting,Affiliate,Prospecting,5271.44,11724,344,21,44846.18,24665.4,2025-11
2025-11-20,Affiliate_Retention,Affiliate,Retention,3662.43,7482,227,10,22417.53,12329.64,2025-11
2025-11-21,Search_Prospecting,Search,Prospecting,4950.52,4729,168,12,24218.89,13320.39,2025-11
2025-11-21,Search_Retention,Search,Retention,15146.8,16460,536,43,80111.73,44061.45,2025-11
2025-11-21,Social_Prospecting,Social,Prospecting,4667.97,10874,240,9,21689.93,11929.46,2025-11
2025-11-21,Social_Retention,Social,Retention,4341.51,9769,233,6,13808.67,7594.77,2025-11
2025-11-21,Email_Prospecting,Email,Prospecting,4655.87,15901,1118,94,218701.17,120285.64,2025-11
2025-11-21,Email_Retention,Email,Retention,4939.13,16759,1129,90,176129.84,96871.41,2025-11
2025-11-21,Display_Prospecting,Display,Prospecting,2094.08,11090,119,2,4097.99,2253.89,2025-11
2025-11-21,Display_Retention,Display,Retention,2884.94,16774,160,3,7581.33,4169.73,2025-11
2025-11-21,Affiliate_Prospecting,Affiliate,Prospecting,4643.32,12602,331,15,33017.08,18159.39,2025-11
2025-11-21,Affiliate_Retention,Affiliate,Retention,7330.24,17652,458,21,52155.24,28685.38,2025-11
2025-11-22,Search_Prospecting,Search,Prospecting,10506.1,11663,410,32,57117.09,31414.4,2025-11
2025-11-22,Search_Retention,Search,Retention,15254.18,14302,546,42,102199.58,56209.77,2025-11
2025-11-22,Social_Prospecting,Social,Prospecting,3624.12,8286,189,6,14723.1,8097.71,2025-11
2025-11-22,Social_Retention,Social,Retention,4306.24,8604,197,11,25231.59,13877.37,2025-11
2025-11-22,Email_Prospecting,Email,Prospecting,4127.12,14149,975,72,175467.99,96507.39,2025-11
2025-11-22,Email_Retention,Email,Retention,4486.91,16997,1163,107,222672.16,122469.69,2025-11
2025-11-22,Display_Prospecting,Display,Prospecting,2186.11,14992,142,2,3457.53,1901.64,2025-11
2025-11-22,Display_Retention,Display,Retention,1395.03,10222,89,3,6370.11,3503.56,2025-11
2025-11-22,Affiliate_Prospecting,Affiliate,Prospecting,3736.93,10007,271,23,49264.13,27095.27,2025-11
2025-11-22,Affiliate_Retention,Affiliate,Retention,5287.37,12464,343,14,24076.21,13241.92,2025-11
2025-11-23,Search_Prospecting,Search,Prospecting,14771.37,13375,495,39,84373.53,46405.44,2025-11
2025-11-23,Search_Retention,Search,Retention,15620.59,14375,549,34,77011.32,42356.23,2025-11
2025-11-23,Social_Prospecting,Social,Prospecting,4335.99,8500,205,5,10006.57,5503.61,2025-11
2025-11-23,Social_Retention,Social,Retention,6732.26,17170,367,13,26219.24,14420.58,2025-11
2025-11-23,Email_Prospecting,Email,Prospecting,2668.1,9848,716,48,87297.46,48013.6,2025-11
2025-11-23,Email_Retention,Email,Retention,1720.3,5863,442,36,78047.24,42925.98,2025-11
2025-11-23,Display_Prospecting,Display,Prospecting,1389.31,8769,82,3,7139.65,3926.81,2025-11
2025-11-23,Display_Retention,Display,Retention,2555.5,17908,167,6,14923.45,8207.9,2025-11
2025-11-23,Affiliate_Prospecting,Affiliate,Prospecting,6410.67,16700,468,18,45482.99,25015.64,2025-11
2025-11-23,Affiliate_Retention,Affiliate,Retention,4271.53,10967,298,14,27732.08,15252.64,2025-11
2025-11-24,Search_Prospecting,Search,Prospecting,9482.7,9887,339,24,47819.79,26300.88,2025-11
2025-11-24,Search_Retention,Search,Retention,7416.43,7234,263,19,32375.48,17806.51,2025-11
2025-11-24,Social_Prospecting,Social,Prospecting,8362.7,17738,432,17,36708.35,20189.59,2025-11
2025-11-24,Social_Retention,Social,Retention,2181.4,5064,105,2,3673.7,2020.54,2025-11
2025-11-24,Email_Prospecting,Email,Prospecting,2020.39,7231,493,28,60427.05,33234.88,2025-11
2025-11-24,Email_Retention,Email,Retention,1512.89,5473,376,25,42514.91,23383.2,2025-11
2025-11-24,Display_Prospecting,Display,Prospecting,2010.05,13847,118,2,4235.26,2329.39,2025-11
2025-11-24,Display_Retention,Display,Retention,1214.53,6830,69,0,0.0,0.0,2025-11
2025-11-24,Affiliate_Prospecting,Affiliate,Prospecting,5919.1,13079,369,22,56496.33,31072.98,2025-11
2025-11-24,Affiliate_Retention,Affiliate,Retention,4194.99,8558,269,13,22024.57,12113.51,2025-11
2025-11-25,Search_Prospecting,Search,Prospecting,12552.16,12438,414,25,56428.65,31035.76,2025-11
2025-11-25,Search_Retention,Search,Retention,19996.02,17914,654,41,80762.05,44419.13,2025-11
2025-11-25,Social_Prospecting,Social,Prospecting,2495.68,5990,130,2,4905.38,2697.96,2025-11
2025-11-25,Social_Retention,Social,Retention,4891.67,12705,249,7,17623.84,9693.11,2025-11
2025-11-25,Email_Prospecting,Email,Prospecting,3883.72,12626,892,64,145420.62,79981.34,2025-11
2025-11-25,Email_Retention,Email,Retention,4035.39,13395,956,89,155776.61,85677.14,2025-11
2025-11-25,Display_Prospecting,Display,Prospecting,1043.77,7560,65,1,1704.12,937.27,2025-11
2025-11-25,Display_Retention,Display,Retention,1208.7,9702,73,1,2563.11,1409.71,2025-11
2025-11-25,Affiliate_Prospecting,Affiliate,Prospecting,2651.2,5929,166,10,19198.61,10559.24,2025-11
2025-11-25,Affiliate_Retention,Affiliate,Retention,4714.76,10685,298,15,29324.54,16128.5,2025-11
2025-11-26,Search_Prospecting,Search,Prospecting,8637.62,9375,331,31,57364.09,31550.25,2025-11
2025-11-26,Search_Retention,Search,Retention,10581.66,10779,369,16,35574.34,19565.89,2025-11
2025-11-26,Social_Prospecting,Social,Prospecting,4313.06,9678,235,5,8879.89,4883.94,2025-11
2025-11-26,Social_Retention,Social,Retention,3843.94,8497,208,10,25616.06,14088.83,2025-11
2025-11-26,Email_Prospecting,Email,Prospecting,2967.79,11078,779,67,160660.63,88363.35,2025-11
2025-11-26,Email_Retention,Email,Retention,4769.38,15666,1128,107,244928.12,134710.47,2025-11
2025-11-26,Display_Prospecting,Display,Prospecting,997.99,6425,60,3,6866.24,3776.43,2025-11
2025-11-26,Display_Retention,Display,Retention,1966.98,12047,111,2,3649.15,2007.03,2025-11
2025-11-26,Affiliate_Prospecting,Affiliate,Prospecting,3941.72,8539,242,21,49345.45,27140.0,2025-11
2025-11-26,Affiliate_Retention,Affiliate,Retention,4525.91,11048,276,16,27490.41,15119.73,2025-11
2025-11-27,Search_Prospecting,Search,Prospecting,14000.41,14755,519,24,52968.17,29132.49,2025-11
2025-11-27,Search_Retention,Search,Retention,5467.69,6428,195,17,30451.18,16748.15,2025-11
2025-11-27,Social_Prospecting,Social,Prospecting,3614.39,7268,171,3,7245.26,3984.89,2025-11
2025-11-27,Social_Retention,Social,Retention,5400.06,13933,293,8,14633.68,8048.52,2025-11
2025-11-27,Email_Prospecting,Email,Prospecting,4301.73,14812,997,82,207873.34,114330.34,2025-11
2025-11-27,Email_Retention,Email,Retention,3112.23,10923,793,68,155976.25,85786.94,2025-11
2025-11-27,Display_Prospecting,Display,Prospecting,1641.89,12661,99,1,2418.68,1330.27,2025-11
2025-11-27,Display_Retention,Display,Retention,1939.24,13334,114,3,5146.53,2830.59,2025-11
2025-11-27,Affiliate_Prospecting,Affiliate,Prospecting,3918.21,8999,247,9,16048.42,8826.63,2025-11
2025-11-27,Affiliate_Retention,Affiliate,Retention,2609.72,6815,185,8,13540.07,7447.04,2025-11
2025-11-28,Search_Prospecting,Search,Prospecting,5411.8,5583,191,8,16311.9,8971.55,2025-11
2025-11-28,Search_Retention,Search,Retention,6889.05,7871,256,16,38324.11,21078.26,2025-11
2025-11-28,Social_Prospecting,Social,Prospecting,6308.48,13871,327,9,18061.67,9933.92,2025-11
2025-11-28,Social_Retention,Social,Retention,2056.83,4408,103,5,11171.91,6144.55,2025-11
2025-11-28,Email_Prospecting,Email,Prospecting,2549.07,8934,637,42,74165.8,40791.19,2025-11
2025-11-28,Email_Retention,Email,Retention,3081.73,10838,718,55,104261.44,57343.79,2025-11
2025-11-28,Display_Prospecting,Display,Prospecting,2213.32,15384,123,2,4064.32,2235.38,2025-11
2025-11-28,Display_Retention,Display,Retention,1880.49,13625,118,0,0.0,0.0,2025-11
2025-11-28,Affiliate_Prospecting,Affiliate,Prospecting,4463.1,11462,290,12,29911.78,16451.48,2025-11
2025-11-28,Affiliate_Retention,Affiliate,Retention,4669.33,12348,337,18,43031.33,23667.23,2025-11
2025-11-29,Search_Prospecting,Search,Prospecting,10673.2,9930,348,15,33002.65,18151.46,2025-11
2025-11-29,Search_Retention,Search,Retention,14077.42,16392,552,43,110140.08,60577.04,2025-11
2025-11-29,Social_Prospecting,Social,Prospecting,4623.72,7732,214,4,7040.69,3872.38,2025-11
2025-11-29,Social_Retention,Social,Retention,7667.62,16828,382,16,31042.8,17073.54,2025-11
2025-11-29,Email_Prospecting,Email,Prospecting,1873.63,7693,513,31,78384.77,43111.62,2025-11
2025-11-29,Email_Retention,Email,Retention,3381.08,11340,798,68,120074.48,66040.96,2025-11
2025-11-29,Display_Prospecting,Display,Prospecting,716.97,6245,41,0,0.0,0.0,2025-11
2025-11-29,Display_Retention,Display,Retention,1763.92,12514,110,1,2470.15,1358.58,2025-11
2025-11-29,Affiliate_Prospecting,Affiliate,Prospecting,2402.18,5178,148,8,19037.48,10470.61,2025-11
2025-11-29,Affiliate_Retention,Affiliate,Retention,2700.12,6026,172,8,19011.22,10456.17,2025-11
2025-11-30,Search_Prospecting,Search,Prospecting,10757.83,10669,353,17,36996.4,20348.02,2025-11
2025-11-30,Search_Retention,Search,Retention,15103.32,15060,504,36,70931.56,39012.36,2025-11
2025-11-30,Social_Prospecting,Social,Prospecting,2769.59,6946,141,4,9407.49,5174.12,2025-11
2025-11-30,Social_Retention,Social,Retention,3927.35,8070,179,7,16845.75,9265.16,2025-11
2025-11-30,Email_Prospecting,Email,Prospecting,2478.38,8693,590,40,74267.45,40847.1,2025-11
2025-11-30,Email_Retention,Email,Retention,1473.64,4935,349,29,60361.61,33198.89,2025-11
2025-11-30,Display_Prospecting,Display,Prospecting,851.39,5770,53,1,2402.59,1321.42,2025-11
2025-11-30,Display_Retention,Display,Retention,1694.33,11552,93,1,1928.59,1060.72,2025-11
2025-11-30,Affiliate_Prospecting,Affiliate,Prospecting,4192.92,11334,280,12,26286.81,14457.75,2025-11
2025-11-30,Affiliate_Retention,Affiliate,Retention,5217.01,14076,373,11,20341.02,11187.56,2025-11
2025-12-01,Search_Prospecting,Search,Prospecting,15508.5,15563,571,32,57047.81,31376.3,2025-12
2025-12-01,Search_Retention,Search,Retention,12640.19,12894,432,27,52445.72,28845.15,2025-12
2025-12-01,Social_Prospecting,Social,Prospecting,3369.69,8956,177,5,12812.71,7046.99,2025-12
2025-12-01,Social_Retention,Social,Retention,6989.68,16201,347,18,42013.37,23107.35,2025-12
2025-12-01,Email_Prospecting,Email,Prospecting,1717.47,6149,398,29,65755.25,36165.39,2025-12
2025-12-01,Email_Retention,Email,Retention,3437.79,12011,824,77,131431.14,72287.13,2025-12
2025-12-01,Display_Prospecting,Display,Prospecting,2104.8,14338,135,1,2207.07,1213.89,2025-12
2025-12-01,Display_Retention,Display,Retention,2501.85,17525,156,3,6280.93,3454.51,2025-12
2025-12-01,Affiliate_Prospecting,Affiliate,Prospecting,3705.42,10098,259,5,10779.26,5928.59,2025-12
2025-12-01,Affiliate_Retention,Affiliate,Retention,3450.3,8312,219,15,32109.21,17660.07,2025-12
2025-12-02,Search_Prospecting,Search,Prospecting,11149.93,12737,413,22,48917.98,26904.89,2025-12
2025-12-02,Search_Retention,Search,Retention,10231.73,10004,337,18,32060.04,17633.02,2025-12
2025-12-02,Social_Prospecting,Social,Prospecting,4042.76,9710,206,9,21571.4,11864.27,2025-12
2025-12-02,Social_Retention,Social,Retention,7930.39,17574,388,11,18571.87,10214.53,2025-12
2025-12-02,Email_Prospecting,Email,Prospecting,3583.9,12814,959,71,136027.56,74815.16,2025-12
2025-12-02,Email_Retention,Email,Retention,2904.08,11212,791,75,135926.02,74759.31,2025-12
2025-12-02,Display_Prospecting,Display,Prospecting,633.57,4468,37,1,2067.64,1137.2,2025-12
2025-12-02,Display_Retention,Display,Retention,1546.69,9947,100,4,10029.45,5516.2,2025-12
2025-12-02,Affiliate_Prospecting,Affiliate,Prospecting,3248.72,7661,213,12,20364.66,11200.56,2025-12
2025-12-02,Affiliate_Retention,Affiliate,Retention,2362.85,5943,163,9,21241.93,11683.06,2025-12
2025-12-03,Search_Prospecting,Search,Prospecting,12175.94,12060,419,30,59055.1,32480.31,2025-12
2025-12-03,Search_Retention,Search,Retention,17178.51,15945,578,32,71247.55,39186.15,2025-12
2025-12-03,Social_Prospecting,Social,Prospecting,8027.35,17837,398,13,32690.73,17979.9,2025-12
2025-12-03,Social_Retention,Social,Retention,6282.79,12865,302,11,19125.89,10519.24,2025-12
2025-12-03,Email_Prospecting,Email,Prospecting,4608.11,15689,1101,74,139602.52,76781.39,2025-12
2025-12-03,Email_Retention,Email,Retention,4323.38,13711,990,95,229206.39,126063.51,2025-12
2025-12-03,Display_Prospecting,Display,Prospecting,1901.92,11600,116,0,0.0,0.0,2025-12
2025-12-03,Display_Retention,Display,Retention,793.96,5097,47,1,2146.1,1180.36,2025-12
2025-12-03,Affiliate_Prospecting,Affiliate,Prospecting,5673.01,14906,414,27,59535.33,32744.43,2025-12
2025-12-03,Affiliate_Retention,Affiliate,Retention,3865.96,9180,245,13,33228.61,18275.74,2025-12
2025-12-04,Search_Prospecting,Search,Prospecting,14947.4,15812,533,25,60966.33,33531.48,2025-12
2025-12-04,Search_Retention,Search,Retention,9746.13,10910,382,20,51274.18,28200.8,2025-12
2025-12-04,Social_Prospecting,Social,Prospecting,7245.41,17984,394,9,16707.92,9189.36,2025-12
2025-12-04,Social_Retention,Social,Retention,2906.32,6504,151,7,17657.66,9711.71,2025-12
2025-12-04,Email_Prospecting,Email,Prospecting,4531.08,17020,1157,98,238597.19,131228.45,2025-12
2025-12-04,Email_Retention,Email,Retention,2298.26,7959,549,57,123496.67,67923.17,2025-12
2025-12-04,Display_Prospecting,Display,Prospecting,1448.43,7779,83,0,0.0,0.0,2025-12
2025-12-04,Display_Retention,Display,Retention,1257.73,7705,77,2,3492.63,1920.95,2025-12
2025-12-04,Affiliate_Prospecting,Affiliate,Prospecting,2895.62,7717,205,10,24256.45,13341.05,2025-12
2025-12-04,Affiliate_Retention,Affiliate,Retention,3992.22,9734,246,12,29610.51,16285.78,2025-12
2025-12-05,Search_Prospecting,Search,Prospecting,12209.5,13900,451,28,59335.59,32634.57,2025-12
2025-12-05,Search_Retention,Search,Retention,16193.67,16095,562,45,83094.31,45701.87,2025-12
2025-12-05,Social_Prospecting,Social,Prospecting,2284.48,4849,114,4,8082.43,4445.34,2025-12
2025-12-05,Social_Retention,Social,Retention,4598.43,9935,211,12,29625.72,16294.15,2025-12
2025-12-05,Email_Prospecting,Email,Prospecting,1776.17,5795,415,19,35339.78,19436.88,2025-12
2025-12-05,Email_Retention,Email,Retention,4785.58,16379,1171,117,293716.84,161544.26,2025-12
2025-12-05,Display_Prospecting,Display,Prospecting,1685.64,10297,97,2,4472.3,2459.77,2025-12
2025-12-05,Display_Retention,Display,Retention,1572.16,9854,89,4,7126.13,3919.37,2025-12
2025-12-05,Affiliate_Prospecting,Affiliate,Prospecting,2605.3,6758,169,9,20287.34,11158.04,2025-12
2025-12-05,Affiliate_Retention,Affiliate,Retention,2231.22,5044,151,7,17967.25,9881.99,2025-12
2025-12-06,Search_Prospecting,Search,Prospecting,4724.88,4878,172,7,15782.63,8680.45,2025-12
2025-12-06,Search_Retention,Search,Retention,11483.5,11768,401,29,55400.7,30470.39,2025-12
2025-12-06,Social_Prospecting,Social,Prospecting,7308.98,15412,350,12,29140.05,16027.03,2025-12
2025-12-06,Social_Retention,Social,Retention,2704.86,6620,145,6,10862.77,5974.52,2025-12
2025-12-06,Email_Prospecting,Email,Prospecting,2311.07,8929,634,45,98425.36,54133.95,2025-12
2025-12-06,Email_Retention,Email,Retention,2430.16,9362,668,49,104764.03,57620.22,2025-12
2025-12-06,Display_Prospecting,Display,Prospecting,2351.32,14025,131,6,14220.11,7821.06,2025-12
2025-12-06,Display_Retention,Display,Retention,2752.65,17556,157,3,7156.95,3936.32,2025-12
2025-12-06,Affiliate_Prospecting,Affiliate,Prospecting,2365.75,5390,167,8,18994.5,10446.98,2025-12
2025-12-06,Affiliate_Retention,Affiliate,Retention,4107.92,9692,258,9,22854.08,12569.74,2025-12
2025-12-07,Search_Prospecting,Search,Prospecting,15102.43,16330,567,28,58765.58,32321.07,2025-12
2025-12-07,Search_Retention,Search,Retention,5086.54,5319,172,5,11687.65,6428.21,2025-12
2025-12-07,Social_Prospecting,Social,Prospecting,2688.44,6422,134,5,8986.0,4942.3,2025-12
2025-12-07,Social_Retention,Social,Retention,7319.05,16116,337,11,26698.33,14684.08,2025-12
2025-12-07,Email_Prospecting,Email,Prospecting,4218.67,13233,992,75,150239.28,82631.6,2025-12
2025-12-07,Email_Retention,Email,Retention,4444.82,14132,1039,86,211302.68,116216.47,2025-12
2025-12-07,Display_Prospecting,Display,Prospecting,628.39,4063,39,2,4435.81,2439.7,2025-12
2025-12-07,Display_Retention,Display,Retention,822.8,5387,44,0,0.0,0.0,2025-12
2025-12-07,Affiliate_Prospecting,Affiliate,Prospecting,6757.49,16839,442,17,38163.39,20989.86,2025-12
2025-12-07,Affiliate_Retention,Affiliate,Retention,5196.93,13594,342,14,35060.52,19283.29,2025-12
2025-12-08,Search_Prospecting,Search,Prospecting,10753.98,11362,397,23,53702.04,29536.12,2025-12
2025-12-08,Search_Retention,Search,Retention,15730.63,16781,610,48,95833.74,52708.56,2025-12
2025-12-08,Social_Prospecting,Social,Prospecting,6651.99,14054,330,9,21318.75,11725.31,2025-12
2025-12-08,Social_Retention,Social,Retention,5995.34,12826,278,13,32885.12,18086.82,2025-12
2025-12-08,Email_Prospecting,Email,Prospecting,4688.52,14722,1097,79,186808.71,102744.79,2025-12
2025-12-08,Email_Retention,Email,Retention,2773.11,10407,719,62,129594.11,71276.76,2025-12
2025-12-08,Display_Prospecting,Display,Prospecting,1466.38,10184,95,0,0.0,0.0,2025-12
2025-12-08,Display_Retention,Display,Retention,1389.03,8745,87,0,0.0,0.0,2025-12
2025-12-08,Affiliate_Prospecting,Affiliate,Prospecting,2172.64,5382,157,7,16161.98,8889.09,2025-12
2025-12-08,Affiliate_Retention,Affiliate,Retention,8154.57,17246,530,23,41770.97,22974.03,2025-12
2025-12-09,Search_Prospecting,Search,Prospecting,4817.11,5433,178,6,14052.15,7728.68,2025-12
2025-12-09,Search_Retention,Search,Retention,6081.06,5764,211,16,39413.55,21677.45,2025-12
2025-12-09,Social_Prospecting,Social,Prospecting,7195.12,15841,342,7,13516.06,7433.83,2025-12
2025-12-09,Social_Retention,Social,Retention,4824.14,11962,263,9,18721.06,10296.58,2025-12
2025-12-09,Email_Prospecting,Email,Prospecting,1746.6,5951,407,27,58394.43,32116.94,2025-12
2025-12-09,Email_Retention,Email,Retention,4326.76,15365,1087,89,177102.27,97406.25,2025-12
2025-12-09,Display_Prospecting,Display,Prospecting,1372.59,8947,83,3,6109.62,3360.29,2025-12
2025-12-09,Display_Retention,Display,Retention,2415.05,13221,134,2,4420.63,2431.35,2025-12
2025-12-09,Affiliate_Prospecting,Affiliate,Prospecting,5171.73,13316,367,10,21638.39,11901.11,2025-12
2025-12-09,Affiliate_Retention,Affiliate,Retention,6143.79,17074,453,22,46325.36,25478.95,2025-12
2025-12-10,Search_Prospecting,Search,Prospecting,5502.2,6331,214,8,20140.94,11077.52,2025-12
2025-12-10,Search_Retention,Search,Retention,12714.9,13047,492,31,55722.29,30647.26,2025-12
2025-12-10,Social_Prospecting,Social,Prospecting,4660.45,10663,252,4,9377.13,5157.42,2025-12
2025-12-10,Social_Retention,Social,Retention,6715.51,14930,351,14,30866.57,16976.61,2025-12
2025-12-10,Email_Prospecting,Email,Prospecting,4415.69,16213,1109,96,236394.6,130017.03,2025-12
2025-12-10,Email_Retention,Email,Retention,2572.25,10132,691,56,107969.76,59383.37,2025-12
2025-12-10,Display_Prospecting,Display,Prospecting,2749.57,17880,163,4,10199.06,5609.48,2025-12
2025-12-10,Display_Retention,Display,Retention,940.8,5739,53,1,1863.42,1024.88,2025-12
2025-12-10,Affiliate_Prospecting,Affiliate,Prospecting,3508.39,9257,252,9,17704.52,9737.49,2025-12
2025-12-10,Affiliate_Retention,Affiliate,Retention,4184.99,10776,292,16,38684.63,21276.55,2025-12
2025-12-11,Search_Prospecting,Search,Prospecting,7757.39,7139,263,22,51386.75,28262.71,2025-12
2025-12-11,Search_Retention,Search,Retention,9318.22,10806,333,17,40977.49,22537.62,2025-12
2025-12-11,Social_Prospecting,Social,Prospecting,3235.69,7702,171,3,6615.87,3638.73,2025-12
2025-12-11,Social_Retention,Social,Retention,7427.45,16033,369,14,30047.8,16526.29,2025-12
2025-12-11,Email_Prospecting,Email,Prospecting,4606.87,15839,1084,94,224296.53,123363.09,2025-12
2025-12-11,Email_Retention,Email,Retention,1780.55,6650,454,34,71063.89,39085.14,2025-12
2025-12-11,Display_Prospecting,Display,Prospecting,1281.47,10054,69,0,0.0,0.0,2025-12
2025-12-11,Display_Retention,Display,Retention,1480.02,11074,84,4,8181.02,4499.56,2025-12
2025-12-11,Affiliate_Prospecting,Affiliate,Prospecting,5955.41,17388,438,21,37321.27,20526.7,2025-12
2025-12-11,Affiliate_Retention,Affiliate,Retention,4443.7,11612,284,14,23541.54,12947.85,2025-12
2025-12-12,Search_Prospecting,Search,Prospecting,11787.68,11643,398,22,49368.05,27152.43,2025-12
2025-12-12,Search_Retention,Search,Retention,15728.45,15104,519,29,72086.77,39647.72,2025-12
2025-12-12,Social_Prospecting,Social,Prospecting,7351.04,15571,338,8,15236.9,8380.3,2025-12
2025-12-12,Social_Retention,Social,Retention,4234.24,10790,218,6,11805.21,6492.87,2025-12
2025-12-12,Email_Prospecting,Email,Prospecting,2664.97,10246,707,57,117739.56,64756.76,2025-12
2025-12-12,Email_Retention,Email,Retention,4921.27,17726,1246,113,242287.01,133257.86,2025-12
2025-12-12,Display_Prospecting,Display,Prospecting,740.1,4443,40,1,2166.51,1191.58,2025-12
2025-12-12,Display_Retention,Display,Retention,1591.08,10238,95,6,10967.58,6032.17,2025-12
2025-12-12,Affiliate_Prospecting,Affiliate,Prospecting,4168.91,10983,275,11,25689.32,14129.13,2025-12
2025-12-12,Affiliate_Retention,Affiliate,Retention,6497.47,15680,413,19,33896.7,18643.19,2025-12
2025-12-13,Search_Prospecting,Search,Prospecting,8316.37,8879,326,21,49908.4,27449.62,2025-12
2025-12-13,Search_Retention,Search,Retention,10559.36,10974,401,32,76719.79,42195.88,2025-12
2025-12-13,Social_Prospecting,Social,Prospecting,5410.21,12291,291,7,12975.67,7136.62,2025-12
2025-12-13,Social_Retention,Social,Retention,2912.63,6628,147,6,10325.1,5678.81,2025-12
2025-12-13,Email_Prospecting,Email,Prospecting,1357.08,4521,340,25,54766.38,30121.51,2025-12
2025-12-13,Email_Retention,Email,Retention,5321.67,17145,1212,128,278204.32,153012.38,2025-12
2025-12-13,Display_Prospecting,Display,Prospecting,1476.3,10253,91,1,2491.21,1370.17,2025-12
2025-12-13,Display_Retention,Display,Retention,1935.19,13498,120,2,4847.12,2665.92,2025-12
2025-12-13,Affiliate_Prospecting,Affiliate,Prospecting,3465.56,8499,224,16,39325.04,21628.77,2025-12
2025-12-13,Affiliate_Retention,Affiliate,Retention,6497.03,16849,467,28,68111.46,37461.3,2025-12
2025-12-14,Search_Prospecting,Search,Prospecting,11626.36,10994,382,25,49888.4,27438.62,2025-12
2025-12-14,Search_Retention,Search,Retention,12975.56,14567,498,41,96058.36,52832.1,2025-12
2025-12-14,Social_Prospecting,Social,Prospecting,5049.59,11212,237,8,15928.22,8760.52,2025-12
2025-12-14,Social_Retention,Social,Retention,5793.73,14136,292,10,24682.51,13575.38,2025-12
2025-12-14,Email_Prospecting,Email,Prospecting,2056.67,7354,474,42,105758.92,58167.41,2025-12
2025-12-14,Email_Retention,Email,Retention,1775.73,5904,410,34,63670.31,35018.67,2025-12
2025-12-14,Display_Prospecting,Display,Prospecting,1213.68,9205,79,2,4512.13,2481.67,2025-12
2025-12-14,Display_Retention,Display,Retention,1370.98,10451,87,3,5177.93,2847.86,2025-12
2025-12-14,Affiliate_Prospecting,Affiliate,Prospecting,4092.96,10004,287,19,36519.23,20085.58,2025-12
2025-12-14,Affiliate_Retention,Affiliate,Retention,4549.15,10941,321,16,34205.95,18813.27,2025-12
2025-12-15,Search_Prospecting,Search,Prospecting,4837.27,5142,182,12,22267.05,12246.88,2025-12
2025-12-15,Search_Retention,Search,Retention,13305.77,13556,470,34,75401.01,41470.56,2025-12
2025-12-15,Social_Prospecting,Social,Prospecting,5134.5,10848,241,4,10235.09,5629.3,2025-12
2025-12-15,Social_Retention,Social,Retention,4974.66,11434,265,11,21641.54,11902.85,2025-12
2025-12-15,Email_Prospecting,Email,Prospecting,4193.62,14216,1004,67,127104.62,69907.54,2025-12
2025-12-15,Email_Retention,Email,Retention,4778.09,17159,1270,104,233293.02,128311.16,2025-12
2025-12-15,Display_Prospecting,Display,Prospecting,1623.71,10418,103,1,1982.82,1090.55,2025-12
2025-12-15,Display_Retention,Display,Retention,936.16,7208,59,2,3508.56,1929.71,2025-12
2025-12-15,Affiliate_Prospecting,Affiliate,Prospecting,7091.06,16241,432,18,43017.34,23659.54,2025-12
2025-12-15,Affiliate_Retention,Affiliate,Retention,1628.02,4360,117,2,4308.72,2369.8,2025-12
2025-12-16,Search_Prospecting,Search,Prospecting,4504.9,5134,178,11,28036.63,15420.15,2025-12
2025-12-16,Search_Retention,Search,Retention,5170.4,5074,184,12,24675.98,13571.79,2025-12
2025-12-16,Social_Prospecting,Social,Prospecting,3827.13,8142,185,1,2233.08,1228.19,2025-12
2025-12-16,Social_Retention,Social,Retention,4639.14,10808,233,7,15729.88,8651.43,2025-12
2025-12-16,Email_Prospecting,Email,Prospecting,3303.09,11306,780,57,119443.79,65694.08,2025-12
2025-12-16,Email_Retention,Email,Retention,2015.31,7022,490,54,99668.38,54817.61,2025-12
2025-12-16,Display_Prospecting,Display,Prospecting,879.59,5641,49,1,2003.02,1101.66,2025-12
2025-12-16,Display_Retention,Display,Retention,1645.4,9153,97,2,4420.52,2431.29,2025-12
2025-12-16,Affiliate_Prospecting,Affiliate,Prospecting,2996.06,7921,207,8,15554.89,8555.19,2025-12
2025-12-16,Affiliate_Retention,Affiliate,Retention,5960.73,16517,411,16,30470.55,16758.8,2025-12
2025-12-17,Search_Prospecting,Search,Prospecting,7021.32,8213,253,12,22816.14,12548.88,2025-12
2025-12-17,Search_Retention,Search,Retention,15847.37,14422,543,44,104433.93,57438.66,2025-12
2025-12-17,Social_Prospecting,Social,Prospecting,6064.79,13048,289,5,10528.2,5790.51,2025-12
2025-12-17,Social_Retention,Social,Retention,3565.72,8750,193,6,13786.4,7582.52,2025-12
2025-12-17,Email_Prospecting,Email,Prospecting,2254.83,8787,573,29,60744.36,33409.4,2025-12
2025-12-17,Email_Retention,Email,Retention,4220.74,14326,1024,85,214606.81,118033.75,2025-12
2025-12-17,Display_Prospecting,Display,Prospecting,2001.63,13990,123,2,5107.36,2809.05,2025-12
2025-12-17,Display_Retention,Display,Retention,2648.17,15494,152,6,10975.55,6036.55,2025-12
2025-12-17,Affiliate_Prospecting,Affiliate,Prospecting,2221.1,4621,140,8,16895.41,9292.48,2025-12
2025-12-17,Affiliate_Retention,Affiliate,Retention,6068.19,15441,391,19,35845.83,19715.21,2025-12
2025-12-18,Search_Prospecting,Search,Prospecting,10841.96,10083,361,25,43977.85,24187.82,2025-12
2025-12-18,Search_Retention,Search,Retention,10144.54,10305,378,18,40088.46,22048.65,2025-12
2025-12-18,Social_Prospecting,Social,Prospecting,7910.53,17885,425,11,20400.36,11220.2,2025-12
2025-12-18,Social_Retention,Social,Retention,6371.05,15121,303,6,11788.3,6483.57,2025-12
2025-12-18,Email_Prospecting,Email,Prospecting,3854.22,15806,1067,75,161967.56,89082.16,2025-12
2025-12-18,Email_Retention,Email,Retention,3071.27,11520,811,86,144593.52,79526.44,2025-12
2025-12-18,Display_Prospecting,Display,Prospecting,2524.38,17527,146,1,1793.32,986.33,2025-12
2025-12-18,Display_Retention,Display,Retention,1170.98,7300,67,1,2521.3,1386.72,2025-12
2025-12-18,Affiliate_Prospecting,Affiliate,Prospecting,3081.69,7422,190,9,15344.6,8439.53,2025-12
2025-12-18,Affiliate_Retention,Affiliate,Retention,6692.57,17882,481,30,55146.61,30330.64,2025-12
2025-12-19,Search_Prospecting,Search,Prospecting,5906.55,5575,225,14,34987.4,19243.07,2025-12
2025-12-19,Search_Retention,Search,Retention,11063.02,12195,418,27,61417.7,33779.74,2025-12
2025-12-19,Social_Prospecting,Social,Prospecting,3852.37,9350,214,3,7473.7,4110.53,2025-12
2025-12-19,Social_Retention,Social,Retention,6870.33,13503,323,6,14440.15,7942.08,2025-12
2025-12-19,Email_Prospecting,Email,Prospecting,3705.98,13751,943,63,145117.96,79814.88,2025-12
2025-12-19,Email_Retention,Email,Retention,4266.01,16983,1138,95,226853.08,124769.19,2025-12
2025-12-19,Display_Prospecting,Display,Prospecting,2315.79,14798,142,2,4494.46,2471.95,2025-12
2025-12-19,Display_Retention,Display,Retention,860.81,5877,53,0,0.0,0.0,2025-12
2025-12-19,Affiliate_Prospecting,Affiliate,Prospecting,5942.38,16355,404,21,51441.71,28292.94,2025-12
2025-12-19,Affiliate_Retention,Affiliate,Retention,6056.32,14035,391,19,34298.16,18863.99,2025-12
2025-12-20,Search_Prospecting,Search,Prospecting,4093.12,4678,157,9,16911.17,9301.14,2025-12
2025-12-20,Search_Retention,Search,Retention,11343.22,11348,390,33,72454.44,39849.94,2025-12
2025-12-20,Social_Prospecting,Social,Prospecting,2634.24,7494,143,1,2139.15,1176.53,2025-12
2025-12-20,Social_Retention,Social,Retention,7931.58,15765,384,15,37342.88,20538.58,2025-12
2025-12-20,Email_Prospecting,Email,Prospecting,4616.6,17602,1222,100,193550.05,106452.53,2025-12
2025-12-20,Email_Retention,Email,Retention,4389.83,14296,1001,101,238890.59,131389.82,2025-12
2025-12-20,Display_Prospecting,Display,Prospecting,2448.26,15744,146,2,4705.33,2587.93,2025-12
2025-12-20,Display_Retention,Display,Retention,2366.78,16694,151,5,11630.21,6396.62,2025-12
2025-12-20,Affiliate_Prospecting,Affiliate,Prospecting,5161.53,11632,323,14,34502.7,18976.49,2025-12
2025-12-20,Affiliate_Retention,Affiliate,Retention,2533.48,6793,184,13,23201.61,12760.89,2025-12
2025-12-21,Search_Prospecting,Search,Prospecting,7847.38,8618,272,21,48110.19,26460.6,2025-12
2025-12-21,Search_Retention,Search,Retention,11451.82,10714,412,31,58413.0,32127.15,2025-12
2025-12-21,Social_Prospecting,Social,Prospecting,6443.58,15266,303,9,17300.06,9515.03,2025-12
2025-12-21,Social_Retention,Social,Retention,7368.57,15655,335,12,29475.26,16211.39,2025-12
2025-12-21,Email_Prospecting,Email,Prospecting,1195.66,4902,310,25,54382.02,29910.11,2025-12
2025-12-21,Email_Retention,Email,Retention,4447.79,16259,1151,110,206949.47,113822.21,2025-12
2025-12-21,Display_Prospecting,Display,Prospecting,2123.23,14625,117,0,0.0,0.0,2025-12
2025-12-21,Display_Retention,Display,Retention,1388.18,10139,76,3,5884.13,3236.27,2025-12
2025-12-21,Affiliate_Prospecting,Affiliate,Prospecting,5697.45,14303,379,18,44406.93,24423.81,2025-12
2025-12-21,Affiliate_Retention,Affiliate,Retention,4948.61,13403,345,21,43214.44,23767.94,2025-12
2025-12-22,Search_Prospecting,Search,Prospecting,8170.85,9000,315,13,27367.75,15052.26,2025-12
2025-12-22,Search_Retention,Search,Retention,4867.05,4966,177,13,31678.45,17423.15,2025-12
2025-12-22,Social_Prospecting,Social,Prospecting,6045.14,13070,304,6,13953.3,7674.32,2025-12
2025-12-22,Social_Retention,Social,Retention,4796.25,10004,225,4,7709.01,4239.96,2025-12
2025-12-22,Email_Prospecting,Email,Prospecting,4477.0,14759,1072,84,201948.23,111071.53,2025-12
2025-12-22,Email_Retention,Email,Retention,4843.44,16248,1172,110,247279.7,136003.84,2025-12
2025-12-22,Display_Prospecting,Display,Prospecting,939.2,5889,56,1,2411.85,1326.52,2025-12
2025-12-22,Display_Retention,Display,Retention,1285.15,9605,81,3,5147.35,2831.04,2025-12
2025-12-22,Affiliate_Prospecting,Affiliate,Prospecting,1734.76,4932,115,3,7151.48,3933.31,2025-12
2025-12-22,Affiliate_Retention,Affiliate,Retention,2448.76,5477,166,12,29325.85,16129.22,2025-12
2025-12-23,Search_Prospecting,Search,Prospecting,6998.44,8123,259,12,21583.08,11870.69,2025-12
2025-12-23,Search_Retention,Search,Retention,16179.11,16541,561,30,73077.78,40192.78,2025-12
2025-12-23,Social_Prospecting,Social,Prospecting,5731.15,14015,310,11,25362.11,13949.16,2025-12
2025-12-23,Social_Retention,Social,Retention,4461.26,10221,224,1,1795.0,987.25,2025-12
2025-12-23,Email_Prospecting,Email,Prospecting,2101.82,7375,511,30,67699.34,37234.64,2025-12
2025-12-23,Email_Retention,Email,Retention,4721.22,16035,1112,91,155825.76,85704.17,2025-12
2025-12-23,Display_Prospecting,Display,Prospecting,2550.89,15185,153,2,3641.73,2002.95,2025-12
2025-12-23,Display_Retention,Display,Retention,930.19,5857,55,1,2049.59,1127.27,2025-12
2025-12-23,Affiliate_Prospecting,Affiliate,Prospecting,6016.71,12959,376,18,40256.9,22141.3,2025-12
2025-12-23,Affiliate_Retention,Affiliate,Retention,4720.34,10893,301,17,40269.4,22148.17,2025-12
2025-12-24,Search_Prospecting,Search,Prospecting,4149.07,4358,135,8,18920.56,10406.31,2025-12
2025-12-24,Search_Retention,Search,Retention,12255.01,13713,477,30,70103.7,38557.04,2025-12
2025-12-24,Social_Prospecting,Social,Prospecting,4111.42,7971,206,7,13234.46,7278.95,2025-12
2025-12-24,Social_Retention,Social,Retention,4296.63,9377,220,5,9116.52,5014.09,2025-12
2025-12-24,Email_Prospecting,Email,Prospecting,5483.71,17875,1301,95,223810.3,123095.67,2025-12
2025-12-24,Email_Retention,Email,Retention,4952.68,17818,1192,115,221235.09,121679.3,2025-12
2025-12-24,Display_Prospecting,Display,Prospecting,1678.98,10676,103,1,2335.55,1284.55,2025-12
2025-12-24,Display_Retention,Display,Retention,2439.64,14773,141,5,11797.96,6488.88,2025-12
2025-12-24,Affiliate_Prospecting,Affiliate,Prospecting,4374.0,11227,303,7,15695.48,8632.51,2025-12
2025-12-24,Affiliate_Retention,Affiliate,Retention,4603.63,12445,292,24,50747.21,27910.97,2025-12
2025-12-25,Search_Prospecting,Search,Prospecting,5989.81,6545,217,7,13250.91,7288.0,2025-12
2025-12-25,Search_Retention,Search,Retention,9837.15,10008,362,19,45181.68,24849.92,2025-12
2025-12-25,Social_Prospecting,Social,Prospecting,3238.57,7011,152,0,0.0,0.0,2025-12
2025-12-25,Social_Retention,Social,Retention,6074.83,12696,285,9,19515.01,10733.26,2025-12
2025-12-25,Email_Prospecting,Email,Prospecting,1434.42,5348,396,30,67713.82,37242.6,2025-12
2025-12-25,Email_Retention,Email,Retention,2629.29,9039,650,48,108464.17,59655.29,2025-12
2025-12-25,Display_Prospecting,Display,Prospecting,1858.23,14472,115,2,4365.94,2401.27,2025-12
2025-12-25,Display_Retention,Display,Retention,1963.6,14911,122,2,4506.22,2478.42,2025-12
2025-12-25,Affiliate_Prospecting,Affiliate,Prospecting,2684.97,6544,172,10,21016.61,11559.14,2025-12
2025-12-25,Affiliate_Retention,Affiliate,Retention,2406.5,5264,158,9,15162.57,8339.41,2025-12
2025-12-26,Search_Prospecting,Search,Prospecting,13025.13,13802,473,14,29495.88,16222.73,2025-12
2025-12-26,Search_Retention,Search,Retention,6546.96,5918,220,15,29113.93,16012.66,2025-12
2025-12-26,Social_Prospecting,Social,Prospecting,7963.52,17321,402,9,18235.14,10029.33,2025-12
2025-12-26,Social_Retention,Social,Retention,3782.33,8376,189,11,28267.32,15547.03,2025-12
2025-12-26,Email_Prospecting,Email,Prospecting,4845.32,17881,1260,86,196553.87,108104.63,2025-12
2025-12-26,Email_Retention,Email,Retention,3955.9,14679,1022,96,206016.81,113309.25,2025-12
2025-12-26,Display_Prospecting,Display,Prospecting,2449.7,16954,146,4,6919.48,3805.71,2025-12
2025-12-26,Display_Retention,Display,Retention,2381.73,15250,145,3,6140.94,3377.52,2025-12
2025-12-26,Affiliate_Prospecting,Affiliate,Prospecting,4718.27,12639,324,13,26873.41,14780.38,2025-12
2025-12-26,Affiliate_Retention,Affiliate,Retention,2496.31,6063,169,10,21117.74,11614.76,2025-12
2025-12-27,Search_Prospecting,Search,Prospecting,12729.3,12094,418,22,40030.81,22016.95,2025-12
2025-12-27,Search_Retention,Search,Retention,5317.6,5964,189,12,20706.98,11388.84,2025-12
2025-12-27,Social_Prospecting,Social,Prospecting,3751.36,8008,200,5,11232.21,6177.72,2025-12
2025-12-27,Social_Retention,Social,Retention,3050.31,6637,160,2,4468.11,2457.46,2025-12
2025-12-27,Email_Prospecting,Email,Prospecting,1607.62,5821,396,32,72445.33,39844.93,2025-12
2025-12-27,Email_Retention,Email,Retention,5250.97,17637,1260,122,223720.65,123046.36,2025-12
2025-12-27,Display_Prospecting,Display,Prospecting,1127.4,5283,61,0,0.0,0.0,2025-12
2025-12-27,Display_Retention,Display,Retention,1607.31,10946,101,4,8132.74,4473.01,2025-12
2025-12-27,Affiliate_Prospecting,Affiliate,Prospecting,4177.79,10739,309,4,7704.12,4237.27,2025-12
2025-12-27,Affiliate_Retention,Affiliate,Retention,7659.26,17518,485,33,82782.58,45530.42,2025-12
2025-12-28,Search_Prospecting,Search,Prospecting,12029.53,12962,456,23,55881.9,30735.05,2025-12
2025-12-28,Search_Retention,Search,Retention,11008.4,11164,416,27,58976.2,32436.91,2025-12
2025-12-28,Social_Prospecting,Social,Prospecting,3674.73,7154,175,4,9963.88,5480.13,2025-12
2025-12-28,Social_Retention,Social,Retention,4253.59,9017,206,6,14471.48,7959.31,2025-12
2025-12-28,Email_Prospecting,Email,Prospecting,1920.24,7241,505,43,72798.28,40039.05,2025-12
2025-12-28,Email_Retention,Email,Retention,4732.4,17700,1262,106,178645.41,98254.98,2025-12
2025-12-28,Display_Prospecting,Display,Prospecting,993.56,7220,60,1,2021.56,1111.86,2025-12
2025-12-28,Display_Retention,Display,Retention,2652.86,17582,157,1,1894.2,1041.81,2025-12
2025-12-28,Affiliate_Prospecting,Affiliate,Prospecting,2588.49,5612,176,6,11295.11,6212.31,2025-12
2025-12-28,Affiliate_Retention,Affiliate,Retention,1624.11,4515,115,10,19934.44,10963.94,2025-12
2025-12-29,Search_Prospecting,Search,Prospecting,12240.39,10945,406,22,50179.55,27598.75,2025-12
2025-12-29,Search_Retention,Search,Retention,15940.52,17045,608,52,109385.15,60161.83,2025-12
2025-12-29,Social_Prospecting,Social,Prospecting,6296.69,13858,318,10,25426.87,13984.78,2025-12
2025-12-29,Social_Retention,Social,Retention,5602.94,14204,306,10,21009.03,11554.97,2025-12
2025-12-29,Email_Prospecting,Email,Prospecting,4600.14,15613,1064,101,183353.28,100844.3,2025-12
2025-12-29,Email_Retention,Email,Retention,1252.28,4408,291,23,52528.18,28890.5,2025-12
2025-12-29,Display_Prospecting,Display,Prospecting,1958.92,11629,116,1,2074.45,1140.95,2025-12
2025-12-29,Display_Retention,Display,Retention,1959.73,13616,125,2,4848.35,2666.59,2025-12
2025-12-29,Affiliate_Prospecting,Affiliate,Prospecting,2699.79,6593,168,12,20475.82,11261.7,2025-12
2025-12-29,Affiliate_Retention,Affiliate,Retention,6100.16,14590,396,24,54907.85,30199.32,2025-12
2025-12-30,Search_Prospecting,Search,Prospecting,7827.67,8624,263,19,37672.82,20720.05,2025-12
2025-12-30,Search_Retention,Search,Retention,14159.14,14740,513,28,58595.98,32227.79,2025-12
2025-12-30,Social_Prospecting,Social,Prospecting,7915.65,17410,394,6,11153.53,6134.44,2025-12
2025-12-30,Social_Retention,Social,Retention,7172.1,17314,353,10,17737.62,9755.69,2025-12
2025-12-30,Email_Prospecting,Email,Prospecting,2481.69,9302,673,55,98101.26,53955.69,2025-12
2025-12-30,Email_Retention,Email,Retention,3414.8,11078,805,76,158303.93,87067.16,2025-12
2025-12-30,Display_Prospecting,Display,Prospecting,1377.83,10605,83,1,2159.2,1187.56,2025-12
2025-12-30,Display_Retention,Display,Retention,2028.08,11736,114,4,6957.51,3826.63,2025-12
2025-12-30,Affiliate_Prospecting,Affiliate,Prospecting,7008.61,15727,430,15,28174.2,15495.81,2025-12
2025-12-30,Affiliate_Retention,Affiliate,Retention,6437.18,16679,441,24,42318.46,23275.15,2025-12
2025-12-31,Search_Prospecting,Search,Prospecting,10015.84,9653,339,12,27603.3,15181.82,2025-12
2025-12-31,Search_Retention,Search,Retention,12766.12,13949,499,37,84925.93,46709.26,2025-12
2025-12-31,Social_Prospecting,Social,Prospecting,3305.77,7495,163,3,6870.96,3779.03,2025-12
2025-12-31,Social_Retention,Social,Retention,2181.44,4629,107,4,9748.47,5361.66,2025-12
2025-12-31,Email_Prospecting,Email,Prospecting,4654.88,15004,1075,80,171871.61,94529.39,2025-12
2025-12-31,Email_Retention,Email,Retention,4278.14,15467,1060,94,200464.61,110255.54,2025-12
2025-12-31,Display_Prospecting,Display,Prospecting,1117.33,8216,67,0,0.0,0.0,2025-12
2025-12-31,Display_Retention,Display,Retention,1363.39,10866,85,2,4066.21,2236.42,2025-12
2025-12-31,Affiliate_Prospecting,Affiliate,Prospecting,5147.65,13256,325,16,35799.47,19689.71,2025-12
2025-12-31,Affiliate_Retention,Affiliate,Retention,1716.35,5356,122,3,6103.88,3357.13,2025-12
